Transaction ID,Date of Purchase,Time of Purchase,Purchase Type,Payment Method,Railcard,Ticket Class,Ticket Type,Price,Departure Station,Arrival Destination,Date of Journey,Departure Time,Arrival Time,Actual Arrival Time,Journey Status,Reason for Delay,Refund Request
438d555b-8f16-4170-b20b,2024-03-06,20:59:16,station,None,,Standard,off-peak,53.0,london kings cross,York,2024-03-06,22:15:00,12:05 AM,00:05:00,OnTime,,false
572298BC-1D7E-4700-9912,2024/01/30,06:04:26,Online, Credit Card,,Std, Anytime  ,70.0,London Kings Cross,York,30-01-2024,07:30:00,09:20:00,09:20:00, On Time,N/A,0
b184410b-aee8-40cd-9cc2,2024-02-09,20:26:48, Station, Contactless,,Standard,Advance,£35.00,London Kings Cross,York  ,15/02/2024,17:45:00,7:35 PM,,Canceled,Technical Issue,No
6d0eaf04-359b-4378-968e,16/01/2024,06:12:08,ONLINE,n/a,,First Class,Anytime,59.0,Reading,SWINDON,2024-01-16,07:30:00,08:15:00,08:15:00, On Time,,0
6e82275afc18482d8c05,01/04/2024,17:29:34, Station,Contactless,,Standard,Anytime  ,,london st pancras  ,BIRMINGHAM NEW STREET,01/04/2024,18:45:00,20:05:00,20:05:00,On Time,,N
231A88F7-760F-4C3F-A130,2024-02-19,15:09:29,station,Contactless,Senior,Std,Advance,£2.00,Manchester Piccadilly,liverpool lime street,02/20/2024,1:30 PM,2:00 PM,14:00:00,On Time,,no
ca518dd2-df7a-4b0a-892e,"January 19, 2024",19:30:07,Online,Credit Card,NULL,Standard  ,advance,2.0,manchester piccadilly,LIVERPOOL LIME STREET,05-02-2024,18:45:00,7:15 PM,19:15:00,OnTime,,No
D8731609-F124-44B6-ADFE,03/02/2024,21:37:47,online,Credit Card,,Standard,Advance,7.0,London Euston,Birmingham New Street,08-02-2024,20:00:00,21:20:00,21:20:00, ON TIME,N/A,no
4b5f72d0-74b4-4312-babc,13-01-2024,10:54 AM,Online  ,Contactless,Senior,Standard,advance,2.0,manchester piccadilly, Liverpool Lime Street,14-01-2024,09:15:00,9:45 AM,,Cancelled, Technical Issue,no
9f14e1a0-e6da-4495-b45f,2024-02-07,06:01:41,Online,CC, senior,Standard,anytime,11.0,Liverpool Lime Street  ,Crewe,2024/02/07,07:30:00,08:05:00,8:05 AM,On-Time,,No
6485dc6b-433b-4ea0-a52b,2024-03-19,02:50:47,Station,CONTACTLESS,Disabled  , First Class,Off-Peak,10.0, Liverpool Lime Street,Manchester Piccadilly,2024-03-19,04:15:00,04:45:00,04:45:00,On Time,,N
7c7122eb-00f6-4ae8-bfe8,08/04/2024,01:58:15,Online,Contactless,,STANDARD, Advance,3.0,Liverpool Lime Street,Manchester Piccadilly,09/04/2024,00:15:00,12:45 AM,NULL, On Time  ,NULL,false
29195810-0232-49b7-b24f,12-03-2024,00:26:33,STATION  ,CC,,standard,OFF-PEAK  ,15.0,Liverpool Lime Street,LEEDS,"March 12, 2024",01:45:00,3:15 AM,3:15 AM,On Time,,N
4c432a85-cc1e-4c04-a4f2,2024/01/03,07:27:49,Online,Creditcard,,Standard,Anytime,,London Paddington,reading,03/01/2024,07:45:00,08:45:00,08:45:00,On Time,,N
47849daa-ce68-4e1c-a28a,05-04-2024,04:52:26,Online,Contactless,Adult,STANDARD,Anytime,3.0,Manchester Piccadilly,LIVERPOOL LIME STREET,2024-04-05,06:15:00,06:45:00,06:45:00,On Time  ,,No
664195da-ec0a-4703-bc93,24-02-2024,20:21:49,Online, DEBIT CARD  ,,Standard,Advance  ,£21.00,Birmingham New Street  ,London Euston,26/02/2024,6:45 PM,20:05:00,20:05:00,On Time,,0
cadf970c-362c-4e29-bcf8,2024-03-05,00:54:07,Online,NULL,,Standrd, Off-Peak,5.0,LIVERPOOL LIME STREET,Manchester Piccadilly,2024-03-05,02:15:00,2:45 AM,02:45:00,on time,n/a,0
9ea25338-f047-4e34-97e2,2024-01-09,6:06 AM,Station,Contact less,, Standard,ADVANCE,-8.0,LONDON ST PANCRAS,BIRMINGHAM NEW STREET,10/01/2024,4:30 AM,05:50:00,05:50:00, on time,,N
14fa47d5-5894-42c5-9676,04/12/2024,07:58:14,Online,,Senior,Standard,Advance,N/A, Manchester Piccadilly,Liverpool Lime Street  ,13-04-2024,06:15:00,06:45:00,06:45:00, on time,,N
90f239a1-02d8-4ed7-867c,2024-01-07,11:07 PM,Station, Contactless,,Std,Advance,3.0,Liverpool Lime Street,Manchester Piccadilly,2024-01-08,00:30:00,01:00:00,01:00:00,ON TIME,,N
288c3965-ca62-4855-b4f5,2024/01/31,20:27:12,ONLINE  ,Credit Card,,standard,Advance  ,13.0,London Paddington,Reading,2024/02/01,18:45:00,19:45:00,19:45:00,OnTime,,NULL
7b37b509-d1eb-48f1-b065,02-03-2024,07:27:48,Online,Credit Card,Adult,STANDARD,Off-Peak,2.0,Manchester Piccadilly,Liverpool Lime Street,2024-03-02,08:45:00,09:15:00,,Cancelled,TRAFFIC,Y
37501d3c-0e84-4a0a-ab41,2024-01-06,7:17 AM, Online,Credit Card  ,, STANDARD,Off-Peak,-, London Kings Cross,YORK,01/06/2024,08:45:00,10:35:00,10:35:00,ON TIME,,FALSE
dd61cc48-723a-44d9-b3f1,01/30/2024,14:00:41,Online,contactless,,Std,Advance,3.0,Liverpool Lime Street,Manchester Piccadilly  ,02/02/2024,12:30:00,13:00:00,1:00 PM,On-Time,,FALSE
f2667610-9d31-4de1-91a9,23/01/2024,10:32 PM,Online,Credit Card  ,Senior,Standard,ADVANCE,£2.00,Liverpool Lime Street, Manchester Piccadilly,01/24/2024,00:00:00,12:30 AM,00:30:00,On-Time,,no
68fc52ba-29ee-43cc-9171,02/09/2024,15:33:13,Online  ,Contactless,,Standard,Advance  ,8.0,London St Pancras  ,Birmingham New Street  ,10-02-2024,14:00:00,15:20:00,3:20 PM,On Time,,N
2AFC415B-376D-4CAA-A1DA,2024/04/21,08:59:21,Online,Contactless,,Standard,OFF-PEAK,£19.00,London Paddington,Reading,21-04-2024,10:15 AM,11:15:00,11:15 AM,On Time,NULL,0
8b23d34f-851c-4e2a-ba75,08-03-2024,06:36:21,Station,Creditcard,,Standard,ADVANCE  ,8.00 GBP,London St Pancras, birmingham new street,03/09/2024,05:00:00,06:20:00,06:20:00,On Time,,No
3049b728-a488-41e3-94d1,04/12/2024,08:16:09,Online,credit card,,Standrd,advance  ,13.0,London Paddington  , Reading  ,04/13/2024,7:45 AM,08:45:00,08:45:00,on time  ,,0
72ef6894-4ae6-49eb-ad9f,04/06/2024,12:28:09,Online,Credit Card,NULL,Standard,Off-Peak,None,London Euston, Birmingham New Street,06/04/2024,13:45:00,15:05:00,15:05:00,On Time  ,,
ae5b01d2-5fcc-41ce-b2f5,03/02/2024,20:18:39,Online,credit card,,standard,Advance,8.0,London St Pancras,Birmingham New Street,04-02-2024,18:45:00,20:05:00,20:05:00, on time,,no
dceb04dd-0f22-49aa-b78f,02/03/2024,1:02 PM,Station,credit card,Adult,STANDARD,OFF-PEAK,,London Paddington,Reading,02/03/2024,14:30:00,3:30 PM,15:30:00,ON TIME,NULL,FALSE
6de87f1f-2d56-4bef-8767,13/02/2024,20:21:12,Online,Credit Card,,Standrd,advance,£5.00, Birmingham New Street,tamworth,02/21/2024,18:45:00,19:05:00,7:05 PM,On Time,,No
CE1BCACC-C640-42BF-8BE8,26/04/2024,04:51:54,Station,Contactless,,Standard,Anytime,£70.00,London Kings Cross,York,2024-04-26,06:15:00,08:05:00,08:05:00,On Time,,No
f2e36e9c-261c-473d-aff3,01/13/2024,11:53 AM,Online,contactless,,STANDARD,Off-Peak,12.0,London St Pancras, Birmingham New Street,2024/01/13,13:15:00,2:35 PM,14:35:00,On-Time,,FALSE
25214117-245f-43c4-8c4d,2024-03-27,2:58 PM,Online,Credit Crad,,standard, Anytime,13.0,london euston,Birmingham New Street,2024-03-27,4:15 PM,17:35:00,5:35 PM,On Time  ,,false
8E8C8D7E-EDA4-42EF-97F0,27/01/2024,07:59:01,Online,Contactless  ,None, Standard,Off-Peak,3.0,MANCHESTER PICCADILLY,Liverpool Lime Street,27-01-2024,09:15:00,09:45:00,,Delyed,WEATHER,No
c74284b1-1fe7-4a9f-887f,06-02-2024,01:16:59,Online,Contactless,Disabled,Standard, Off-Peak,8.0,york,DURHAM  ,06-02-2024,23:45:00,00:35:00,00:35:00,On-Time,,No
62af5af3-efbe-4ec6-867c,2024-04-25,14:37:35, Online  ,Contactless  ,None,STANDARD,Advance,n/a,manchester piccadilly,Liverpool Lime Street,2024-04-26,13:00:00,13:30:00,13:30:00,On Time,,no
024d3c07-f71c-4f47-a837,04/09/2024,23:00:29, Online, Credit Card,,Standard,Advance,3.0,Manchester Piccadilly,Liverpool Lime Street  ,04/10/2024,21:30:00,22:00:00,22:00:00,On Time,,FALSE
3b0b9d27-009b-4eee-bded,04/18/2024,09:40:50,Online,contactless,,Standard,advance,-6.0, Reading,oxford,19/04/2024,08:00:00,08:25:00,08:25:00,OnTime,,No
2f709810-a6f5-406d-b7ea,18-04-2024,12:08:28,STATION,n/a,,STANDARD,off-peak,19.0, Reading,LONDON PADDINGTON,2024/04/18,13:30:00,13:55:00,1:55 PM,On Time,,N
ba1d8325-d981-405e-9d61,19/01/2024,5:23 PM,Online,Credit Card,,Standard,ANYTIME,16.0,London St Pancras, Birmingham New Street,2024/01/19,18:45:00,20:05:00,8:05 PM,On Time,,FALSE
0dafb7cf-e67e-4754-a6ac,01/28/2024,17:45:42,Online,Contactless  ,Adult,Standard,Advance,None,manchester piccadilly,liverpool lime street,2024-01-29,16:15:00,16:45:00,16:45:00,On Time,,no
199f8159-6f9f-4620-bd7a,"March 22, 2024",10:23:48,Station  ,Credit Card,, standard,OFF-PEAK,£12.00,london st pancras,Birmingham New Street,2024-03-22,11:45 AM,13:05:00,1:05 PM,On Time,,N
FD153FCB-66EF-4495-8D72,03/27/2024,14:51:15,online,Credit Card,,Standard,advance,7.0,London Euston,Birmingham New Street,28-03-2024,1:15 PM,14:35:00,NULL,On-Time,,no
55c1b4a1-142e-4c51-b11f,17-01-2024,05:17:57, Online,CONTACTLESS  ,,First Class,Anytime  ,£19.00,Manchester Piccadilly, Liverpool Lime Street,2024-01-17,06:45:00,07:15:00,07:15:00,On Time,,No
cd7548dc-93c6-4ab7-89cc,03/26/2024,20:53:54,Online,CC,adult,Standard,Advance,2.0,Liverpool Lime Street,manchester piccadilly,27-03-2024,19:15:00,19:45:00,n/a,On Time  ,,no
0eb2ee37-1e71-4ce0-ba67,"April 28, 2024",10:19:27,Station,Credit Card,,First class ,off-peak,80.0,London St Pancras,birmingham new street,2024/04/28,11:45:00,13:05:00,13:05:00,On Time,,FALSE
B2F0B1A1-14CB-4C84-9F82,2024-02-20,08:29:13,Online,Credit Card,,standard,Advance,£13.00, London Paddington,READING,02/21/2024,07:45:00,08:45:00,,cancelled,n/a,No
cd68aca0-55ec-4b37-8634,2024-02-01,17:22:19,Online,Debit Crad, Senior,Standard,Anytime,17.0,London Paddington,reading,01-02-2024,6:45 PM,19:45:00,19:45:00,On Time,,No
AFD42C55-5F1C-4DEF-B075,2024-04-30,00:20:19, Station, contactless,,Std,Off-Peak,53.0,london kings cross,York  ,30-04-2024,01:45:00,03:35:00,03:35:00,on time,,no
8ef92c95-8156-42c7-bcc7,11/03/2024,3:00 AM,Station,Credit Card,,Std,Off-Peak  ,12.0,LONDON ST PANCRAS,Birmingham New Street,11/03/2024,04:30:00,5:50 AM,05:50:00,On Time,,No
FF6D7E48-B05C-4A09-8E42,12-01-2024,7:24 AM, Online,CREDIT CARD,,Standard,ANYTIME,35.0,london paddington,Oxford,2024-01-12,07:45:00,09:15:00,09:15:00,on time,,0
93a334c1-ec57-4599-8f6e,14-01-2024,05:07:53,Online,CREDIT CARD,,Standard, off-peak  ,10.0,London Euston  ,Birmingham New Street,2024-01-14,06:30:00,07:50:00,07:50:00, ON TIME,,0
2e776ef9-5846-4a55-be89,20-03-2024,22:11:20,Online,Contacless,, standard,Advance,6.0, Reading,Oxford,03/21/2024,20:30:00,20:55:00,,On-Time,,N
03c7eece-c96e-46b6-a0f7,2024/03/17,18:11:31,Online  ,Contact less,,Standard,advance,7.0, London Euston,BIRMINGHAM NEW STREET  ,18-03-2024,4:30 PM,17:50:00,17:50:00,On Time,,FALSE
ee22e7ec-acbc-4b3e-bbbf,11/01/2024,09:23:06,STATION,Credit Card  ,,Standard,Off-Peak,4.0,Manchester Piccadilly  , Liverpool Lime Street,"January 11, 2024",10:45:00,11:15:00,11:15:00,On-Time,,false
78983068-8517-413d-a297,2024/02/04,09:37:38, Online,CC,, Standard,Advance,13000.0, London Paddington,reading,2024-02-20,08:00:00,09:00:00,9:00 AM,On Time,N/A,FALSE
00e83427-ac5c-4440-8cc3,2024/02/02,17:25:16,Online, credit card,,Standard,Advance  ,3.0,Manchester Piccadilly,Liverpool Lime Street,02/22/2024,14:45:00,15:15:00,15:15:00,On Time,,0
aa629304-3f4c-4ddd-9b82,2024-04-28,00:43:28,Online,Credit Card  ,disabled,Standard,Off-Peak,35.0,London Kings Cross,york,04/28/2024,02:00:00,03:50:00,3:50 AM,On-Time,,FALSE
dfe388f6-29c6-47ce-96cf,02/09/2024,05:07:31,Online, credit card  ,Disabled, standard,Anytime,29.0,BIRMINGHAM NEW STREET,London St Pancras,2024-02-09,6:30 AM,07:50:00,07:50:00,On Time,,FALSE
106a9fc2-d4b5-49d0-9065,01/21/2024,9:32 AM,Station  ,credit card,, Standard,Advance,-21.0,birmingham new street,London Euston,22-01-2024,08:00:00,9:20 AM,09:57:00,Delyed, Weather,0
4c264024-7a5b-45d9-99de,04/30/2024,4:12 PM, Station  ,CREDIT CARD,,Std,Anytime  ,-10.0,Birmingham New Street,TAMWORTH,"April 30, 2024",5:45 PM,18:05:00,, Cancelled,N/A,false
519f5c20-b5f6-4157-8a2e,"February 07, 2024",08:32:13,Online,Credit Card  ,,Standard,ADVANCE,13.0,London Paddington,Reading,08/02/2024,07:00:00,08:00:00,8:00 AM,On Time,,No
f78ac1f1-aa67-478d-b08a,2024/03/21,10:32:00, Online,NULL,, Standard, Advance,3.0,Manchester Piccadilly,Liverpool Lime Street,2024/03/22,09:00:00,09:30:00,09:30:00, On Time,NULL,0
80779780-7e1d-4410-9ae4,01/31/2024,15:01:02,Station,Contactless,ADULT,Standard  ,Anytime,17.0,LONDON PADDINGTON,READING,31/01/2024,16:30:00,5:30 PM,17:30:00,ON TIME  ,,No
a75e783e-6da5-41be-801f,21/04/2024,08:20:55, Online  ,CC,,Standard,Advance,18.0,London Paddington,OXFORD  ,2024-04-22,07:45:00,09:15:00,09:15:00,On Time,,0
871ce0d1-28e8-4067-af6b,10-03-2024,06:31:41,Station  ,Credit Card  ,N/A,Standard,Off-Peak,113.0,Liverpool Lime Street,LONDON EUSTON,10/03/2024,08:00:00,10:15:00,10:15:00,On Time,,no
58a90c70-98e2-4f8d-a8cd,2024-02-22,8:04 AM,Online,Credit Card,,Standard,Advance,6.0,york,doncaster,24/02/2024,06:30:00,7:00 AM,08:29:00,Delayed,Traffic,false
29ba9be7-096e-4bc3-8974,14-04-2024,17:07:06,ONLINE,Credit Card,Disabled,First Class  , ADVANCE,35.0, London Euston, Birmingham New Street,15/04/2024,15:30:00,16:50:00,16:50:00,On Time,,FALSE
c12e2eb8-bf2f-4a4c-b3f5,01/19/2024,4:00 AM,Online,CONTACTLESS,,STANDARD,advance,72.0,London Euston, manchester piccadilly,20-01-2024,02:30:00,4:20 AM,04:20:00,On Time  ,NULL,false
1ee9d5ce-eea0-4805-b08f,21/03/2024,17:26:24, Online,, senior  ,Standard,Anytime  ,11.0, Liverpool Lime Street,Crewe,21/03/2024,18:45:00,7:20 PM,19:20:00,On Time,,0
2b18c7c9-1f80-4b01-8152,18/02/2024,20:23:45, online  ,Credit Card,,standard,advance,8.0,LONDON ST PANCRAS,Birmingham New Street,2024-02-22,18:45:00,20:05:00,20:05:00,On Time,,no
d3cd1cba-6d39-4091-b263,"February 23, 2024",20:25:38,Online  ,None,,First Class,ADVANCE,£14.00,Birmingham New Street,NUNEATON,02/26/2024,18:45:00,19:05:00,7:05 PM,On-Time,,no
354e3408-3d61-4184-ae61,"April 19, 2024",6:50 PM,online,contactless,,Standard,off-peak,,London Euston  , Birmingham New Street,19-04-2024,8:15 PM,21:35:00,21:35:00,On Time,,No
03d619d6-6617-4c62-945f,2024/04/02,6:55 PM,Online  , Credit Card,Disabled, Standard, Off-Peak,-,Manchester Piccadilly,LIVERPOOL LIME STREET,2024-04-02,20:15:00,20:45:00,20:45:00,On Time,,no
e1156dac-9556-4dd5-9582,2024/01/14,4:08 PM, online,Credit Card,NULL,Standard,Off-Peak,-3.0,Liverpool Lime Street, Manchester Piccadilly,2024/01/14,17:30:00,18:00:00,6:00 PM,on time,,N
daf89971-49ef-43dd-abff,01/03/2024,08:09:42,Online,credit card,,Standard,ADVANCE,7.0,BIRMINGHAM NEW STREET,Nuneaton,04-01-2024,6:30 AM,6:50 AM,06:50:00,On-Time,,no
7613ccfc-d5c0-4db1-bc15,2024-03-09,17:25:29,Online,n/a,,1st Class,Off-Peak,80.0,London St Pancras,Birmingham New Street,03/09/2024,18:45:00,20:05:00,20:05:00,ON TIME,,no
0bf256fd-f703-4789-be3d,2024-02-18,8:02 AM,Online,CC,Disabled,Standrd,Advance,15.0,Birmingham New Street  ,London St Pancras,2024-02-19,6:30 AM,7:50 AM,07:50:00,On Time  ,-,no
8e35f8ce-e83a-4b76-80d4,12-01-2024,9:39 AM,Station,Credit Card,,Standard,Advance,NULL,Liverpool Lime Street  ,london euston,2024-01-13,08:00:00,10:15:00,11:10:00,Delayed, weather,FALSE
14792F87-D2AD-47BE-8CDB,2023-12-31,20:21:58,Online,Credit Card,,Standard,ADVANCE,5.0,Birmingham New Street  ,Tamworth,01-01-2024,18:45:00,19:05:00,19:05:00,ON TIME,,false
031993ea-bbb5-455d-ad22,04/12/2024,14:46:41,Online,Credit Card,n/a,STANDARD,Anytime,6.0,liverpool lime street,Manchester Piccadilly,12/04/2024,16:15:00,16:45:00,16:45:00, ON TIME,,FALSE
f8bf444f-2ed9-4eb3-b893,2024/04/02,15:37:52,Station,,,FIRST CLASS,ADVANCE,27.0,London Paddington,Reading,2024-04-03,14:00:00,15:00:00,15:00:00,On-Time,,no
8F2F95AA-C757-4B83-A75A,01/25/2024,00:23:30, Online,CONTACTLESS,,STANDARD,Off-Peak,53.0,London Kings Cross,York,25-01-2024,01:45:00,03:35:00,03:35:00,On Time,,N
d19862dd-f1ae-49f5-88c9,2024-04-10,12:03:13,STATION, Contactless,senior,STANDARD,Off-Peak,£3.00,MANCHESTER PICCADILLY,Liverpool Lime Street,"April 10, 2024",13:30:00,14:00:00,2:00 PM,On Time  ,,FALSE
509a0519-3313-4688-8d4f,2024/02/03,9:09 AM,Online,Credit Card,,Standard,Advance,3.0,London Paddington,London Waterloo,2024-02-04,07:30:00,9:00 AM,09:00:00,On Time,,no
1b9cd58e-7730-4ff1-b17f,2024-02-02,08:21:31,Online, credit card,,Standard, Advance,3.0,Liverpool Lime Street,Manchester Piccadilly,02/03/2024,06:45:00,7:15 AM,07:15:00,ON TIME,None,-
003e012b-4bbc-40a4-8c11,02-02-2024,5:03 PM,online  ,contactless,,standard,Advance,13.0, London Paddington, Reading,2024-02-16,15:30:00,4:30 PM,16:30:00, ON TIME,,No
fe2e4fae-317e-4f5c-928f,"April 28, 2024",00:05:04,Online,CREDIT CARD,,standard, Off-Peak,5.0,Liverpool Lime Street,Manchester Piccadilly  ,28/04/2024,22:30:00,23:00:00,None,OnTime,,false
e5d1511a-fbf5-4b83-9e11,2024-03-15,2:58 PM,Station,Contactless, adult,Standard,Anytime,17.0,London Paddington,Reading,03/15/2024,4:15 PM,17:15:00,,On Time  ,,false
4968906e-4d55-43ed-b652,04/09/2024,00:34:58,Online,,Disabled,Standrd,Advance,£24.00,london kings cross, Edinburgh Waverley,04/11/2024,16:00:00,20:20:00,, cancelled, weather,0
75e302d2-341f-414b-81cc,2024/03/22,16:00:20, STATION,Credit Card,,First Class, Anytime,21.0,Birmingham New Street,Tamworth  ,"March 22, 2024",17:45:00,18:05:00,6:05 PM,On Time  ,,FALSE
83a93431-18b4-4442-9a8f,2024-01-31,11:56 AM,Station  ,Contactless,Senior,Standard  ,Off-Peak,3.0,Manchester Piccadilly,Liverpool Lime Street,01/31/2024,13:15:00,13:45:00,NULL,ON TIME,,FALSE
49470118-29A8-4467-9178,04-03-2024,19:32:28,online,None,SENIOR  ,First class ,Advance,6.0, Manchester Piccadilly,Liverpool Lime Street,2024-03-05,18:45:00,7:15 PM,19:15:00,OnTime,,no
1d09b711-310a-4501-a90c,2024/01/31,1:40 PM,ONLINE,contactless,Adult,FIRST CLASS,advance,,Manchester Piccadilly,leeds,2024/02/01,12:00:00,12:45:00,12:45:00, On Time,,0
764d2187-d83f-4f28-9537,2024-01-31,17:47:23,Online  ,Credit Card,n/a,Standard,Advance,3.0,Liverpool Lime Street,Manchester Piccadilly,01/02/2024,16:15:00,4:45 PM,N/A,OnTime,,N
147272e4-419d-40eb-8589,"March 13, 2024",20:24:16,ONLINE,Credit Card,,Standard, ADVANCE  ,9.0,Reading,Swindon  ,2024-03-14,17:45:00,6:30 PM,18:30:00,On Time,,0
fe219d02-65a0-4a97-a5b4,14/02/2024,08:00:43,station,CREDIT CARD,, Standard  ,Advance,,London St Pancras,Birmingham New Street,02/15/2024,06:30:00,07:50:00,07:50:00,on time,,no
8365b652-ba3b-47e8-b06c,07-02-2024,6:12 AM,Online,Credit Crad,,Std,Anytime,n/a, READING  ,SWINDON,2024-02-07,07:30:00,08:15:00,08:15:00, On Time,,false
485894ae-007c-41d9-a833,03/03/2024,1:15 AM,Online, CONTACTLESS,,Standard,Off-Peak,4.0,Manchester Piccadilly,LIVERPOOL LIME STREET,2024-03-03,02:45:00,03:15:00,3:15 AM, On Time,,no
e175dc07-8e68-4fa0-9d0b,05-04-2024,12:33 PM, ONLINE,contactless,,Standard  ,ADVANCE,8.0,London St Pancras,Birmingham New Street,2024-04-06,11:00 AM,12:20 PM,None,On Time,N/A,no
ff27de94-7a94-417e-9e8d,2024-02-10,12:29 AM,Online,Contactless,DISABLED  ,Standard,advance,-24.0,London Kings Cross,edinburgh waverley,16-02-2024,16:00:00,20:20:00,20:20:00,OnTime,,No
da94a992-0c6f-4d02-9df1,2024-01-06,5:30 PM, Station,Credit Card,,Standrd,Off-Peak,12.0,London St Pancras,Birmingham New Street,2024-01-06,19:00:00,20:20:00,20:20:00,On Time,N/A,false
b49164b7-1677-4ce9-9392,2024-04-21,00:33:00, Online,Contactless,Disabled,FIRST CLASS,Advance,48.0,London Kings Cross, Edinburgh Waverley  ,"April 23, 2024",16:00:00,8:20 PM,20:20:00,On Time  ,,no
36f81c4d-b306-4e76-8052,2024-01-25,18:16:29,online  ,Credit Card,Senior,Std,Anytime,£3.00, Manchester Piccadilly,Liverpool Lime Street,25/01/2024,18:45:00,19:15:00,19:15:00,OnTime,,No
B21C66CA-861A-4D7C-BF8F,2024/02/09,15:49:07,Online,,Disabled,Standard,Anytime,17.0,London Paddington,reading,2024/02/09,17:15:00,18:15:00,18:15:00,On Time,,0
42b6275d-7a6f-462c-b61a,03/14/2024,12:05 PM,Station,Contactless  ,N/A,Standard,Off-Peak,3.0,Manchester Piccadilly,Liverpool Lime Street,14-03-2024,13:30:00,14:00:00,14:00:00,On-Time,,No
95c763f6-756f-4102-8a19,01/02/2024,5:21 PM,station,NULL,Adult,Std,Anytime,-11.0, London St Pancras  ,BIRMINGHAM NEW STREET,2024-02-01,18:45:00,20:05:00,20:05:00,ON TIME,,
31c5dbfe-407e-4f66-8d88,03/10/2024,17:19:14, Online, CREDIT CARD,,Standrd, Off-Peak  ,107.0,LONDON EUSTON,Manchester Piccadilly,"March 10, 2024",18:45:00,20:35:00,8:35 PM,On Time,,no
7fc307d9-41ca-4de5-bd0c,2024-03-10,09:00:17,Online,NULL,N/A,Standard, Off-Peak,3.0,manchester piccadilly,Liverpool Lime Street,10/03/2024,10:30 AM,11:00:00,11:00:00,On Time,,no
8ccfa8ec-8224-44b7-a93d,05/02/2024,17:44:47,Station,CC,ADULT,Standard,Advance,23.0,London Kings Cross,YORK,02/08/2024,16:00:00,17:50:00,17:50:00,OnTime,,N
1749282c-f1e5-4a4e-b951,16-03-2024,14:43:40,Station,N/A,ADULT,Standard,Off-Peak,35.0,London Kings Cross,York,2024-03-16,16:00:00,17:50:00,5:50 PM,On Time,,No
7d7e315a-08d1-415b-8243,07-02-2024,19:33:25,Station,NULL,Adult,Std,ADVANCE,4.0,LONDON EUSTON,Birmingham New Street,09/02/2024,17:45:00,7:05 PM,19:05:00,On-Time,,false
cc22187d-670e-4c0a-b274,08-02-2024,4:03 PM,Station,Debit Crad,,standard,Advance,76.0,Liverpool Lime Street,LONDON EUSTON  ,2024-02-09,15:30:00,17:45:00,17:49:00,Delayed  ,Staffing,Y
dddc4b32-6fb1-4dcf-8d80,23-04-2024,16:07:59,Station,Credit Crad,,Standard  , Anytime  ,5.0,Manchester Piccadilly,liverpool lime street,23-04-2024,17:45:00,6:15 PM,18:15:00,On Time,,no
89ef34ab-000e-41be-b5e0,04-04-2024,7:52 AM,Online,None,Disabled,Standard  ,anytime  ,48.0,LONDON KINGS CROSS, Edinburgh Waverley,04-04-2024,16:00:00,20:20:00,20:20:00,On Time,,No
a6bba9ca-d119-4f5f-8def,2024-03-07,15:48:56, online, Credit Card,,STANDARD,Anytime,70.0,london kings cross  ,YORK,07-03-2024,17:15:00,7:05 PM,19:05:00,ON TIME,NULL,FALSE
03c5936a-3980-420f-a0fe,04-01-2024,6:08 AM, Online,credit card,,Standard  ,ANYTIME,£70.00,London Kings Cross,York,01/04/2024,07:30:00,9:20 AM,,Cancelled,NULL,no
2255fafb-08b1-48d4-a55f,01/11/2024,20:28:10,STATION,Contacless,,STANDARD,Advance,£35.00,london kings cross  ,York,2024-01-12,17:45:00,19:35:00,,Cancelled,SIGNAL FAILURE,FALSE
90d7e699-6794-4106-819c,02-03-2024,22:35:08,online,Contact less,Adult,Standard,ADVANCE,,Manchester Piccadilly,Liverpool Lime Street,03/03/2024,12:00 AM,00:30:00,12:30 AM,ON TIME,,No
803f514e-11a9-4eb0-8f67,2024-03-22,05:48:32,Station,CONTACTLESS,None, Standard,Advance,2.0,Liverpool Lime Street,Manchester Piccadilly,03/23/2024,4:15 AM,04:45:00,04:45:00, on time,,FALSE
bbb2cb90-0d9a-42b0-a7a5,2024-03-28,20:11:42,station,Contactless,,standard,Advance,13.0,London Paddington,Reading,03/29/2024,18:30:00,19:30:00,19:30:00, On Time,,N
f575029f-f95c-43a1-8b33,2024/01/19,03:03:09,Online  ,CREDIT CARD,, Standard,Off-Peak,128.0, Manchester Piccadilly,London Paddington,01/19/2024,04:30:00,6:45 AM,6:45 AM,On Time,,false
bdbb00eb-3e37-499b-b3f5,2024/04/09,06:43:33, Online,Credit Card,Adult  , Standard, ANYTIME,3.0,Manchester Piccadilly,LIVERPOOL LIME STREET,09-04-2024,08:00:00,08:30:00,08:30:00,On Time,,No
5e4c487f-70ca-460b-b7d4,08/02/2024,4:13 PM,Station  ,CREDIT CARD,,STANDARD,anytime,N/A,manchester piccadilly,Liverpool Lime Street  ,2024-02-08,17:45:00,18:15:00,7:16 PM,Delayed,WEATHER CONDITIONS,FALSE
542eb607-bd14-4462-b9bf,2024-04-06,3:38 PM,Station,Contactless,Disabled,STANDARD,off-peak,8.0, London St Pancras,Birmingham New Street,2024-04-06,17:00:00,18:20:00,18:20:00,On Time,-,N
8d71c2b2-44b8-47f3-bf47,2024-01-15,19:47:40,Station,Credit Crad,,Standard,Off-Peak,10.0,London Euston,Birmingham New Street,2024-01-15,9:15 PM,10:35 PM,22:35:00,On Time,,no
68667742-7886-417c-a963,2024-04-27,09:07:37,online,-,,Standard,Advance,6.0,York,doncaster  ,28-04-2024,7:30 AM,08:00:00,08:00:00,OnTime,,FALSE
32fff46d-c2fb-4839-8ec4,2024-04-24,17:25:09,Online,Contactless,,First Class  , Anytime,19.0,Manchester Piccadilly,Liverpool Lime Street,04/24/2024,18:45:00,19:15:00,19:15:00,On Time,,no
c8c566b1-18d0-4da6-a3cc,13-04-2024,11:24:36,Station,Contactless  ,,Standard  ,advance,£13.00,London Paddington  ,Reading,14-04-2024,09:45:00,10:45:00,10:45:00,on time,,N
1D59172A-B2B0-494F-940B,27-03-2024,23:56:41,Station,CONTACTLESS,,Standrd, Advance,-7.0, London Euston,Birmingham New Street,2024-03-28,22:15:00,23:35:00,11:35 PM,On-Time,,false
e22a21f4-3115-483b-8e9a,2024-03-05,07:17:37,Online,Contactless,,Standrd,Anytime  ,25.0, London Paddington  ,Reading  ,03/05/2024,08:45:00,09:45:00,09:45:00,On Time,,false
df29dff3-2a8d-4e73-98f1,2024-02-23,09:12:46,Online, Credit Card,,Standard  ,Advance,9.0,reading,Swindon  ,"February 24, 2024",07:30:00,08:15:00,8:15 AM,On Time,,0
d57c411a-9419-4f1e-8def,2024/04/09,08:21:36,Online,Credit Card  ,,first class,Advance,32.0,London Paddington,oxford,04/10/2024,07:45:00,9:15 AM,09:15:00,OnTime,n/a,FALSE
cef45b7a-72db-4d95-a753,03/08/2024,14:56:10,station,Contactless,SENIOR, Standard  , ADVANCE  ,2.0,Manchester Piccadilly  ,Liverpool Lime Street,2024-03-09,1:15 PM,13:45:00,13:45:00,OnTime,,No
4fc75325-2851-4a8c-a8e1,04/08/2024,10:23 AM,Station  ,Contactless,NULL,First class ,Advance,35.00 GBP,LONDON EUSTON  ,birmingham new street,04/09/2024,08:45:00,10:05:00,10:05:00, On Time,,N
bb6fa975-90a6-41fa-9fe3,18/04/2024,5:46 AM,online,Creditcard,,Standard  ,ANYTIME,,London Euston,Birmingham New Street,18/04/2024,07:15:00,08:35:00,-,ON TIME  ,None,0
55416faa-682a-44b1-bcb8,2024-04-12,08:03:05,station, Credit Card,,Standard,Advance,3.0,Manchester Piccadilly,Liverpool Lime Street,04/13/2024,06:30:00,07:00:00,07:00:00,On Time,N/A,false
7ed54c45-9385-43c7-a8bf,2024/04/26,14:12:04, Station  ,Contactless,, Standard,off-peak,19.0,London Paddington,Reading,04/26/2024,15:30:00,16:30:00,4:30 PM,On Time,,FALSE
0d7f1abc-8582-40ae-b652,"April 11, 2024",23:05:15,Station,Credit Card,Adult,Standard, Advance,2.0,LIVERPOOL LIME STREET,Manchester Piccadilly,12/04/2024,9:30 PM,10:00 PM,22:00:00,on time  ,,FALSE
5f932079-5ed4-45fb-936d,2024/03/16,13:33:15, Online  ,Contactless,NULL,Standard  ,Advance  ,,manchester piccadilly  ,liverpool lime street,17/03/2024,12:00:00,12:30:00,12:30:00,On Time,,no
151fb15b-22d2-4916-8e4d,09/02/2024,17:13:19, Online,credit card,DISABLED,Standard, Advance,4.0, London Euston, Birmingham New Street,02/25/2024,15:30:00,16:50:00,16:50:00, On Time,,N
24380df2-d37d-490f-b804,"February 01, 2024",1:00 AM,Online, Credit Card,,Standard  ,Off-Peak,10.0,London Euston,BIRMINGHAM NEW STREET,2024/02/01,11:30 PM,00:50:00,00:50:00,On-Time,,FALSE
c62932d1-5059-4cb5-a26d,2024-02-11,08:18:41,ONLINE,Contacless,,STANDARD  ,advance  ,8.0,LONDON ST PANCRAS,Birmingham New Street,12-02-2024,6:45 AM,08:05:00,08:05:00,On-Time,,FALSE
a8ce95a4-330e-48a3-b5b3,01/11/2024,16:14:48,online  ,Contactless,,Standrd,Advance,3.0,Manchester Piccadilly,Liverpool Lime Street,12-01-2024,2:30 PM,15:00:00,3:00 PM, On Time,,no
9290b76a-51f4-4fe2-b1dc,05/02/2024,08:05:23,Online,Credit Card,,Standard,ADVANCE,7.0,London Euston,BIRMINGHAM NEW STREET,18-02-2024,6:30 AM,7:50 AM,07:50:00,on time  ,,-
5baa75c9-8ab8-4eac-9998,2024-01-02,19:30:04,Station,,,first class,Advance,10.0,MANCHESTER PICCADILLY,Liverpool Lime Street  ,2024/01/03,17:45:00,18:15:00,N/A,On Time,-,FALSE
f7c1f42a-33af-45d0-9026,"April 25, 2024",8:31 PM,station, Credit Card,,STANDARD,Advance,5.0,BIRMINGHAM NEW STREET, Stafford,26-04-2024,17:45:00,6:15 PM,18:15:00,On Time  ,-,N
8ea973a3-322d-4e9e-80e1,04/12/2024,06:06:17,Online, Credit Card,-,STANDARD,anytime,18.0,Reading,Swindon,2024/04/12,07:30:00,08:15:00,8:15 AM,ON TIME,None,FALSE
C60EBAEF-815D-41A5-9857,2024/01/31,05:52:00,Station,Contacless,Adult,Standard,Advance,-4.0,LONDON EUSTON, Birmingham New Street,2024-02-01,04:15:00,05:35:00,5:35 AM,On Time,,0
A6075CA1-48C2-4B41-A373,15-01-2024,06:03:09,Station,N/A,,Standard,advance,8.00 GBP,London St Pancras,Birmingham New Street,2024-01-16,4:30 AM,5:50 AM,5:50 AM,On-Time,,false
741ccd70-0aeb-4488-9565,29/04/2024,17:41:14,Station,Credit Card, adult,standard  ,ADVANCE  ,4.0,London Euston,birmingham new street,30-04-2024,4:00 PM,17:20:00,17:20:00,ON TIME,,No
0aa8a40c-fa38-4946-89a2,"March 10, 2024",18:51:52, Online,CONTACTLESS,Disabled, standard, off-peak,£3.00,Liverpool Lime Street,Manchester Piccadilly,10-03-2024,8:15 PM,8:45 PM,20:45:00,on time,,false
35b8ecf6-28e6-4ea1-8bf9,27/01/2024,16:05:26,station,Credit Card,,Std,Off-Peak,4.0,MANCHESTER PICCADILLY,Liverpool Lime Street,27-01-2024,17:45:00,18:15:00,,cancelled,Staff Shortage  ,No
1a7aa577-c2f3-471f-803f,22/03/2024,20:25:04,Online  ,-,, Standard,Advance,72.0, London Euston,Manchester Piccadilly,2024-03-23,18:45:00,8:35 PM,20:35:00,On Time,N/A,NULL
389cdf41-8c65-460e-8165,25-04-2024,4:08 PM,Station,Credit Card,None, Standard,Anytime,5.0,Manchester Piccadilly,Liverpool Lime Street,25-04-2024,17:45:00,18:15:00,6:15 PM,On Time,,0
fa3851ee-9036-4169-b7a1,2024-04-23,02:47:13,Station,N/A,Adult,Std, off-peak  ,7.0,london euston,Birmingham New Street,23-04-2024,04:15:00,05:35:00,05:35:00,On Time,,0
84732f31-9929-4ede-9abd,"February 09, 2024",16:30:24,ONLINE, credit card,,Standard  ,Advance  ,-8.0,London St Pancras,birmingham new street,02/21/2024,15:00:00,4:20 PM,16:20:00, ON TIME,,N
0f8f0749-96a1-4f9d-8d7f,2024-03-02,17:33:29,Station,CREDIT CARD,adult, Standard,advance,4.0,London Euston,Birmingham New Street,03-03-2024,16:00:00,17:20:00,5:20 PM, on time,,N
7854f079-6dbf-4cf0-bf27,04/01/2024,8:52 PM,Station,,ADULT,standard  ,Off-Peak,72.0,London Euston,Manchester Piccadilly,01/04/2024,10:15 PM,00:05:00,12:05 AM,ON TIME,,N
b6fa86ac-2f67-48e2-b4a7,"January 26, 2024",10:39:13,Online,Contactless,,First Class,Off-Peak,80000.0,london st pancras, Birmingham New Street  ,2024-01-26,12:00:00,13:20:00,1:20 PM, On Time,,FALSE
6DD2F1B5-81C9-418F-8F34,08-03-2024,6:04 AM,Online,Credit Card,,Std,Anytime  ,70.0,London Kings Cross,York,08/03/2024,07:30:00,09:20:00,NULL,On Time,,false
efa62fb9-ed6a-4a48-882d,11-03-2024,05:13:51,online, Credit Card, ADULT,Standard,Advance,£2.00,Manchester Piccadilly,Liverpool Lime Street,2024-03-12,03:30:00,04:00:00,04:00:00,OnTime,,no
9d3c7c15-b280-428c-b952,2024-01-03,18:31:09,Station,Credit Crad,,standard,Off-Peak,19.0,London Paddington,Reading  ,2024-01-03,20:00:00,9:00 PM,n/a,On Time,,no
e3b922a5-43d6-44d3-b9a7,2024-01-18,18:12:43,Online  , Credit Card  ,SENIOR,Standard,Anytime,3.00 GBP,Manchester Piccadilly, Liverpool Lime Street,2024/01/18,18:45:00,19:15:00,7:15 PM,On Time  ,,0
0fe967f3-a3b7-471c-81c5,2024/02/24,6:13 AM, Online,CREDIT CARD,, Standard,advance,-13.0,london paddington,reading,2024-02-25,04:30:00,05:30:00,05:30:00,On Time,,no
f9d7ef8b-6d5c-4679-8cdc,"January 12, 2024",14:51:51, Online,CONTACTLESS,ADULT,1st Class,Anytime,13.0,manchester piccadilly,Liverpool Lime Street,12-01-2024,16:15:00,16:45:00,16:45:00,On Time,,no
F0E9DD85-8DCC-47F5-9F7C,2024/04/11,18:53:59,Online,-,,standard,ADVANCE,N/A,london euston,BIRMINGHAM NEW STREET,12/04/2024,17:15:00,18:35:00,18:35:00,on time,,0
0476cb31-669a-4473-8f68,08/03/2024,14:54:11,Online,Contacless,adult  ,Std,Anytime,31.0, London St Pancras,Leicester,2024-03-08,16:15:00,17:15:00,17:15:00, On Time,,FALSE
4f987ffe-7d1d-4899-9249,01/11/2024,09:43:23,Online,Contactless,N/A,Standard,Advance,-6.0,reading,Oxford,2024-01-12,08:00:00,08:25:00,,On-Time,,no
8063ef91-d880-4c82-b2dd,2024-01-12,07:52:13,ONLINE,CREDIT CARD,Senior,Standrd, advance,2.0, Manchester Piccadilly,Liverpool Lime Street,2024-01-13,06:15:00,06:45:00,06:45:00,On Time,,No
28b4bb84-a574-459b-b894,"January 04, 2024",17:32:52,Station, Contactless,Senior,Standard,Advance  ,2.0,Manchester Piccadilly, Liverpool Lime Street,2024-01-05,16:00:00,4:30 PM,16:30:00, On Time,,N
151e8422-ae2a-49fb-b56d,2024-03-22,04:25:57,Station,Debit Card,Senior,Std,off-peak  ,-84.0,Manchester Piccadilly,London Euston,22-03-2024,09:30:00,11:20:00,11:33:00,Delayed,None,TRUE
33c72772-ae14-4cbe-b39a,"March 02, 2024",09:04:03,Online,N/A,,Standard,ADVANCE,35.0,London Kings Cross, york,03/03/2024,07:30:00,09:20:00,,Cancelled,-,0
a6d8b59c-f754-456b-99fe,02/11/2024,1:03 AM,Online,Contactless,,Standard,Off-Peak  ,107.0,London Euston,Manchester Piccadilly,11-02-2024,02:30:00,4:20 AM,4:20 AM, ON TIME,,false
43f0d26b-4715-4f01-b18b,03-02-2024,17:25:10,Online,Creditcard,,1st Class,off-peak,80.0,London St Pancras,birmingham new street,02/03/2024,6:45 PM,20:05:00,20:05:00,On Time,,false
6d5ffd6a-f1a7-452f-8d7d,2024-01-17,1:31 AM,station,Contactless,DISABLED,Standard,Advance  ,2.0,Liverpool Lime Street,Manchester Piccadilly  ,2024/01/18,00:00:00,00:30:00,12:30 AM, on time,,No
3734c3d7-30d8-4963-8c19,2024-02-11,19:34:49, station,-, Adult,Standard,Advance,,LONDON EUSTON  ,Birmingham New Street  ,"February 12, 2024",17:45:00,19:05:00,19:05:00,On Time,,FALSE
eeb82f7a-c81e-47dc-8594,13/03/2024,10:21:45,station  ,Contacless,,Std,Advance,3.0, LIVERPOOL LIME STREET,Manchester Piccadilly,"March 14, 2024",9:45 AM,10:15:00,10:15:00,On-Time,,N
8d28ab87-2fa4-47b5-8d8b,03/10/2024,2:39 PM,Station,credit card,Adult,STANDARD  ,off-peak,7.0,London Euston, Birmingham New Street,10-03-2024,16:00:00,17:20:00,5:20 PM,ON TIME,,FALSE
5cfbc25d-915e-4837-b097,01/21/2024,14:35:38, Station  ,Debit Card  ,DISABLED  ,Standard,off-peak,7.0, London Euston  ,Birmingham New Street,01/21/2024,4:00 PM,5:20 PM,17:20:00,OnTime,,FALSE
fab194dd-8131-4f10-9ecf,04/01/2024,08:23:04, Station,Credit Card,,standard,Advance,3.0,Liverpool Lime Street,Manchester Piccadilly,01/05/2024,6:45 AM,07:15:00,07:15:00,ON TIME  ,,0
6872553b-0257-4b78-a4dc,2024-02-14,5:29 PM, Station  , Contactless,,Standard  , Advance,£13.00, LONDON PADDINGTON  ,READING  ,20/02/2024,15:45:00,16:45:00,4:45 PM,On Time,,FALSE
fdae8a07-4b7b-436f-a7fc,04/05/2024,1:06 AM,Station,CREDIT CARD,,Standard,advance,8.0,london st pancras  ,Birmingham New Street,"April 06, 2024",23:30:00,00:50:00,n/a,On Time,,FALSE
f3738143-b68b-418b-866f,"January 13, 2024",06:29:29,Online,Contacless,-,Standrd,OFF-PEAK,£10.00, London Euston,BIRMINGHAM NEW STREET,01/13/2024,7:45 AM,09:05:00,9:05 AM,On Time,,No
f2247e31-f36b-47df-a103,2024-02-17,3:47 AM,online,contactless  , ADULT,Standard, Advance,8.0,London Paddington,READING  ,2024/02/18,02:15:00,03:15:00,03:15:00,On-Time,,N
4d1ec970-02e3-4dde-94ba,02/14/2024,05:53:18,Station  ,Contact less, DISABLED,Standard,Advance,2.0,Liverpool Lime Street,Manchester Piccadilly  ,24/02/2024,04:15:00,04:45:00,04:45:00,On Time  ,NULL,No
ebb284b4-36f1-48d4-aaa9,"January 26, 2024",9:42 AM, Online,Credit Card,Adult,Standard  ,ADVANCE,2.0,manchester piccadilly,Liverpool Lime Street,05/02/2024,08:00:00,08:30:00,08:30:00,On Time,,No
905abb1a-6fc7-41e5-a144,03/05/2024,01:15:26,online,CONTACTLESS,,First Class, advance,52.0,London Euston, Birmingham New Street,"March 06, 2024",23:45:00,01:05:00,01:05:00,On Time  ,,false
8d51e19c-a15f-464e-9026,2024-04-20,23:03:01,STATION,CONTACTLESS  ,,standard,ADVANCE,35.0,London Kings Cross,YORK,04/21/2024,00:30:00,2:20 AM,,ON TIME,,FALSE
460df73d-e601-40bf-bc6d,30/01/2024,17:16:11,online,,,Standard,anytime,16.0,london st pancras,Birmingham New Street  ,2024/01/30,18:45:00,20:05:00,20:05:00,ON TIME,,N
00BFAC75-ECA2-49AE-8DAF,2024-01-19,00:14:24,Online,Contactless,disabled  ,Standard,OFF-PEAK,3.0,Liverpool Lime Street,MANCHESTER PICCADILLY,2024-01-19,1:30 AM,02:00:00,02:00:00,ON TIME,,FALSE
427d8535-75fe-42b6-a580,19-03-2024,15:07:56,Station,Contactless,N/A,Standard,Anytime,11.0, Liverpool Lime Street,Sheffield,"March 19, 2024",16:30:00,17:45:00,5:45 PM,On Time,,0
42079bf1-2a67-4068-996f,14-02-2024,07:24:27,Online,Credit Card,,Standard,anytime,n/a,London Paddington,Reading  ,14/02/2024,07:45:00,08:45:00,,cancelled,Traffic,No
8d866024-13fc-468b-af22,2024-01-28,3:19 PM, Station,Credit Card,-,FIRST CLASS,Off-Peak,86.0,London Kings Cross  ,york,01/28/2024,17:45:00,19:35:00,7:35 PM,On Time,,false
8c88fce4-c6e2-447f-b66c,03/12/2024,4:30 PM,Station  ,Credit Card  ,n/a,Standard, Anytime,25.0,London Paddington,Reading,12/03/2024,18:00:00,19:00:00,7:00 PM,On Time,,N
9df81168-db0f-42ba-b9ab,04/04/2024,19:30:20,Station, Credit Card,adult,Standrd,Advance,4.0, London Euston,BIRMINGHAM NEW STREET,2024-04-05,17:45:00,19:05:00,7:05 PM,On Time,,No
D18F3B7F-44BB-4587-9E85,2024/03/31,11:42:27,station,Contactless,,standard,Off-Peak,12.0,London St Pancras,Birmingham New Street,2024-03-31,13:00:00,2:20 PM,14:20:00,On Time,,0
776e0c06-cb16-4e1e-a8f1,12/01/2024,9:45 AM,Station,Credit Card,Adult,Standard,ADVANCE,43.0,London Kings Cross,Liverpool Lime Street,13-01-2024,8:15 AM,10:30:00,10:30:00, ON TIME,,No
ff4ec362-2fa4-458f-a4e1,22-04-2024,08:42:29,ONLINE  ,Credit Card  ,ADULT,Standard,advance  ,2.0,Liverpool Lime Street,manchester piccadilly,23/04/2024,7:00 AM,7:30 AM,,cancelled  ,Traffic,0
92cfbf0f-a1ef-4c69-bf66,01/25/2024,1:23 PM,Online,Contactless  ,,First Class,Advance,NULL,LONDON ST PANCRAS  ,BIRMINGHAM NEW STREET,01/26/2024,11:45:00,13:05:00,13:05:00, On Time  ,,no
38775741-bf38-4151-982d,27-04-2024,3:40 AM,Online,-,,Standrd,Advance  ,3.0,Liverpool Lime Street,MANCHESTER PICCADILLY,28/04/2024,02:00:00,02:30:00,02:30:00,On Time,,N
57611c81-2373-4fea-937c,2024-03-09,11:51 PM,Station,Contactless,,Standard, Advance,£7.00,london euston, Birmingham New Street,2024-03-10,22:15:00,23:35:00,23:35:00,on time  ,,N
366d6d60f9e141cea9e9,28-01-2024,14:32:58,station,contactless, Senior,Std, off-peak,2.0,Manchester Piccadilly  ,LIVERPOOL LIME STREET,28-01-2024,4:00 PM,16:30:00,16:30:00,On Time,,N
de9efa5b-112a-40ef-9d1f,13-03-2024,09:38:37,station,CONTACTLESS,n/a,Standard, Off-Peak,53.00 GBP,London Kings Cross,york,13-03-2024,11:00:00,12:50:00,12:50 PM,on time,,no
C3FCA53F-8B68-40FA-9064,2024-02-11,03:50:35, Online,Contacless,,Standard,Off-Peak,10.0,london euston  ,BIRMINGHAM NEW STREET,02/11/2024,05:15:00,06:35:00,6:35 AM,On Time,,no
9fac2ac6-2248-4e9d-8a58,02-03-2024,5:24 AM,ONLINE,CONTACTLESS,,Standard, off-peak  ,19.0,London Paddington,READING,02/03/2024,06:45:00,07:45:00,07:45:00,On Time,,No
73157224-9c0c-49ea-a82e,13-02-2024,13:38:06,Online,Contactless  ,, Standard,Advance  ,£8.00,London St Pancras, BIRMINGHAM NEW STREET,02/14/2024,12:00:00,13:20:00,13:20:00,ON TIME,,N
60EF43D9-CD59-4F1F-AE98,01/19/2024,17:34:07,Station, Credit Card  ,,Standard, ADVANCE,£35.00,London Kings Cross,York  ,20/01/2024,16:00:00,17:50:00,None,OnTime,,No
6925f7e75f944d9996a8,01/16/2024,14:30:59,Station,Credit Card,,Standrd,Anytime,5.0,Manchester Piccadilly,Liverpool Lime Street,2024-01-16,16:00:00,16:30:00,,On Time,,N
2f593f73-ac8d-44d8-bbef,27/03/2024,01:49:23, station  ,CREDIT CARD, Adult,Std,advance,15.0,BIRMINGHAM NEW STREET  ,LONDON ST PANCRAS,03/28/2024,00:15:00,01:35:00,01:35:00, On Time,,false
E8BD03F4-6B5F-4E1C-8BDA,18/02/2024,23:03:39,Online,Contacless,,Standard,ADVANCE,35.0,london kings cross,York  ,02/19/2024,00:30:00,02:20:00,02:20:00,On Time,N/A,FALSE
d2ee4adc-e581-4adc-b312,24-01-2024,19:32:51,STATION,credit card,, Standard,Advance,3.0,Manchester Piccadilly, Liverpool Lime Street,25/01/2024,17:45:00,18:15:00,18:15:00,On Time  ,,0
47783f8d-254e-42e0-9153,09-02-2024,16:00:04,station,Credit Card,,standard,Anytime,5.0,Manchester Piccadilly,liverpool lime street,2024-02-09,5:45 PM,6:15 PM,18:15:00,On-Time,,FALSE
7a23d38d-6ead-42ee-abf0,26/03/2024,3:18 PM,Online,Credit Card  ,,First Class,advance,10.0,Liverpool Lime Street,Manchester Piccadilly,27-03-2024,1:45 PM,14:15:00,14:15:00,on time,,false
f9eafde4-745c-44c8-b190,2024-01-25,06:58:00,online,Creditcard,,Std, anytime,13.0,London Euston,Birmingham New Street,2024-01-25,08:15:00,09:35:00,09:35:00,On Time,,no
28f1baa0-fd6e-4a10-8340,2024-01-16,15:59:08,online,contactless,,Standard,ANYTIME,25.0,READING,London Paddington  ,2024-01-16,17:15:00,17:40:00,5:40 PM,On Time,,false
d837bc45-90da-4e76-a159,2024-04-10,07:50:27,Online,Debit Card,Senior  ,standard, Advance  ,8.0,London Paddington,Reading,04/11/2024,6:15 AM,7:15 AM,7:15 AM,on time,,0
a03ec893-d5df-45cc-aad1,21-02-2024,00:24:31, ONLINE, Contactless  ,,STANDARD  ,Advance,7.0, London Euston,Birmingham New Street,"February 25, 2024",10:45 PM,12:05 AM,00:05:00,on time,,false
a9dbf185-455f-453b-9e8a,2024-04-22,05:01:50,ONLINE  ,None, DISABLED,Std, Anytime  ,29.0,BIRMINGHAM NEW STREET,London St Pancras,22/04/2024,6:30 AM,07:50:00,NULL,On Time,,
32944673-dfde-41a4-afcf,02/14/2024,16:25:13,Station,Credit Card  ,,STANDARD,Anytime,NULL,London St Pancras, Birmingham New Street,2024-02-14,5:45 PM,19:05:00,19:05:00,OnTime,,0
d336287b-0a27-43d4-8a45,25-02-2024,5:33 AM,Online  ,Credit Card,,Standrd,Advance,3.0,Liverpool Lime Street,MANCHESTER PICCADILLY,2024/02/26,04:00:00,4:30 AM,04:30:00,on time  ,,0
3a81f8c1-2507-487b-9a13,02/01/2024,01:08:36,Station, Contactless,, First Class, Off-Peak,-78.0, London Euston  ,Birmingham New Street,01-02-2024,23:30:00,00:50:00,00:50:00,On-Time,,no
5275cfcf-7329-4ce8-b49e,08-01-2024,21:30:49,STATION,credit card,,first class,Advance,-54.0,London St Pancras,birmingham new street  ,2024/02/04,20:00:00,21:20:00,21:20:00,On Time,,false
babc9dda-cc10-4e89-bcbb,2024-01-13,5:19 PM,Online,credit card,,Standard,off-peak,12.0,London St Pancras,Birmingham New Street,13-01-2024,18:45:00,8:05 PM,8:05 PM,On Time,,
11607a1f-a974-4f47-93ae,01/03/2024,9:38 AM,station,Credit Crad,,standard  ,Advance,n/a,Liverpool Lime Street, London Euston,2024-01-04,08:00:00,10:15:00,,CANCELLED, WEATHER,0
eaca2522-4ccc-4ab0-8988,2024-02-03,09:00:05,Online, Credit Card,N/A,Standard,Advance,34.0,YORK,Peterborough,2024/02/04,07:30:00,8:40 AM,08:40:00,On Time,,0
05fa0670-3926-46c6-b130,2024-01-10,8:17 AM,Online,CC,,Standrd,Advance,18.0,London Paddington,Oxford  ,2024-01-11,07:45:00,09:15:00,09:15:00,ON TIME,,false
c766e082-3cba-454f-8b0c,13-03-2024,10:27:41,online, Credit Card,disabled,Standard,off-peak  ,13.0,London Paddington,Reading,03/13/2024,11:45 AM,12:45:00,12:45:00,on time,,0
f8e711bc-9859-4fa5-8a93,2024/01/28,23:41:09,Online,Credit Card,None,Standard,Advance,13000.0, London Paddington,Reading,01/29/2024,01:00:00,02:00:00,2:00 AM, ON TIME  ,,no
0bfa2eb9-5312-4b22-bc4b,2024-03-15,3:10 PM,Online,Credit Card,,Std,advance,7.0,London Euston,Birmingham New Street,2024/03/16,13:30:00,14:50:00,14:50:00,On Time  ,,false
de7c12f2-dc8a-4d37-a689,2024/03/10,01:29:42, Online,contactless,Disabled  ,standard,Off-Peak,n/a,York,Durham,10/03/2024,11:45 PM,00:35:00,00:35:00,on time,,
c3416ab0-7b29-448d-94e0,02/03/2024,07:45:36, Online,None,Senior,Standard,ADVANCE,8.0,LONDON PADDINGTON,reading  ,04-02-2024,06:15:00,07:15:00,07:15:00, On Time,,N
eac5522d-b409-4845-b749,03/09/2024,09:59:04,online,Contactless,Adult,standard, Advance,23.0,LONDON KINGS CROSS,york,03/10/2024,08:15:00,10:05 AM,10:05:00,On Time,,no
8b014c25f43b491caa54,2024-03-27,09:52:05,station,Credit Crad,,Standard  ,Advance,-4.0,Manchester Piccadilly, SHEFFIELD,28-03-2024,08:15:00,9:00 AM,9:00 AM,OnTime,,no
199C462B-34D3-42D3-A989,"January 24, 2024",7:21 AM,ONLINE,Credit Card,,Standard  ,anytime,25.0,London Paddington  ,Reading,2024/01/24,7:45 AM,08:45:00,08:45:00,On Time  ,,FALSE
0fc08494-7654-46b9-990d,26-01-2024,2:38 PM,STATION,CREDIT CARD  , Adult,First Class,Anytime,69.0,London Euston,Birmingham New Street,2024-01-26,4:00 PM,5:20 PM,5:20 PM,ON TIME,,N
B375C98E-A439-4B87-A51A,2024/01/20,07:17:03,Online  ,Credit Card,,FIRST CLASS,OFF-PEAK,47.0,London Paddington,Oxford,20/01/2024,07:45:00,09:15:00,09:15:00,On Time,,FALSE
de95354a-4115-47b2-be01,2024-03-22,08:07:37,ONLINE,Credit Card,Disabled,Standard, ADVANCE,4.0,York  ,DONCASTER,03/23/2024,06:30:00,7:00 AM,08:20:00,Delayd,Technical Issue,N
1bd82359-95c1-4264-bb27,12/02/2024,08:39:12,Station,credit card  ,None,STANDARD,Advance,£3.00,Manchester Piccadilly,Liverpool Lime Street,2024-02-29,07:00:00,07:30:00,07:30:00,ON TIME,,N
41d9aaac-d5f8-4a3c-9bb8,23/04/2024,5:01 AM,Station,Credit Card,,Standrd,Advance,84.0,Manchester Piccadilly,london euston,2024-04-24,3:30 AM,05:20:00,05:31:00, delayed, Weather Conditions,N
53e81d0d-9530-4458-9ae0,2024/04/17,7:19 AM,Online, Credit Card,,Standrd, ANYTIME,13.0,London Euston, Birmingham New Street,17-04-2024,8:45 AM,10:05 AM,10:05 AM,ON TIME,,FALSE
e6e5a768-89fa-40ae-83f1,01/23/2024,10:34 PM, Station, credit card,Disabled,Standrd,Advance,2.0,Liverpool Lime Street  ,MANCHESTER PICCADILLY,24-01-2024,00:00:00,12:30 AM,00:30:00,OnTime,,No
8b2dffe7-0915-4d92-85be,01/23/2024,20:59:35,Station,Credit Crad,,Standard,ADVANCE,3.00 GBP,Manchester Piccadilly  ,Liverpool Lime Street,2024-01-24,7:15 PM,7:45 PM,7:45 PM,On Time,,false
64d31ee6-1574-48ce-8b4f,14-03-2024,20:25:55, Station,Credit Card,Adult,First Class,Advance,36.0,London St Pancras,Birmingham New Street,2024-03-15,18:45:00,20:05:00,20:05:00,On Time,,N
715520c5-a26d-4892-a539,2024/04/28,17:21:55,ONLINE,n/a,, STANDARD,Off-Peak,107.0,London Euston  ,MANCHESTER PICCADILLY,2024-04-28,18:45:00,20:35:00,20:35:00,On Time,,FALSE
99570952-9e2e-46db-ac4d,2024-01-27,17:31:58,Station  , Credit Card,None,Standard,advance,3.0,Liverpool Lime Street,manchester piccadilly,28-01-2024,16:00:00,4:30 PM,-,OnTime,,no
adb56a43-9724-4760-9a31,04/04/2024,9:03 AM,Online, Credit Card,,Standard, advance,None,York  ,PETERBOROUGH,2024/04/05,07:30:00,08:40:00,08:40:00,OnTime,n/a,false
c70dd7ae0f974aa99e6d,02/17/2024,04:55:02,Online,Debit Card, Senior,Standard, Off-Peak,13.0,London Paddington,Reading  ,"February 17, 2024",06:15:00,07:15:00,07:15:00,On-Time,NULL,0
e335ee0e-5bd4-4b6c-9005,26/04/2024,22:05:20,ONLINE,Contacless,,standard,Advance,7.0,London Euston, Birmingham New Street,2024/04/27,8:30 PM,9:50 PM,NULL,On Time,,No
5a5310df-c43e-46b9-b9ba,02/08/2024,5:54 AM,Station,CREDIT CARD,,Standard,Advance,13.0,LONDON PADDINGTON, Reading,02/10/2024,4:15 AM,5:15 AM,5:15 AM,On Time,,N/A
2F34A35C-4090-4A23-B7D3,2024/03/19,8:24 PM, online,Contacless,,Standard,Advance,3.0,MANCHESTER PICCADILLY,Liverpool Lime Street  ,20/03/2024,6:45 PM,19:15:00,19:15:00,On Time,,0
57075f06-6d51-4c1d-8dce,16/04/2024,13:39:00,Station,Credit Crad,,Standrd,Off-Peak,-19.0,London Paddington,reading,2024-04-16,3:00 PM,4:00 PM,16:00:00,on time,,0
ed63f4a5-ffb0-475f-996b,02/18/2024,12:41:49, Online,Contactless,,Standard,Advance,4.0,Manchester Piccadilly,Sheffield,2024-02-29,11:00 AM,11:45:00,11:45:00,on time,,FALSE
a00f86971ff841759971,2024/02/02,05:42:35,Online  ,Contact less,,Standard,ADVANCE,,London Kings Cross,york,2024-02-11,04:00:00,05:50:00,05:50:00,On Time,,No
FA43404D-F946-4CD4-BA70,05/04/2024,01:40:56,online,Contactless,ADULT,STANDARD,Advance,2.0,Manchester Piccadilly,Liverpool Lime Street,04/06/2024,00:00:00,12:30 AM,00:30:00,On-Time,,false
84d61c02-52d8-400d-b9e6,2024-04-15,06:08:52,ONLINE,Credit Card,,Standard  ,Advance,22.0,birmingham new street,London St Pancras,2024-04-16,04:30:00,05:50:00,,Cancelled  ,Signal Failure,No
04ab94d0-5cc6-4965-a07f,"February 10, 2024",17:38:01,Station,Credit Card,Adult, Standard  , Advance,4.0, London Euston,Birmingham New Street,2024-02-11,4:00 PM,17:20:00,17:20:00,On-Time,,N/A
5cb5981a-e6af-4c4d-be33,28-03-2024,07:25:03,Online  ,None,n/a,Std,Anytime,,Manchester Piccadilly  ,London Euston,03/28/2024,8:45 AM,10:35 AM,10:35:00,ON TIME,-,FALSE
e43b382b-4985-42e8-8ec4,03/23/2024,11:58:27,Station, CONTACTLESS,Senior, First Class,Off-Peak,10.0,Manchester Piccadilly,Liverpool Lime Street,23-03-2024,13:15:00,13:45:00,N/A, On Time,,FALSE
e49408c3-a019-41c3-89d9,2024-03-10,11:43 PM,Station,Contactless  ,,First Class,advance,54.00 GBP,LONDON ST PANCRAS,Birmingham New Street,11/03/2024,22:00:00,23:20:00,23:20:00,On Time,,no
68b06e88-f19e-4b1d-a433,2024/03/10,9:54 AM,STATION,credit card  ,-,Standard,Advance,4.0, London Euston,Birmingham New Street,2024-03-11,08:15:00,9:35 AM,NULL,OnTime,,false
32bb43b5-c6e0-4326-806e,20/02/2024,11:24:15,Station,Contactless,,Standard, Advance,13.0,London Paddington,Reading,02/28/2024,9:45 AM,10:45:00,10:45:00,On Time,,no
F2469E9AAF1F486D8214,16-03-2024,05:58:13,STATION,NULL,ADULT,Standard,Advance,4.0,London Euston  ,Birmingham New Street,17-03-2024,04:15:00,5:35 AM,05:35:00,On-Time,,false
66b5ef58-6e7a-4541-9d04,02/24/2024,21:55:35,Online,Credit Card,Adult  ,Standard  ,Advance  ,8.0,LONDON PADDINGTON,reading,"February 29, 2024",8:15 PM,21:15:00,9:15 PM,on time,,0
1417775b-8a24-4040-9968,02/12/2024,17:25:50,Station,Contactless,None,Standard,Advance,None,MANCHESTER PICCADILLY,Liverpool Lime Street,17-02-2024,3:45 PM,16:15:00,16:15:00,On Time  ,,false
79e46715-e475-4de6-a472,01/09/2024,14:57:35,Online,Contactless,Adult,standard,Anytime,15.0,Birmingham New Street,MANCHESTER PICCADILLY,2024-01-09,4:15 PM,5:35 PM,5:35 PM,ON TIME,,FALSE
5650e6c1-7f29-43fc-b54f,2024/01/22,07:56:42,Online,Debit Card,, Standard, ADVANCE  ,35.00 GBP,London Kings Cross  ,York  ,01/23/2024,06:15:00,08:05:00,08:07:00,Delayed, Technical Issue,No
df39195d-a183-45f1-a526,2024-04-22,06:13:48,ONLINE,Credit Card  ,Disabled,Std,Anytime  ,-7.0,York,doncaster,04/22/2024,07:30:00,08:00:00,08:00:00,On Time,,no
FA6B8525-0B87-41AC-8A4E,01/19/2024,17:27:44,Online,N/A,,Standrd,ANYTIME,10.0,Birmingham New Street,Stafford  ,2024-01-19,18:45:00,7:15 PM,19:15:00, ON TIME  ,,0
16D68032-68CE-4562-B962,2024-03-11,17:29:04,Online,credit card, DISABLED, Standard  ,advance  ,4.0, London Euston, Birmingham New Street  ,"March 12, 2024",15:45:00,5:05 PM,5:05 PM,ON TIME,,0
536f6d45-4588-4261-8c96,03/24/2024,06:19:51, ONLINE, contactless,,Standard,Off-Peak  ,53.0,London Kings Cross, YORK,24-03-2024,07:45:00,09:35:00,09:35:00,On Time  ,,no
be082731-68d5-41bc-a3a7,04/09/2024,14:50:42,Online,CONTACTLESS  ,Adult  ,STANDARD,Anytime,15.0,Birmingham New Street  ,manchester piccadilly,04/09/2024,16:15:00,17:35:00,17:35:00, On Time,,no
6a11bfbd-95cf-4e03-987c,2024-01-13,17:10:55, Station,Debit Card,Adult,Standard,off-peak,84.0,Manchester Piccadilly  ,London Euston,13-01-2024,17:30:00,19:20:00,7:29 PM,Delayed, Technical Issue,Y
504812fd-ae58-488d-9b8d,"February 09, 2024",23:55:43,Station,credit card,,First Class,Advance,57.0, LONDON KINGS CROSS,York,2024-02-10,10:15 PM,00:05:00,12:05 AM,ON TIME  ,-,No
6885fa60-80b2-4e99-86cf,13/02/2024,12:44 PM,Online,contactless,,Std,Advance,8.0, london st pancras,Birmingham New Street,2024-02-21,11:00 AM,12:20:00,12:20:00,on time,,No
3d4fc60e-52fb-4e8c-ac64,2024-01-24,09:47:44,Station,None,DISABLED,First Class,Advance,35.0,London Euston, Birmingham New Street,25-01-2024,8:15 AM,09:35:00,09:35:00,ON TIME,,0
b03a91a4-069d-4c83-8dab,01/19/2024,09:55:52,Station,Credit Card,adult, STANDARD,Off-Peak,8.0,London St Pancras  , Birmingham New Street,2024/01/19,11:15 AM,12:35:00,12:35:00,OnTime,,false
99F2BED2-53CF-4321-B1F4,29/04/2024,15:58:52,ONLINE  ,-,,Standard,Anytime  ,6.0,LIVERPOOL LIME STREET,manchester piccadilly,2024/04/29,5:15 PM,17:45:00,5:45 PM,On Time,,FALSE
b5cf77ac-9a1d-443d-8f48,18-04-2024,08:29:08,Online, CREDIT CARD,,Std,ADVANCE,13.0,LONDON PADDINGTON,READING,04/19/2024,7:45 AM,08:45:00,08:45:00,OnTime,,no
53b84a489dbb4d5a980a,03/25/2024,08:13:49,Online,Credit Card,,STANDARD,Advance,8.0,London St Pancras,birmingham new street,03/26/2024,06:30:00,7:50 AM,07:50:00,On Time,,0
2afa9b00-459f-426e-ba03,06/03/2024,6:13 PM,Online  ,Credit Card,SENIOR,STANDARD,Anytime,31.0,London St Pancras, Leicester,03/06/2024,18:45:00,7:45 PM,19:45:00,On Time,,No
70a76100-1a8b-4901-8da4,"March 20, 2024",10:32 AM,online,Contacless,,FIRST CLASS,Off-Peak  ,14.0, Manchester Piccadilly,Liverpool Lime Street,2024-03-20,12:00:00,12:30 PM,12:30:00,On Time  ,,false
4b271ebb-8273-4f95-8cfe,28/01/2024,15:07:48,Station,-,adult,Standard  ,Off-Peak,8.0, Liverpool Lime Street, SHEFFIELD,28/01/2024,16:30:00,17:45:00,n/a,ON TIME,,No
403e6a28-7413-44de-8558,28/03/2024,09:01:37,Online  , CREDIT CARD,,Standard  , advance,35.0,London Kings Cross,York,29-03-2024,07:30:00,09:20:00,09:20:00, On Time,,FALSE
954ab045-9c67-45f8-b417,04/25/2024,1:34 PM,Station  ,Credit Card,, STANDARD,Off-Peak,19.0,London Paddington,READING,2024/04/25,15:00:00,4:00 PM,4:00 PM,OnTime,,FALSE
dfcc4b83-14fe-4ad1-97fb,28-01-2024,20:26:58,Online,Credit Card,, Standard,Advance,34.0,YORK, Peterborough,29-01-2024,18:45:00,7:55 PM,19:55:00,OnTime,,No
09894bd1-030c-404e-984c,2024-04-29,12:47:46, STATION,CREDIT CARD,Disabled, standard  ,Off-Peak,3.0,LIVERPOOL LIME STREET,MANCHESTER PICCADILLY,2024-04-29,2:15 PM,14:45:00,14:45:00,ON TIME,,N
340773ee-9a23-4b05-b86f,01/31/2024,05:20:59,STATION,Credit Card,, standard,ANYTIME  ,6.0, Liverpool Lime Street,manchester piccadilly,2024-01-31,6:45 AM,07:15:00,07:15:00,On Time,,0
bc4c7949-51ec-4c5f-a2e2,2024/03/28,22:36:17,online,Credit Card,Senior,Standrd,Advance,5.0,York  ,Durham,2024-03-29,00:00:00,00:50:00,00:50:00,ON TIME,,0
1674fc29-887d-4deb-aad3,2024/04/02,21:31:55,station,Credit Card,, Standard,ADVANCE,13.0,London Paddington,Reading,03/04/2024,20:00:00,21:00:00,,CANCELLED,,no
2c1cd8e6-031d-498a-9acd,2024/01/12,13:33:25, Online,Contactless,,Standrd, Advance,3.00 GBP,LIVERPOOL LIME STREET  ,Manchester Piccadilly,2024/01/13,12:00:00,12:30 PM,12:30:00,On Time  ,,No
22c6e3f9-f72b-48c6-af1c,15-01-2024,09:57:11,Online,Credit Card  ,,Standrd,advance,3.0,Manchester Piccadilly,Liverpool Lime Street  ,2024-02-03,08:15:00,08:45:00,08:45:00,On Time  ,,FALSE
7703c1a2-5115-436c-9bc6,2024-01-02,01:51:12,Station, credit card  ,,Standard,ADVANCE,3.0,Liverpool Lime Street,Manchester Piccadilly,01/03/2024,00:15:00,00:45:00,12:45 AM,ON TIME,,N
1883e58e-ac1a-4da7-9d8f,08-01-2024,19:04:27,Online,contactless,,Standard  ,Off-Peak,8.00 GBP,Reading,Oxford,2024-01-08,20:30:00,20:55:00,20:55:00, ON TIME  ,,no
8376b813edd6444e896b,15-01-2024,20:24:24,Online,Credit Card,,Standrd,ADVANCE,5.00 GBP,Birmingham New Street, Tamworth,2024-01-16,6:45 PM,7:05 PM,7:05 PM,OnTime,,N
AEF9C9AA-4D32-4BFA-8919,2024-04-11,14:12:44,Online,CREDIT CARD  ,disabled,Std,Off-Peak,7.0,London Euston  ,BIRMINGHAM NEW STREET,2024-04-11,15:30:00,16:50:00,16:50:00,On-Time,,No
555f4dc6-7a6f-485b-b3aa,04/15/2024,14:41:57,Station,Credit Card,ADULT,Std,Anytime,9.0,London Euston,birmingham new street,15/04/2024,16:00:00,17:20:00,17:20:00, On Time,,0
39f1eb98-a4fa-48df-a3e5,15-01-2024,07:22:07, Online  ,Credit Card,,Standrd,anytime,£25.00,London Paddington,Reading,01/15/2024,7:45 AM,08:45:00,,Cancelled,WEATHER CONDITIONS,false
9c8d19d7-d054-43d5-a2be,04/01/2024,08:24:49, online,CREDIT CARD,,Standard,Advance,13.0,london paddington,Reading,05/01/2024,07:45:00,08:45:00,08:45:00,On Time,,false
731bf989-086e-450a-8118,2024-04-23,05:14:29,ONLINE,Credit Card,DISABLED,STANDARD,Anytime,43.0,London St Pancras,Wolverhampton,2024/04/23,06:30:00,08:00:00,08:00:00,On Time,,false
5091df78-a66c-40dd-8d14,02/10/2024,3:24 PM,Station,Credit Card,NULL,Standard,Off-Peak,8.0,birmingham new street, Stafford,2024/02/10,17:45:00,18:15:00,6:15 PM,OnTime,,false
f9c88c70-75d7-4059-85a3,2024/04/20,06:59:21,ONLINE  ,contactless  ,NULL,First Class,advance,52.0,London Euston,Birmingham New Street,"April 21, 2024",05:15:00,06:35:00,,CANCELLED,Technical Issue,no
9fac134e-56f2-45f4-84c0,04/22/2024,12:26:01,Station,Credit Crad,,Std,advance,7.0,London Euston  ,birmingham new street,23/04/2024,10:45 AM,12:05:00,12:05:00,OnTime,,No
a00d81d9-73d4-45a1-9210,10-03-2024,07:42:00,Online,CONTACTLESS,,Std,Advance,3.0,Manchester Piccadilly, Liverpool Lime Street,03/11/2024,06:00:00,06:30:00,06:30:00,On Time,n/a,No
e4dd14be-e05e-4a6a-96c7,"February 08, 2024",19:04:36,Online,contactless,,Standard,Off-Peak,12.0,London St Pancras, Birmingham New Street,"February 08, 2024",20:30:00,21:50:00,21:50:00,OnTime,,0
c13da87e-1cbf-4efb-8a76,03-02-2024,10:19:35,online,Credit Card,,Standrd,Advance,35.0,London Kings Cross,york  ,2024-02-04,08:45:00,10:35:00,10:35:00,ON TIME,,No
cb6c7a84-2b83-41fc-9fc3,2024-03-25,17:17:13,Online  ,Credit Card  ,,Standard,ANYTIME,16.0,london st pancras,Birmingham New Street,25/03/2024,18:45:00,20:05:00,20:05:00,OnTime,,FALSE
1e3896610fcd4023a223,2024/04/09,8:22 AM, STATION,Contactless,,STANDARD,Off-Peak,53.0,London Kings Cross  ,york  ,09-04-2024,09:45:00,11:35:00,11:35:00,on time,,No
050062fb-fdaa-41cd-bc64,"April 11, 2024",15:16:32, Station,Credit Crad,-,Standard,Anytime  ,10.0,Birmingham New Street,STAFFORD,04/11/2024,17:45:00,18:15:00,18:15:00,On-Time,,FALSE
785ffcc0-5bfb-4f5e-b89c,01/19/2024,01:08:38, Station,-,,Standard,advance,8.0,London St Pancras  , Birmingham New Street,2024-01-20,23:30:00,00:50:00,00:50:00,On Time,,FALSE
039b4878-01c9-4579-ba20,13-03-2024,06:41:49, Station,CREDIT CARD  ,,Standard,Anytime,151.0,Liverpool Lime Street,LONDON EUSTON,"March 13, 2024",08:00:00,10:15:00,10:52 AM,Delayed,SIGNAL FAILURE,No
30ae35ec-3be3-4df9-b572,19/04/2024,20:25:58,Station  , Credit Card,Adult,Standard,Advance,5.0,London St Pancras  ,Birmingham New Street,20/04/2024,18:45:00,8:05 PM,20:05:00,On Time,,N
a0b4ab37-df17-4350-ab0a,03-02-2024,01:36:32,Online,Credit Card  , SENIOR,Standard,Advance  ,2.0,LIVERPOOL LIME STREET  ,Manchester Piccadilly,2024-02-17,00:00:00,00:30:00,00:30:00,On Time,None,no
a38a9226-5774-4ce7-8e31,2024-02-10,19:26:33,ONLINE,credit card,Senior,Standard,Advance,16.0,london st pancras  , Leicester,2024-02-13,18:45:00,7:45 PM,19:45:00,On Time,,no
f72e7025-bf70-4a8c-9386,2024-04-06,01:41:12,Station,Creditcard,Disabled  ,Standard,Advance,4.0, Birmingham New Street, Liverpool Lime Street,04/07/2024,00:00:00,1:30 AM,01:30:00,On-Time,,no
f4ae48b4-3120-41b1-ba37,03/02/2024,12:58 AM, Online,Contactless,Senior  , Standard,Off-Peak,,Liverpool Lime Street  ,MANCHESTER PICCADILLY,02-03-2024,02:15:00,2:45 AM,02:45:00,On Time,,no
466669e1-98fd-4665-ad28,04/30/2024,14:43:01,Station,Debit Card, Disabled,Standard  , Anytime,9.0,London Euston,Birmingham New Street,04/30/2024,16:00:00,17:20:00,17:20:00,On Time  ,,no
c981ba8a-9165-416f-b0ba,2024-01-28,2:06 PM, Online  ,CREDIT CARD,,Standard,Off-Peak,12.0,london st pancras  ,Birmingham New Street,28-01-2024,15:30:00,16:50:00,4:50 PM,On Time  ,,no
799e3270-dff3-48ba-b2f5,01/26/2024,2:19 PM,Online,credit card,Disabled,Standard, advance,8.0,London Paddington,Reading,2024-01-27,12:45:00,13:45:00,13:45:00,On Time,,No
e9815e07-0c29-4f73-8514,04/29/2024,00:16:52, Online,Contactless,,Standard,Off-Peak,11.00 GBP, YORK  ,Durham,29/04/2024,01:45:00,02:35:00,02:35:00,ON TIME,N/A,FALSE
cb3f317205e942e2b410,06/03/2024,5:18 PM,Online  ,Credit Card,,Standard, Anytime,143.0,London Euston,Manchester Piccadilly,06/03/2024,6:45 PM,20:35:00,20:35:00,On Time,,0
97dcdd33-9097-4c91-bb6a,04/30/2024,5:07 AM, ONLINE,Credit Card, Disabled,Standrd,Anytime,7.0,York,Doncaster,30-04-2024,06:30:00,07:00:00,,On Time,,0
7da75d41-677f-422a-9b53,2024-04-20,06:25:04,Station,Contactless  ,, Standard,OFF-PEAK,128000.0,MANCHESTER PICCADILLY,London Paddington,20/04/2024,07:45:00,10:00:00,10:00:00,ON TIME  ,,No
09d00914-228b-4628-864f,19-03-2024,18:43:05,Station,Credit Card,,First Class,Off-Peak,80.0,London St Pancras,birmingham new street,2024-03-19,20:00:00,21:20:00,9:20 PM,On-Time,,false
58dbe41b-8f78-4b9b-bb7c,28-03-2024,23:42:51,station, Contactless,, Standard, Advance  ,8.0,london st pancras,birmingham new street,2024-03-29,22:00:00,23:20:00,23:20:00,On Time,,no
c05aabf9-17d9-4f86-87c8,2024/01/26,06:25:01, online,-,,Standard,Advance,n/a,London St Pancras,Birmingham New Street,27/01/2024,4:45 AM,6:05 AM,06:05:00,On Time,,FALSE
74be081e-eff7-4082-a0d6,2024-02-19,19:34:48,Station,Credit Card,adult,Standard,advance,-, London Euston,birmingham new street,20/02/2024,17:45:00,19:05:00,19:05:00,on time,,false
0793d830-876e-40a0-b9bd,2024-01-28,17:17:02,Station,Credit Card,adult,Standard,OFF-PEAK,n/a,LONDON ST PANCRAS,Birmingham New Street  ,01/28/2024,18:45:00,20:05:00,8:05 PM, ON TIME,,No
dd3fb009c96b4d769a35,13/03/2024,00:37:41,online,Credit Card,, standard,Off-Peak,5.0,Liverpool Lime Street,MANCHESTER PICCADILLY,2024-03-13,02:00:00,2:30 AM,02:30:00,On Time,,N/A
b2f71714-eea0-4b72-a83c,2024-01-24,09:27:06,Online, Contactless,,Standard,Advance,35.0,LONDON KINGS CROSS,York,01/25/2024,7:45 AM,9:35 AM,9:35 AM,ON TIME,,0
24e0f4fa-ca9e-499f-9c4d,03/05/2024,17:17:54,Online,Creditcard,,Standard,anytime,10.0,BIRMINGHAM NEW STREET,Tamworth,03/05/2024,18:45:00,19:05:00,19:05:00,On Time  ,,false
a6075ca1-48c2-4b41-a373,15-01-2024,06:03:09, Station,Contactless  ,,STANDARD  ,Advance,8.0,london st pancras,Birmingham New Street,16/01/2024,4:30 AM,5:50 AM,05:50:00,OnTime,,No
993b9e22-d084-46f8-8284,2024-01-31,20:30:51,STATION,Contactless,,Standrd,Off-Peak,12.0,london st pancras  ,Birmingham New Street,2024-01-31,22:00:00,23:20:00,23:20:00,on time,,no
00655094-AD85-4EBA-9B3D,15/03/2024,19:31:51,Online,CREDIT CARD  ,n/a,Std,Advance,2.0,Manchester Piccadilly,Liverpool Lime Street,03/16/2024,18:45:00,19:15:00,19:15:00,On Time,,FALSE
d20680ce-1ec2-4dd4-933a,"January 11, 2024",23:33:16,Online  ,Credit Card,,standard, Advance,-, LONDON EUSTON  ,Birmingham New Street  ,2024/01/12,10:00 PM,23:20:00,23:20:00,On Time,,FALSE
72727a2e-ce70-4cc9-8028,19/01/2024,17:54:08, Online,CONTACTLESS, Adult,Standard, ADVANCE,16.0, London St Pancras  ,Leicester,01/02/2024,4:15 PM,17:15:00,17:15:00,On Time  ,,N
897bf876-2981-453e-8e12,2024/03/11,06:38:45,Station,credit card,, standard,Anytime,£16.00,london st pancras, BIRMINGHAM NEW STREET,2024/03/11,08:00:00,09:20:00,, On Time,,no
5760cf12-0f2f-4dee-86bb,29/01/2024,21:52:40,Online,Contactless,,Standard, ADVANCE,8.0,LONDON ST PANCRAS,Birmingham New Street  ,2024-01-30,20:15:00,21:35:00,21:35:00,On Time,,N
fd32942c-2f50-4209-a604,02/02/2024,07:44:17,Station,Credit Card  ,Disabled,Std,Advance,2.0,Liverpool Lime Street,Manchester Piccadilly,15-02-2024,06:00:00,06:30:00,6:30 AM,On Time,,
d3c04683-0398-4278-8bb0,02/29/2024,02:37:06, Online,NULL,NULL,Standard,ADVANCE,3.0,Liverpool Lime Street,Manchester Piccadilly  ,03/01/2024,01:00:00,01:30:00,01:30:00,ON TIME,,false
8af44fe7-4c31-4f74-b215,2024-03-18,7:17 AM,Online, CREDIT CARD,,Standard  ,Anytime,-70.0,london kings cross,York,03/18/2024,07:45:00,09:35:00,09:35:00,OnTime,,false
ac0732a1-254f-4159-be12,2024-02-15,19:14:46, Online  ,Contacless,,Standard,Advance,3.0,Manchester Piccadilly,Liverpool Lime Street  ,02/16/2024,17:30:00,18:00:00,18:00:00,On Time,,0
aeadb8ac-314c-4b39-b2d7,2024-04-21,6:18 PM, ONLINE,CREDIT CARD  , Senior  ,Standard,Off-Peak,23.0, London St Pancras,Leicester,"April 21, 2024",18:45:00,19:45:00,7:45 PM,On Time  ,,No
a36f44d8-2fc4-4e87-bdf5,04/02/2024,01:36:36,Online  , Credit Card,SENIOR,Standard,advance,£2.00, Liverpool Lime Street,manchester piccadilly  ,2024/02/25,00:00:00,00:30:00,00:30:00,On Time,,false
737be944-f5c8-4a96-904e,2024-02-21,20:47:20,Station  ,CC, Adult  ,Std,Off-Peak,72.0,LONDON EUSTON,Manchester Piccadilly,21/02/2024,10:15 PM,00:05:00,00:05:00, On Time,,No
9ff8c8cf-27dc-45e1-a67f,04/05/2024,08:17:52,Online,NULL,,First Class,Advance,27.0,London Paddington,reading  ,06/04/2024,07:45:00,08:45:00,,Cancled,traffic,N
11e492bbe09942379019,2024-01-05,03:04:35,ONLINE  ,None,,Standrd,off-peak,NULL, birmingham new street,London St Pancras,2024/01/05,04:30:00,05:50:00,05:50:00,on time,,false
fa200d57-a319-476a-b62e,31-01-2024,04:48:12, Station,NULL,, Standard,ANYTIME,70.0, London Kings Cross,York,2024/01/31,06:15:00,08:05:00,8:05 AM,On Time,,false
9731eb1a-959b-4959-85c4,02/18/2024,07:16:48,Station, CREDIT CARD,,Standard,Off-Peak,£19.00,London Paddington,Reading,2024-02-18,08:45:00,09:45:00,09:45:00,On Time,,0
a38d00c9-91f3-42a2-9724,31-01-2024,06:42:13,Station,Credit Crad,NULL,Standard, Anytime,-151.0,LIVERPOOL LIME STREET,London Euston,2024-01-31,08:00:00,10:15:00,10:30 AM, Delayed,SIGNAL FAILURE,no
40d02585-20ac-42bb-be1d,27/03/2024,16:07:57,STATION,Credit Card,, Standard, Anytime  ,5.0,Manchester Piccadilly,liverpool lime street,03/27/2024,17:45:00,18:15:00,,Cancelled,Staffing,false
6975b37e-ab6d-471c-ae68,29/04/2024,22:34:50,Station,Credit Card,,First Class,ADVANCE,27.0,London Paddington,Reading,2024-04-30,00:00:00,01:00:00,01:00:00,OnTime,,N
100e7a90-417f-484a-bd4c,"January 10, 2024",8:17 PM,ONLINE  , Contactless,,Standard,Advance  ,£3.00, manchester piccadilly,Liverpool Lime Street,2024/01/11,6:45 PM,19:15:00,None,ON TIME,,No
7c1b397c-6774-401e-9313,2024-02-09,07:34:01,ONLINE, Contactless,, STANDARD,Advance  ,£3.00,Manchester Piccadilly,Liverpool Lime Street,2024-02-10,06:00:00,06:30:00,06:30:00,ON TIME,,false
b9dc3b88-e86c-4bf2-a518,2024-01-07,05:05:26,Online,Debit Card,,Standard,Off-Peak,107.0,london euston,Manchester Piccadilly,2024-01-07,6:30 AM,08:20:00,08:20:00,OnTime,,0
a0517921-9bde-406b-aa8a,"April 22, 2024",20:08:01,Station,Contactless,, First Class,advance,52.0,London Euston,Birmingham New Street,04/23/2024,6:30 PM,19:50:00,19:50:00,On Time,,0
0187b7fb-6732-4918-80ea,03/23/2024,17:31:12,Station,Credit Card,Adult,Standard,advance  ,None,LONDON EUSTON,Birmingham New Street,24/03/2024,16:00:00,17:20:00,5:20 PM,On Time  ,,false
adabaae4-f77d-46c9-afea,04/25/2024,10:59:05, STATION  ,credit card,,Standard,Advance,3.0,Liverpool Lime Street  ,Manchester Piccadilly,2024-04-26,09:15:00,9:45 AM,9:45 AM,On Time,,No
e1c91ca0-af8b-4504-a504,"February 02, 2024",17:07:13,ONLINE,Credit Card,,Standard,Advance,8.0,london st pancras,BIRMINGHAM NEW STREET,03/02/2024,15:30:00,4:50 PM,16:50:00,On Time,,0
c43f39a5-a4af-4d55-8453,17-03-2024,02:42:23,Online,Contactless,,Standard  ,Off-Peak  ,53.0,London Kings Cross,York,17-03-2024,4:00 AM,05:50:00,05:50:00,On Time,,FALSE
4b909901-4c7f-4622-a118,06-01-2024,19:54:40,Station  ,CREDIT CARD,,Standard,OFF-PEAK,10.0, London Euston,Birmingham New Street  ,06/01/2024,9:15 PM,22:35:00,22:35:00,On Time  ,,N
d73db224-203a-4835-a24b,2024/02/03,14:36:37,Station, CREDIT CARD,Adult, Standard,Off-Peak,7.0,London Euston,birmingham new street,03/02/2024,16:00:00,17:20:00,5:20 PM,On-Time,,N
d07ac549-29b8-4404-a8a8,2024-03-31,9:48 AM,Online,CREDIT CARD,Adult  ,STANDARD,Off-Peak,3.0,Liverpool Lime Street,manchester piccadilly,31/03/2024,11:15:00,11:45 AM,11:45:00, on time,,false
ff629bb9-4798-4cc3-b3f9,26-03-2024,2:02 PM,Online, credit card,Disabled,Standard,OFF-PEAK  ,7.0,London Euston  ,Birmingham New Street,2024/03/26,15:30:00,16:50:00,16:50:00,OnTime,,FALSE
7a359a0c-52b2-445d-a1ac,2024-01-12,8:07 PM, Station  ,Contactless,,Standard,Advance,33.0,READING,Birmingham New Street,13-01-2024,6:30 PM,19:30:00,7:30 PM, ON TIME,,no
283dfecc-fc77-4fab-8635,11-02-2024,09:00:14,Online,CC,,First Class,Advance,38.0,London Kings Cross,York  ,12/02/2024,07:30:00,09:20:00,09:20:00,On Time  ,None,FALSE
92333BB6-F1E8-4BDC-B56C,13/01/2024,10:40:11,Station  ,Debit Crad,Adult,STANDARD  , Off-Peak,3.0,LIVERPOOL LIME STREET,Manchester Piccadilly,2024-01-13,11:15:00,11:45:00,12:29:00,Delayd,TECHNICAL ISSUE,NULL
681b54db-178c-4bb5-b91c,08-02-2024,15:12:24,station,,,Standard,Anytime,5.0,Manchester Piccadilly  ,Liverpool Lime Street,08-02-2024,17:45:00,18:15:00,19:16:00,Delayed, Weather Conditions  ,0
cc2693f6-4f8b-4387-821f,2024-04-07,01:12:27,Online,Credit Card,,First class ,Advance,£118.00,Liverpool Lime Street,London Euston,2024-04-08,23:30:00,1:45 AM,01:45:00,OnTime,,no
d7956b81-b241-440c-be56,23-03-2024,20:00:52, STATION,-,,Standard,off-peak  ,19.0,London Paddington,Reading,"March 23, 2024",21:30:00,22:30:00,22:30:00,On Time,,N
ba8a85ea-4e39-4654-99cb,2024-03-26,12:36:31, Station,Creditcard, Adult,standard, Advance,16.0,York,Edinburgh,03/27/2024,11:00 AM,13:30:00,13:30:00,On Time,,N
aaac988a-6429-4bd6-b4cd,04/23/2024,5:38 PM,Station  , credit card  ,,Standrd,OFF-PEAK,12.00 GBP,London St Pancras, BIRMINGHAM NEW STREET,23/04/2024,7:00 PM,20:20:00,20:20:00,On Time  ,,0
ade11f2f-2e82-44a2-8103,09-02-2024,8:34 PM,station,Credit Card,,Std,Advance,5.0,Birmingham New Street, Stafford,2024/02/12,17:45:00,18:15:00,NULL,On-Time,,0
f3e36c10-bcd0-4f26-8b3c,2024-03-02,00:09:02,Online,Contactless,,Standard,OFF-PEAK,4.0,manchester piccadilly  , liverpool lime street,02/03/2024,1:30 AM,02:00:00,02:00:00,On Time,,no
968a9452081749b79ccc,2024/03/04,09:38:11,station,Credit Card  ,,Standard, Advance,76.0,Liverpool Lime Street,LONDON EUSTON,03/05/2024,08:00:00,10:15:00,10:15:00,On Time,,-
a4e636b1-bd0a-4529-b418,2024-03-04,6:51 PM,Station,Contactless,,first class,advance,10.0,Manchester Piccadilly,Liverpool Lime Street,05-03-2024,17:15:00,5:45 PM,5:45 PM,On Time,-,false
dc56d6bf-886e-44e0-b2c9,12-02-2024,14:57:26, Online,Contactless,Adult,standard,Anytime,,Birmingham New Street  ,manchester piccadilly,12/02/2024,4:15 PM,5:35 PM,17:35:00,On Time,,No
ea59c474-40bd-4aa0-a5c3,08/02/2024,02:50:16,Station,Contactless,Adult,Standard,off-peak,7.0,london euston,birmingham new street,02/08/2024,04:15:00,05:35:00,05:35:00,ON TIME,,0
cbe2769c-cad3-410c-b32a,19/02/2024,10:52:55,online,Contacless,Senior  ,Standard,Advance,2.0,manchester piccadilly,Liverpool Lime Street,2024-02-29,09:15:00,09:45:00,NULL, On Time,,FALSE
6a33db73-de29-4ca3-b265,2024-03-16,04:57:53,Online,Debit Card,Senior,Standrd,Off-Peak,£13.00,London Paddington,READING,03/16/2024,06:15:00,7:15 AM,07:15:00,On Time  ,,No
db22eb41-e432-4b8e-9ce8,22-01-2024,16:00:39,STATION,CC,ADULT,Standard,Anytime,9.0, London Euston,Birmingham New Street,2024-01-22,17:45:00,7:05 PM,19:05:00,On Time,,No
64182cc3-f770-44c5-9d4f,2024-04-05,20:28:36, ONLINE,Credit Card,, STANDARD,Advance,8.0,London St Pancras,BIRMINGHAM NEW STREET  ,2024/04/06,18:45:00,20:05:00,8:05 PM,On-Time,-,FALSE
37d55540-55ca-431e-9ed7,12/01/2024,8:00 AM,Online,Credit Card,Disabled  ,FIRST CLASS,Advance,7.0,York, Doncaster,2024-01-13,06:30:00,7:00 AM,07:00:00,On Time  ,,no
0c7f1f8a-2c4b-49aa-92dd,21-01-2024,08:26:06,Station,Creditcard,,Std,Advance,3.0,Manchester Piccadilly, liverpool lime street,22-01-2024,06:45:00,07:15:00,7:15 AM,On Time  ,,No
f972290a-1673-48ad-9f9f,02-03-2024,2:25 PM,Online,Credit Card,ADULT,standard,Off-Peak,8.0,London St Pancras,BIRMINGHAM NEW STREET  ,2024-03-02,15:45:00,5:05 PM,5:05 PM,On-Time,,N
3cc6d29f-34c4-4dbe-a806,06-04-2024,10:22:04, online,Creditcard,Adult,Standard, Advance,£8.00,London Paddington, reading,2024/04/07,8:45 AM,09:45:00,09:45:00,On Time,,N
936fbbd0-baa9-4adc-92a7,02/01/2024,23:32:21,STATION,Contactless,,1st Class,Advance,54.0,London St Pancras,Birmingham New Street,2024-02-02,22:00:00,23:20:00,23:20:00, On Time,,0
bd1e6a79-512a-4742-8e1a,2024-04-13,16:19:38, Online,Credit Card  ,Senior,standard,Advance,,Manchester Piccadilly,Liverpool Lime Street,2024-04-14,14:45:00,3:15 PM,15:15:00,OnTime,,FALSE
8c5f5401-143f-48b0-8d8a,13/01/2024,05:01:17,Online,Credit Card,,Standard,OFF-PEAK,10000.0, London Euston,birmingham new street,01/13/2024,06:30:00,7:50 AM,07:50:00,On Time  ,,false
fe6454cc-1967-4873-8785,24-03-2024,20:27:46,Online,CONTACTLESS,,standard, advance,13.0,London Paddington,Reading,"March 25, 2024",18:45:00,19:45:00,19:45:00,OnTime,,FALSE
5c90f2d5-83da-4e77-9c37,14-01-2024,16:11:00,station,Credit Crad,NULL,Std,Off-Peak,4.0, manchester piccadilly,Liverpool Lime Street,14-01-2024,5:45 PM,6:15 PM,18:15:00,On Time,,N
c747d1b1-f7ca-49d9-bcac,05/03/2024,03:34:00, Online,N/A,ADULT,standard,off-peak  ,-65.0,London Kings Cross,Liverpool Lime Street,05-03-2024,05:00:00,07:15:00,07:15:00,ON TIME,,No
5687b5e8-f69f-4dd0-9fb3,2024-03-26,8:19 AM,Online,credit card,,standard,Advance,3.0,manchester piccadilly,Liverpool Lime Street,2024-03-27,07:45:00,08:15:00,08:15:00,On Time,,0
ca1a0627-dd94-4c89-83d5,01/31/2024,12:35 AM,Online,CC,,First class ,Off-Peak,86.0, London Kings Cross  , york,2024-01-31,02:00:00,03:50:00,03:50:00,OnTime,,N/A
3f96dd4f-0763-4250-8cef,2024-01-11,00:38:49,online,Credit Card  ,,Standard,Off-Peak,,MANCHESTER PICCADILLY,Nottingham,11-01-2024,02:00:00,3:00 AM,,cancelled,WEATHER CONDITIONS,1
47e49332-711f-47c6-8300,2024-04-23,17:28:23,Online,NULL,,Standard,anytime,,London Euston,Manchester Piccadilly,23-04-2024,18:45:00,8:35 PM,20:35:00,ON TIME,,N
f6b5d9b3-d655-44a3-997b,16-01-2024,6:31 AM,Online,NULL,,Std,Anytime,11.0,Reading,oxford,01/16/2024,08:00:00,08:25:00,08:25:00,On Time  ,,no
50CDE61B-1A53-45D5-BCE7,17/02/2024,5:26 PM,Online,None,,Standard,ADVANCE  ,-,manchester piccadilly,Liverpool Lime Street,2024-02-18,14:45:00,3:15 PM,, Cancelled,weather conditions,0
0a1cff9f-896f-44ad-82ae,2024-01-18,00:10:42, station,NULL,ADULT,standard, Off-Peak,,Oxford,BRISTOL TEMPLE MEADS,2024-01-18,22:30:00,23:45:00,11:45 PM,On Time  ,,FALSE
9417910a-e153-44de-8d89,28/01/2024,19:30:34,Online, Contactless,,Standard,OFF-PEAK,10.0, London Euston,Birmingham New Street,28-01-2024,21:00:00,22:20:00,22:20:00, On Time,,No
c862302b-8ea2-4278-a7a4,2024/01/17,01:26:40,ONLINE,Contactless,,Standard  ,OFF-PEAK,4.0,Manchester Piccadilly, LIVERPOOL LIME STREET,01/17/2024,02:45:00,03:15:00,03:15:00,ON TIME,,FALSE
d3a45577-3639-4b6a-a0a2,22/01/2024,08:19:07,Online,CREDIT CARD,,Standard,Advance,18.00 GBP,London Paddington, Oxford,01/23/2024,07:45:00,09:15:00,9:15 AM,On-Time,,FALSE
38EBB9E6-C1BF-4173-A6B7,2024-03-24,15:07:18,station,Contacless,SENIOR,Standard,Advance,2.0,Manchester Piccadilly,liverpool lime street,2024-03-25,1:30 PM,2:00 PM,14:00:00,OnTime,,FALSE
fcaf99c4-fb6d-4b48-b881,28-01-2024,9:02 AM,Station, Credit Card,,Std,Off-Peak,-4.0,Manchester Piccadilly  ,Liverpool Lime Street,2024-01-28,10:30 AM,11:00 AM,11:00:00,On Time,,false
c0b5ce6b-110e-4818-9bf1,31/01/2024,4:53 PM, Online, Credit Card,,Standard,Advance,£8.00,London St Pancras,Birmingham New Street,02/01/2024,15:15:00,16:35:00,16:35:00,On Time,,
5cac0585-ec96-4464-b978,03/13/2024,08:16:11,Station  , Credit Card,, STANDARD,Advance,35.0,London Kings Cross  ,YORK,14/03/2024,06:45:00,8:35 AM,08:35:00,on time,,false
f2298c03-e36b-421c-9c67,"April 21, 2024",15:19:10,Station  ,Creditcard,,Std,Off-Peak,8.0,Birmingham New Street, stafford,04/21/2024,17:45:00,18:15:00,18:15:00,On-Time,,No
6234ba9a-9555-4226-b27b,03/23/2024,09:02:45,Online,CC,None,STANDARD,Advance,8.0,London St Pancras,Birmingham New Street,24-03-2024,7:30 AM,08:50:00,n/a,On Time,,no
e24d908d-1c86-4ebf-af9d,13/04/2024,9:34 PM, ONLINE,Credit Card,adult,Std,ADVANCE,2.0,Manchester Piccadilly, Liverpool Lime Street,2024/04/14,20:00:00,20:30:00,20:30:00,ON TIME,,no
8da57491-5c45-468e-b3ee,2024-02-13,18:55:57,Station,Contactless,,standard, ADVANCE,,Liverpool Lime Street  ,Manchester Piccadilly,16/02/2024,5:15 PM,17:45:00,17:45:00,On Time,,No
2320e0f8-9238-437a-8a32,2024-04-13,23:45:15,STATION,N/A,N/A,Standard, Advance,48.0,London Euston,Manchester Piccadilly  ,14/04/2024,22:15:00,00:05:00,00:05:00,ON TIME,,0
d24e7cee-e4c5-4cb5-b173,31/01/2024,12:37:56,Station,Credit Card,Adult,Standrd,OFF-PEAK,65.00 GBP, London Paddington,Liverpool Lime Street,2024/01/31,14:00:00,16:30:00,16:30:00,on time,,FALSE
3aab2b84-0fc1-47a1-ac6c,14-03-2024,3:47 PM,Online,,,STANDARD, ANYTIME,4.0,Liverpool Lime Street  ,Manchester Piccadilly,2024-03-14,17:15:00,17:45:00,5:45 PM,On Time,,no
ff46002d-46e6-4af7-a961,03/24/2024,08:16:57,Station,Contactless,Adult,Standard,Off-Peak,-35.0,London Kings Cross  ,York,2024-03-24,09:45:00,11:35:00,11:35:00,OnTime,N/A,N
7981b12c-b584-44b1-8ec1,2024-04-03,08:17:18,station,credit card,,standard,Advance,3.0,Liverpool Lime Street,Manchester Piccadilly,04/04/2024,06:45:00,07:15:00,07:15:00,ON TIME,,No
d2814322-542c-4ccd-8761,03/31/2024,18:55:52,Station,Credit Card,,Standard,Off-Peak  ,4.0, MANCHESTER PICCADILLY  ,Liverpool Lime Street,03/31/2024,20:15:00,20:45:00,20:45:00,On Time,,no
d2cb0642-45a4-4598-a203,13/02/2024,07:21:21,Online,CREDIT CARD,,Standard,Anytime,,London Paddington,oxford,"February 13, 2024",07:45:00,09:15:00,,Cancled, Traffic,No
07a62b10-78f0-4e65-a2d7,11-01-2024,07:03:24, Online,Contacless,,Std,Anytime,25.0,London Paddington,Reading,11/01/2024,8:30 AM,09:30:00,09:30:00,ON TIME  ,,No
57F9FDD9-2B80-4B66-AAF0,04/03/2024,04:46:58,online,,Senior,Standard,Anytime,3.0,Manchester Piccadilly,Liverpool Lime Street,2024/03/04,06:15:00,06:45:00,06:45:00, On Time,,no
c63ce6a8-63f8-4149-bd07,2024-04-06,18:10:51,Station  ,-,Adult,Standard  ,Advance,50.0,Liverpool Lime Street,London Euston,"April 07, 2024",17:30:00,19:45:00,20:15:00, Delayed,Technical Issue,1
d6a45edd-fa89-4ed8-9d59,2024-04-07,4:03 AM,ONLINE  ,Contact less,,Standrd, Advance,-72.0,London Euston,Manchester Piccadilly,2024-04-08,2:30 AM,04:20:00,-,OnTime,,FALSE
03cfea96-e985-444d-a22b,01-04-2024,10:34 PM,Station,N/A,,standard  ,ADVANCE,-,London St Pancras,BIRMINGHAM NEW STREET,04/02/2024,00:00:00,01:20:00,01:20:00,OnTime,,FALSE
3e3aa98c-5aab-4204-b8dd,2024-04-18,10:38 AM,Online,Credit Card,,Standard,Advance  ,8.0,LONDON ST PANCRAS,Birmingham New Street,2024-04-19,09:00:00,10:20:00,10:20:00,On Time  ,,No
b0695eb4-7895-4056-967b,01/27/2024,18:55:58,online,Credit Card,,Standard,Advance,35.0,London Kings Cross, York,28-01-2024,5:15 PM,19:05:00,19:05:00,On Time,,no
e533db2521d44ff5aeb2,2024-02-06,11:55 AM,STATION  ,Debit Card,N/A,Standard,advance,7.0,birmingham new street  ,MANCHESTER PICCADILLY,07-02-2024,11:15:00,12:35:00,13:17:00,Delayed,Technical Issue,true
e211e436-4929-49c9-aa9f,"January 09, 2024",9:08 AM,ONLINE,credit card,,First Class, Advance,57.0,london kings cross,York,01/10/2024,7:30 AM,09:20:00,09:20:00,On Time,,n/a
9b786bb2-978e-4872-9e0e,04/02/2024,05:04:47,Online,Credit Card,disabled,Standard, Off-Peak,22.0,Birmingham New Street,london st pancras,2024-02-04,06:30:00,07:50:00,07:50:00,on time,,N
404ab52b-e458-4b11-9c4c,20-04-2024,18:12:37,Online,Creditcard,Senior,Standard,Off-Peak,2.0,Manchester Piccadilly, Liverpool Lime Street,04/20/2024,6:45 PM,19:15:00,19:15:00,On Time,,No
bcaf3177-a3c4-450e-87f2,2024/02/10,17:59:47,Online,-,Adult,Std,Advance,£2.00,MANCHESTER PICCADILLY,Liverpool Lime Street  ,18-02-2024,4:15 PM,4:45 PM,4:45 PM, on time  ,-,FALSE
b4a7e5d9-90fe-4272-a743,2024/01/13,8:45 AM,Online,Contactless  ,,Standard,OFF-PEAK,53.0,london kings cross,York,01/13/2024,10:15:00,12:05:00,12:05:00, On Time,,No
1fcfd74a-108f-45d2-8df9,2024-02-05,10:44:46,online,Contactless,,Standard,advance,7.0,london euston,Birmingham New Street,25-02-2024,09:00:00,10:20:00,10:20 AM,On-Time,,FALSE
c001cd35-832f-4940-9114,02/16/2024,07:46:09,Online,Credit Card,Senior,Std,advance,2.0,Manchester Piccadilly,LIVERPOOL LIME STREET,17-02-2024,06:15:00,06:45:00,NULL,On Time,,no
4798d1d3-eae0-4f25-ad41,27-01-2024,19:55:33,Online,Creditcard,Disabled,Standard,Off-Peak,13.0,London Paddington, READING  ,2024-01-27,21:15:00,22:15:00,22:15:00,On Time,,FALSE
d08d2d2f-1e63-4b6a-bb36,2024/02/06,20:20:44,online,N/A,,First Class,Advance,11.0,Birmingham New Street,tamworth,02/15/2024,18:45:00,19:05:00,7:05 PM, On Time,,No
9FC9D109-3CA4-4529-887A,2024-02-18,17:21:09,Online,Credit Card  ,Disabled,Standrd,advance  ,4.0,London Euston  , BIRMINGHAM NEW STREET,28/02/2024,15:45:00,17:05:00,5:05 PM,OnTime,,FALSE
91036441-9a65-4ecf-93d5,28/04/2024,12:01 PM,Online,Credit Card,,Standard,OFF-PEAK  ,10000.0,London Euston,Birmingham New Street,04/28/2024,13:30:00,2:50 PM,2:50 PM, ON TIME,,0
98d96498-22f8-4374-96a6,31-01-2024,3:33 PM,STATION,Credit Card,,STANDARD, ADVANCE,13.0,London Paddington,Reading,2024-02-01,14:00:00,15:00:00,n/a,ON TIME,,
68e317dc-2c82-4544-965d,2024-04-13,08:00:07,Online  ,CREDIT CARD,Disabled,Standard, ADVANCE  ,-4.0,York  ,Doncaster,2024/04/14,6:30 AM,07:00:00,07:00:00,On Time,,FALSE
26ce3aaf-5dba-4797-9819,06/02/2024,14:44:46,ONLINE,Contactless,,Std, Advance,24.0, York  ,Edinburgh Waverley,2024-02-09,13:00:00,15:30:00,3:30 PM,OnTime,N/A,N
7781236ee4254de58fea,08/01/2024,3:56 AM,online,Credit Card,,Standard, Advance,7.0,London Euston,birmingham new street  ,"January 09, 2024",2:15 AM,03:35:00,03:35:00,on time,,0
4d3d9438-591e-4981-90f4,2024-01-12,9:15 AM,Station,-,,Standrd,Advance,86.0,manchester piccadilly,London Paddington,"January 13, 2024",07:45:00,10:00 AM,10:00:00,On Time,,FALSE
8fe49731-42de-4676-b4a9,03/16/2024,5:02 AM,ONLINE,CREDIT CARD  ,n/a,STANDARD,Off-Peak,10.0,London Euston,Birmingham New Street,16-03-2024,06:30:00,07:50:00,7:50 AM,on time,,false
d66a1517-c661-4f43-ab33,2024-03-19,11:59 PM,Station,Creditcard,, STANDARD  ,advance,35.0,London Kings Cross  ,York,20/03/2024,22:15:00,12:05 AM,,Cancelled, SIGNAL FAILURE,0
c5ae2a52-efc4-4525-aff0,02/07/2024,5:28 PM,ONLINE,Credit Card,,STANDARD,ANYTIME,-,London St Pancras,birmingham new street,07-02-2024,6:45 PM,20:05:00,20:05:00,on time,,No
9be8db6d-962b-4f8d-8796,2024-01-22,04:15:29,station  , Credit Card,adult  ,Standard,Off-Peak  ,65.0,London Kings Cross,Liverpool Lime Street,01/22/2024,05:45:00,8:00 AM,,On Time  ,,no
E3B086B7-89F1-488D-9F2B,"February 20, 2024",07:56:14,Online,None,Senior  ,Standard,Advance,2.0,MANCHESTER PICCADILLY,Liverpool Lime Street,2024-02-23,6:15 AM,06:45:00,06:45:00, On Time  ,,FALSE
95f9bc8e-b8d5-4038-be04,2024/01/16,2:41 PM,Online,Contactless,,Standard,Advance,7.0,London Euston  ,birmingham new street,2024-01-17,13:00:00,2:20 PM,2:20 PM,On Time,,No
0B22AA57-7592-448A-9745,03/23/2024,17:56:40,online,Contacless,adult,Standrd,Advance,-,Birmingham New Street,Manchester Piccadilly,2024/03/24,16:15:00,17:35:00,,Cancelled  ,Signal failure,no
123bc7e9-3821-45d2-b639,2024-01-27,07:49:24,Online, Debit Card,Senior,standard  ,Advance,8.0,London Paddington,READING,28-01-2024,06:15:00,07:15:00,07:15:00,OnTime,,0
8c83d39e-c405-4cc2-9ba1,03-04-2024,6:02 AM,Online,Credit Crad,,STANDARD  ,Anytime  ,70000.0,london kings cross,York,2024-04-03,07:30:00,09:20:00,09:20:00,on time,,FALSE
0eb6d103-7dd1-44d7-b219,01/26/2024,01:05:03,Station,Credit Card,,Std,Off-Peak,12.0, london st pancras, Birmingham New Street,2024-01-26,23:30:00,00:50:00,00:50:00,On Time,,No
3b3703ce-e7b5-4966-8b2a,02/07/2024,09:50:53,Online,contactless,Adult,standard, Advance,£23.00,London Kings Cross,York,2024-02-15,08:15:00,10:05 AM,10:05:00, On Time  ,,No
1ec21d66-b0d4-4589-a132,2024-04-25,02:50:41,ONLINE,Contacless,,Standard, Off-Peak,£4.00,Manchester Piccadilly,Liverpool Lime Street,2024-04-25,04:15:00,04:45:00,04:45:00,On Time,,No
B62FDD3C-11FF-4EF0-AD5F,04/12/2024,11:32 PM,Online,Credit Card,,standard,advance,13.0, London Paddington,Reading,13-04-2024,01:00:00,2:00 AM,02:00:00,On Time,,N
1991d0f8-6574-4c2f-a6a0,"February 24, 2024",10:42:25,Online,credit card,,Standard,ADVANCE,35.0, London Kings Cross,York,2024-02-25,09:00:00,10:50:00,10:50:00,On Time,n/a,N
f5795fcc-3bf0-411b-9f8f,04/30/2024,03:01:39,Online, Contactless,,STANDARD,Off-Peak,53.0,London Kings Cross,YORK,30-04-2024,04:30:00,06:20:00,06:20:00, ON TIME,,0
7a8196ac-8251-480b-8d35,04/17/2024,21:37:00,STATION,credit card,,Standard,Advance,13.0,London Paddington,Reading,2024-04-18,20:00:00,21:00:00,21:00:00,OnTime,,No
33aba7da-aea7-4899-a787,"April 10, 2024",07:15:22,Online,Contacless,,Standard,Anytime,5.0,manchester piccadilly,Liverpool Lime Street,04/10/2024,8:45 AM,09:15:00,9:15 AM,On-Time,,false
811a7924-6016-408c-ac71,04/18/2024,18:54:59,Station  ,Credit Card,,Standard,Advance,76.0,Liverpool Lime Street  ,London Euston  ,2024/04/19,17:15:00,19:30:00,19:30:00,OnTime,,FALSE
9575228fcedc438d8bb0,07-04-2024,21:45:57,station,CREDIT CARD,NULL,first class  ,Advance,27.0,London Paddington  ,Reading,08-04-2024,8:15 PM,9:15 PM,9:15 PM,On Time,,FALSE
6e80fa6c-05e8-4f59-9bbd,2024-02-20,15:46:52,Station  ,Contactless,, Standard,Advance,£73.00,London Paddington,manchester piccadilly,2024-02-27,14:15:00,16:30:00,16:30:00,On-Time,,0
cd998d57-3554-4d89-905f,2024-02-01,04:58:49,ONLINE,Debit Card,Senior,Standard  ,ANYTIME  ,17.0, London Paddington,READING  ,2024-02-01,6:15 AM,07:15:00,7:15 AM, On Time,-,false
5230f0e1-1c9e-4181-a00e,11-01-2024,1:29 AM,Online,Credit Card,, standard,Advance,13.0,LONDON PADDINGTON, Reading  ,01/12/2024,23:45:00,00:45:00,12:45 AM,On-Time,,no
1450bfa5-40a7-485a-88ec,18-01-2024,10:36:36,station,Credit Card,,STANDARD,Advance,£3.00, Manchester Piccadilly,Liverpool Lime Street,19/01/2024,09:00:00,09:30:00,09:30:00,On Time,NULL,N
8C07BDE6-4E13-4807-9814,01/10/2024,05:52:30, ONLINE,Credit Card,Senior,Standard, OFF-PEAK,35.0,London Kings Cross, York,01/10/2024,09:30:00,11:20:00,11:20:00,On Time,,No
aec27960-ae47-4f14-98b0,03/24/2024,14:18:15,Online  ,Credit Card,,Standrd,Advance,NULL,London Paddington,Reading,2024-03-25,12:45:00,13:45:00,1:45 PM,On-Time,,no
5cba8154-329e-4670-805b,03/17/2024,20:26:33, Station,Debit Card  , Senior,Standard,Advance,48.0,London Euston,MANCHESTER PICCADILLY,03/18/2024,18:45:00,20:35:00,8:35 PM, On Time,,false
b713e696-dd5e-45fa-a72a,03/29/2024,17:20:40,Station,Contacless,,Standard  , Anytime,70.0,London Kings Cross,YORK,2024-03-29,18:45:00,20:35:00,20:35:00,On Time,,N
1a350d9a-333e-4967-a715,02/10/2024,10:35:27, Online,CREDIT CARD,,standard, Advance,8.0,London St Pancras,Birmingham New Street,2024-02-20,09:00:00,10:20:00,,cancelled,Signal Failure,N
fa3a287c-74d3-4fd5-b0af,2024-04-16,9:41 AM, STATION,Credit Card  ,NULL,Standard,Advance,8.0,London St Pancras,Birmingham New Street,2024-04-17,08:00:00,09:20:00,09:20:00,On Time,,no
97203c12-be97-4199-8ac0,2024/03/05,16:11:29,Station,Contactless,Adult  ,STANDARD, anytime,101.0,Liverpool Lime Street  ,London Euston,05/03/2024,5:30 PM,7:45 PM,7:45 PM,Delayed,Technical Issue,no
f22b52a2753c4cc4823f,23-04-2024,15:37:43,Station, Credit Card,None,FIRST CLASS,Advance,70.0,London Paddington,Liverpool Lime Street,"April 24, 2024",14:00:00,16:30:00,16:30:00,on time,,no
9a8d20ac-83ba-4f27-8b9a,08-03-2024,01:36:32,Station,Contact less,DISABLED,Standard,advance,2.0,Liverpool Lime Street,MANCHESTER PICCADILLY,09/03/2024,00:00:00,12:30 AM,00:30:00,On Time  ,,N
ff6c7cec-dd5f-4471-aef5,01/15/2024,09:35:49,station,,,STANDARD,Off-Peak,4.0, MANCHESTER PICCADILLY  ,Liverpool Lime Street,2024-01-15,11:00:00,11:30 AM,12:35:00, Delayed,staff shortage,0
7de79b28-7705-434d-9f9c,04/09/2024,14:59:57,Online,Credit Card,,Standard,ADVANCE,7.00 GBP, London Euston, Birmingham New Street  ,10/04/2024,13:15:00,2:35 PM,14:35:00,On-Time,,N
b09581de-daf1-4757-93bc,"January 21, 2024",07:28:23,Online,,, First Class,Off-Peak,41.0,London Paddington, Reading,01/21/2024,07:45:00,08:45:00,8:45 AM, On Time  ,,no
843ffcc7-ed50-4c15-8e39,2024-04-21,05:43:56,Online,Credit Crad,Senior, STANDARD,Off-Peak,35.0,london kings cross  ,York  ,2024-04-21,09:30:00,11:20:00,11:20:00,ON TIME,,No
c3c85c9e-45ae-40de-be17,2024-03-02,9:25 AM,ONLINE,Contact less,,Standard  ,Advance,7.0,London Euston,Birmingham New Street  ,03/03/2024,07:45:00,9:05 AM,09:05:00,On-Time,,FALSE
CA5D7A1D-A328-4438-881F,03/10/2024,07:35:20, Online,Contactless,,Standrd,Off-Peak,-19.0, London Paddington,reading,2024-03-10,9:00 AM,10:00:00,10:00:00,On Time,,false
e1457269-8c93-4549-a354,01/27/2024,5:08 AM,Online,credit card,Disabled,Standard,Off-Peak,5.0,York,Doncaster,27-01-2024,6:30 AM,07:00:00,7:45 AM,DELAYED  ,Weather  ,no
24f5f4ea-5d71-427e-8595,04/11/2024,18:20:26,Station,CONTACTLESS,,Standard,Off-Peak,53.0, London Kings Cross,york,11/04/2024,19:45:00,21:35:00,21:35:00,On Time,,0
d7d5d05d-b960-47cf-90d7,2024/02/09,6:01 AM,ONLINE,NULL,None,Standard,Anytime  ,,London St Pancras,Birmingham New Street,02/09/2024,07:30:00,8:50 AM,08:50:00,On Time,,No
3D556EBE-ED91-4ADC-804F,01/31/2024,00:14:23,online,Contactless,disabled  ,First Class,Off-Peak,54.0,London St Pancras  ,Birmingham New Street,2024-01-31,01:30:00,02:50:00,02:50:00, On Time,,no
ce8d857a-f33c-4114-aaaa,12-02-2024,17:50:43,online,-,adult  ,standard,Advance,-16.0,london st pancras,Leicester  ,13/02/2024,16:15:00,5:15 PM,5:15 PM, On Time,,0
17FA8C85-BE4F-4BDB-8A7F,25-04-2024,18:49:00,Online,Contactless,,Standard,OFF-PEAK,107.0,London Euston,Manchester Piccadilly  ,25-04-2024,20:15:00,22:05:00,10:05 PM,on time,,no
34a89f79-b658-4aa3-a74b,2024/02/26,05:59:19,Online,CREDIT CARD,N/A, Standard,Anytime,70.0,London Kings Cross, York,26-02-2024,07:15:00,09:05:00,09:05:00,on time,,n/a
c1f42810-a865-4823-8dba,18-01-2024,16:15:44,online,Creditcard,,STANDARD, Advance  ,13.0,London Paddington,Reading,"January 19, 2024",14:45:00,15:45:00,15:45:00,On Time  ,,No
3c921777-2bb6-439d-9555,2024/03/12,23:10:39,Station,Contactless,,standard,Advance,35.0,london kings cross,York  ,13-03-2024,12:30 AM,2:20 AM,02:20:00,On Time  ,,false
6964bbaa-6b48-4fbd-bdba,2024-03-14,05:26:32,Online,n/a,,Std,ANYTIME  ,6.0, Liverpool Lime Street,manchester piccadilly  ,03/14/2024,06:45:00,7:15 AM,07:15:00,On Time,n/a,N
01262da9-7e6e-4975-b78f,30/04/2024,09:38:40, Online,Contactless,,Standrd,OFF-PEAK,26.0, Oxford, Bristol Temple Meads  ,04/30/2024,11:00:00,12:15:00,12:15 PM, On Time,,N
f857e297-a4ba-463c-adfe,2024-03-12,17:17:26,Online,Credit Crad,,Standard,anytime  ,10.0,Birmingham New Street,tamworth,03/12/2024,18:45:00,19:05:00,19:05:00,OnTime,,no
bc1053b2-9f8a-402a-8a52,2024-04-16,14:22:02,Online,Credit Card,DISABLED,1st Class,ADVANCE,18.0,london paddington,Reading,"April 17, 2024",12:45:00,1:45 PM,13:45:00,On Time,,N
0910288F-A634-4E15-914B,03-04-2024,06:39:24, Station,N/A,,Standard,Anytime,151.0,LIVERPOOL LIME STREET,LONDON EUSTON,"April 03, 2024",08:00:00,10:15:00,11:00:00,Delayed  ,weather,no
f150b3c7-474c-4340-9477,02/05/2024,1:14 AM,station,Credit Card,,Standard,Advance  ,8.0, London St Pancras,Birmingham New Street,2024-02-08,23:30:00,00:50:00,12:50 AM,On Time,,false
a81a9300-b694-4095-8da8,02/14/2024,17:25:34, ONLINE,Credit Crad,DISABLED,Standard,Advance,4.0,London Euston, birmingham new street,24-02-2024,15:45:00,5:05 PM,5:05 PM,On-Time,,false
cacaf1c6-8661-4e4f-84cc,27-03-2024,07:46:03, Online,Credit Card,,Standard,Advance,NULL,LONDON KINGS CROSS,york,03/28/2024,6:15 AM,08:05:00,08:05:00,On Time,,No
15A6B56DAF26498EBFD5,06-02-2024,07:17:33, Online,Credit Card,,Standard,Anytime,35.00 GBP,London Paddington,OXFORD,2024/02/06,07:45:00,09:15:00,09:15:00,On Time,,No
920622d5-8b56-4ef9-899d,08-02-2024,17:49:23,online,,,Standard, Advance,7.0,LONDON EUSTON  ,birmingham new street,2024-02-09,4:15 PM,17:35:00,17:35:00,On-Time,,false
ad84d653-e508-46a8-b077,2024-03-12,19:20:19,Online,Credit Card, Senior  ,First Class,Advance,6.0,Manchester Piccadilly,Liverpool Lime Street,"March 13, 2024",6:45 PM,7:15 PM,7:15 PM, On Time  ,,FALSE
88B49BA3-D1AF-4A4E-BF9D,2024-03-18,7:15 PM,STATION, Credit Card,,Standard,Off-Peak,£10.00,London Euston,BIRMINGHAM NEW STREET,2024-03-18,20:45:00,22:05:00,10:05 PM,On-Time,,no
4c897a91-bd0e-4cbc-ab1b,02/07/2024,18:54:34,ONLINE,Contactless,,STANDARD,advance,3.00 GBP,manchester piccadilly,Liverpool Lime Street  ,2024-02-15,17:15:00,17:45:00,None,On Time,,FALSE
713F887E-7FA6-414D-A525,2024-01-31,05:29:09,Station,N/A,,Standard,Anytime  ,25000.0,London Paddington,Reading,31/01/2024,6:45 AM,07:45:00,07:45:00, On Time,,0
5437866c-8104-4ccf-9d58,04/23/2024,18:43:01,station, Credit Card  ,,standard,Off-Peak,-,London Paddington,Reading  ,"April 23, 2024",8:00 PM,21:00:00,21:00:00,On Time,,FALSE
0b11e654-3930-480f-83d8,2024-03-03,07:52:04,Online,Credit Card,Senior,Std, Advance,2.0,Manchester Piccadilly,liverpool lime street,2024-03-04,6:15 AM,06:45:00,06:45:00,On Time,,0
4855c21d-484a-4cfa-8ffc,2024-01-17,19:26:06,Online, Credit Card,Senior,Std,ADVANCE,2.0,Manchester Piccadilly,Liverpool Lime Street  ,18-01-2024,18:45:00,19:15:00,19:15:00,OnTime,,FALSE
cfbcd967-49b1-41ac-baa1,28/01/2024,17:19:48,online  ,Debit Card,Senior,Std,off-peak,4.0, reading,Didcot,28-01-2024,18:45:00,19:00:00,19:00:00, On Time,,No
8d701850-e488-4805-a76f,2024-02-03,3:37 AM,ONLINE,Credit Card,,1st Class,Advance,NULL,LIVERPOOL LIME STREET  , Manchester Piccadilly,2024-02-10,02:00:00,02:30:00,02:30:00, on time  ,,0
80f48fb3-2896-4f4d-be75,12/01/2024,12:03 PM,station,Contact less,Senior,STANDARD, Off-Peak,£3.00,MANCHESTER PICCADILLY,LIVERPOOL LIME STREET  ,12/01/2024,13:30:00,2:00 PM,14:00:00, on time,,0
b03e9d8be4e54eff90cc,2024-02-13,00:12:53,Online  ,Contacless,,STANDARD,Advance,10.0,Manchester Piccadilly  , leeds,26/02/2024,10:30 PM,11:15 PM,23:15:00,OnTime,,false
11b74942-6e12-4c83-b464,06-03-2024,5:34 PM,Station,CREDIT CARD,ADULT,Standard,advance,4.0,London Euston,Birmingham New Street,07/03/2024,16:00:00,17:20:00,6:56 PM,Delayed,WEATHER,NULL
622238fb-d04b-4c35-97e7,2024-02-11,12:05 AM, Online  ,Credit Card,,Standard, off-peak,19.0, London Paddington,Reading  ,2024/02/11,01:30:00,02:30:00,2:30 AM,On-Time,,false
3336dc49-505e-44fb-986d,2024-04-16,8:29 AM,Online, Credit Card  ,,First Class,Advance,27.0,LONDON PADDINGTON,READING,2024-04-17,07:45:00,08:45:00,n/a,Canceled,n/a,no
4a14ef5f-d3a6-4523-8e7f,2024-02-06,8:41 PM,Online, Contactless,,Standard,Advance,24.0,York,Edinburgh,2024-02-24,19:00:00,9:30 PM,21:30:00,On-Time,,N
13716f19-7695-4d6c-9d71,04/10/2024,3:30 PM,Station,None,,Standard,Anytime  ,16.0,London St Pancras  ,birmingham new street,10/04/2024,17:00:00,18:20:00,18:20:00,On Time,,N
590e92090524455e9154,2024/02/03,04:19:04,Online  ,CC,,Standrd,ADVANCE,3.00 GBP,Liverpool Lime Street,Manchester Piccadilly,2024-02-04,02:45:00,3:15 AM,03:15:00,On Time,,0
0e57b6fb-9546-4305-aebb,2024-02-09,19:38:23, station, Credit Card,,Std,Advance,3.0, Manchester Piccadilly, LIVERPOOL LIME STREET,24/02/2024,17:45:00,6:15 PM,18:15:00,On Time,,FALSE
ced5ac92-a05b-47e6-9e31,"March 08, 2024",1:43 AM, Station,Contactless  ,,Standard, Advance,n/a,liverpool lime street  ,Manchester Piccadilly,2024-03-09,00:00:00,00:30:00,00:30:00,On Time,,N
57a8a730-f39d-4c35-8052,20-02-2024,20:27:06,Online,Credit Card,,standard,Advance,13.0,London Paddington, Reading  ,21-02-2024,18:45:00,19:45:00,19:45:00,On Time,,0
9b60a106-355d-4827-834e,2024-02-13,19:24:10,online,Credit Card,Senior,Standard  ,Advance  ,16.0,LONDON ST PANCRAS,Leicester,22/02/2024,18:45:00,19:45:00,19:45:00,On Time,,0
6a7d5e39-84b0-4fe3-a2e0,01/02/2024,01:57:58,Station,Credit Card,,Standard,Advance,3.0,LIVERPOOL LIME STREET,Manchester Piccadilly  ,2024-02-02,12:15 AM,00:45:00,00:45:00,On-Time,,No
aba442c9-315d-4b1f-a681,2024-03-13,16:04:35, Station,Credit Card,,standard,Anytime,4000.0,MANCHESTER PICCADILLY, Warrington  ,13-03-2024,17:45:00,6:05 PM,18:05:00,On Time,,N
e8da62e7-ea59-483e-846e,15-02-2024,16:32:09,STATION,Credit Card,,Standard,Advance,13.0,London Paddington,READING,"February 17, 2024",15:00:00,16:00:00,16:00:00, On Time,,No
8f0f0eb1-d7ae-4c8d-87dc,02/04/2024,1:23 AM,Online, Contactless,,Standard,advance  ,7.0,London Euston,Birmingham New Street,2024-02-20,23:45:00,1:05 AM,01:05:00, On Time,,No
33bc332b-8978-4658-bbfd,2024-01-11,2:10 PM, ONLINE  ,n/a,DISABLED,Std,Off-Peak,£7.00,LONDON EUSTON,birmingham new street,"January 11, 2024",3:30 PM,16:50:00,16:50:00,On Time,,0
44f0e52b-a76d-444e-b060,2024-02-03,08:01:46,Online,Credit Card,, STANDARD,advance,7.0,London Euston,BIRMINGHAM NEW STREET,13/02/2024,06:30:00,07:50:00,07:50:00,On Time,,N
9d94c7012f8644a49400,"April 09, 2024",1:41 PM,Station,Contact less,,Std, ADVANCE,22.0,Birmingham New Street,LONDON ST PANCRAS,04/10/2024,12:00:00,13:20:00,13:20:00,On Time,,no
681a68de-d2a5-4956-a5bd,2024/01/14,12:14 PM,Station,Credit Card  ,, Standard,ADVANCE,,manchester piccadilly  ,Liverpool Lime Street,01/15/2024,10:30 AM,11:00 AM,None,ON TIME  ,,0
b43b2cb6-ccb7-422b-9738,04/09/2024,15:09:24,Online,Contactless,Adult,Std,Anytime,114.0,MANCHESTER PICCADILLY  ,London Kings Cross,2024-04-09,16:30:00,18:45:00,18:45:00,on time,,0
8d9f08be-1a2a-4e46-b8ff,2024-01-10,15:10:27,Station,CREDIT CARD,,Standard, anytime,10.0,Birmingham New Street,stafford  ,2024/01/10,5:45 PM,18:15:00,18:15:00,On-Time,,No
a03f1ca5-5ba5-4b57-bec3,01/21/2024,21:49:30, online,Contactless,,Standard,advance,, london euston  ,Manchester Piccadilly,22-01-2024,20:15:00,22:05:00,22:05:00,On-Time,,No
2f303906-3e02-49e4-888b,2024/01/25,4:14 PM, STATION,CREDIT CARD,,Standard,Anytime,5.0, Manchester Piccadilly, liverpool lime street,2024-01-25,17:45:00,18:15:00,18:15:00,On Time,,N
5c2eea5a-f7c6-4dfe-93f1,18/04/2024,2:10 AM,Station,Contactless  ,,first class,Advance,10.0,Liverpool Lime Street,Manchester Piccadilly,04/19/2024,12:30 AM,01:00:00,01:00:00,On-Time,,0
19874b68-96df-4e16-b745,04/04/2024,08:52:04, station,NULL,,Standard,Advance,13.0, LONDON PADDINGTON,Reading  ,04/05/2024,07:15:00,08:15:00,08:15:00,On Time,,No
cb32de14-7760-4fdb-88b1,2024/03/20,19:55:53,Station,Creditcard,, STANDARD,Advance,NULL,London St Pancras, Birmingham New Street,03/21/2024,18:15:00,19:35:00,19:35:00,on time,,FALSE
bb416517-39a2-4db5-b9be,2024/01/02,01:22:25,Online,,,Standard,OFF-PEAK,N/A,Liverpool Lime Street  ,MANCHESTER PICCADILLY,2024/01/02,2:45 AM,3:15 AM,03:15:00,OnTime,,false
7225bca2-faf5-4998-96eb,2024/02/14,9:01 AM,Online,Credit Card,,Std,ADVANCE,£35.00,london kings cross, YORK,2024-02-15,7:30 AM,09:20:00,09:20:00,ON TIME,,No
f8ec888c-cca6-47d5-bbfd,2024/01/04,21:52:02,Station,Contactless,,STANDARD  ,Advance,3.0,Liverpool Lime Street,Manchester Piccadilly,05/01/2024,20:15:00,20:45:00,20:45:00,On Time,,false
0e65549b-cf6e-4c5f-b0cd,09/04/2024,17:23:00,STATION,CONTACTLESS,,Standard,Advance,7.0,London Euston, Birmingham New Street,2024/04/10,3:45 PM,5:05 PM,17:05:00,on time,,n/a
D51DE7EF-5DCD-406A-A370,02/04/2024,8:15 AM,Online,None,,Standard,Advance,£18.00,London Paddington,oxford  ,02/05/2024,7:45 AM,09:15:00,09:15:00,On Time,,No
b0712342-3dde-4375-93e4,2024-03-20,12:39:37,Station,Credit Card,, Standard,Off-Peak,19.0, London Paddington,reading,20-03-2024,14:00:00,15:00:00,15:00:00, On Time,,false
f678d1f3-98ad-4e8f-9432,2024/01/25,2:39 PM, Station, debit card  ,DISABLED,Standard,Anytime,9.0,London Euston  , Birmingham New Street,2024-01-25,16:00:00,5:20 PM,17:20:00,On Time,,0
bdb0f3fd-b1aa-4703-9db7,26/04/2024,12:14 PM,Station,Contactless,Senior  , Standard,Off-Peak,3.0,Manchester Piccadilly,Liverpool Lime Street,26/04/2024,1:30 PM,14:00:00,14:00:00,On Time  ,,FALSE
2e18482b-48c7-4b7c-8ba5,2024-01-26,09:04:43, Online  ,credit card  ,disabled  , Standard,Advance,23.0,London Kings Cross,York,27/01/2024,07:30:00,9:20 AM,09:20:00, On Time,None,No
55416faa-682a-44b1-bcb8,"April 12, 2024",08:03:05,Station, credit card  ,,Standard,Advance,3.0,Manchester Piccadilly,Liverpool Lime Street,13-04-2024,6:30 AM,7:00 AM,07:00:00,On Time,,false
d7d7c2d2-caff-4805-a20e,"March 02, 2024",6:07 AM,Station, Contactless,,Standard,Advance,8.00 GBP,London St Pancras,Birmingham New Street,03/03/2024,04:30:00,05:50:00,05:50:00,On Time,,FALSE
c0e7b389-4c48-4c22-8a42,05/02/2024,14:58:02,Online,CONTACTLESS  ,Adult,standard, Anytime,31.0,LONDON ST PANCRAS,Leicester,2024-02-05,16:15:00,5:15 PM,17:15:00,On Time,,false
81bb1f3a-7359-4294-9fb0,04/06/2024,14:29:10, Online,Contactless  ,,Standrd,Off-Peak,8.0, Birmingham New Street,Liverpool Lime Street,06-04-2024,15:45:00,17:15:00,17:15:00,On Time,,FALSE
8b957fd1-30da-4f39-b325,2024-02-02,09:33:51,Station,credit card,,First Class,advance,118.0,Liverpool Lime Street, London Euston  ,02/03/2024,08:00:00,10:15:00,10:57 AM, DELAYED,,0
85b72f3b565a4db0b9a0,07-02-2024,19:33:25,online  ,Credit Card,SENIOR,Standard, Advance,n/a,LONDON ST PANCRAS,Leicester,"February 28, 2024",18:45:00,7:45 PM,19:45:00,On Time  ,,FALSE
ed288f0b-29ef-416a-87ba,2024/04/20,6:44 AM,Online  , Contactless,,Standard,Off-Peak,8.0,Reading, OXFORD,04/20/2024,08:00:00,8:25 AM,08:25:00,ON TIME,,FALSE
274e3b48-6f6a-45bb-bfda,12/01/2024,17:20:23,Online  ,CREDIT CARD,,STANDARD,Anytime,10.0,Birmingham New Street,Tamworth,2024-01-12,18:45:00,19:05:00,19:05:00,On Time,-,no
33f85a49-53a1-449e-9af9,2024/01/14,7:20 AM,ONLINE,N/A,,Standard,Off-Peak,19.0,London Paddington,Reading,14-01-2024,07:45:00,08:45:00,08:45:00,On Time  ,,FALSE
861bba60-f994-4353-bbf6,2024/02/07,20:18:06,Online,Credit Card,,Standard,Advance,8.0,London St Pancras  ,birmingham new street,2024/02/08,18:45:00,8:05 PM,20:05:00,On Time  ,,false
0f6f8ec1-97f0-4b17-8f60,2024-04-20,20:10:16,Station,None, adult  ,standard, advance,13.0, BIRMINGHAM NEW STREET,York,21-04-2024,18:30:00,20:15:00,20:15:00,On Time  ,,false
c35c9acb-7362-4e2c-84b6,2024-01-17,09:11:39,Online,Credit Card  ,,Standard,Advance,35.0,London Kings Cross,York  ,2024/01/18,7:30 AM,09:20:00,09:20:00, on time  ,,FALSE
594210f4-97cf-4bec-947c,2024-01-31,4:25 AM,Online,credit card,,standard  , OFF-PEAK,12.0, LONDON ST PANCRAS,Birmingham New Street,01/31/2024,05:45:00,07:05:00,07:05:00,On Time,,N
9447eac2-6808-4190-a283,2024-04-18,17:42:39, Station  ,CONTACTLESS  ,Senior,Standard,Advance,2.0, Manchester Piccadilly,LIVERPOOL LIME STREET  ,2024-04-19,4:00 PM,4:30 PM,4:30 PM, On Time,,FALSE
41c11c0f-06f2-4712-845f,02/04/2024,9:30 PM,Station  , Credit Card,N/A,Std,advance,13.0,London Paddington  ,Reading,2024-04-03,20:00:00,21:00:00,,Canceled,Signal Failure,N
d11fe25b-80e3-4cfc-aeb8,15/02/2024,07:56:46, Station,Contactless,,Standard, ADVANCE,£35.00,London Kings Cross, york,02/26/2024,06:15:00,08:05:00,08:15:00,Delayed,Technical Issue,FALSE
0a7dd916-e85d-4a85-a854,03/22/2024,5:28 PM,Station,Contactless  ,,Standard,Advance,3.0,Manchester Piccadilly,Liverpool Lime Street,2024/03/23,15:45:00,16:15:00,n/a,ON TIME,,0
b4bb4658-3e02-497b-921b,02/14/2024,14:24:31,Station  ,Credit Card,Adult  ,Standard  , Advance  ,16.0,York,edinburgh,02/15/2024,12:45:00,15:15:00,15:15:00,On Time,,0
be6351e0-ce78-4c90-b442,2024/03/10,17:18:07,Online,Credit Card,,Standard  ,Off-Peak,12.0,London St Pancras  ,Birmingham New Street,10-03-2024,18:45:00,20:05:00,N/A, Cancelled, weather  ,no
772edddf-3d80-485e-87c6,2024-01-22,9:11 AM,Station  ,Credit Card,Disabled,Standard,Off-Peak,3.0,Liverpool Lime Street, Manchester Piccadilly,"January 22, 2024",10:30:00,11:00:00,11:00:00,On-Time,n/a,None
03615e61-9aa8-4826-8016,2024-01-21,20:15:34, Online,Credit Card,Senior,Std,Advance,6.0,Liverpool Lime Street,CREWE,2024/01/22,18:45:00,19:20:00,19:20:00,OnTime,,0
5e02b019e8294384b7d4,2024-02-04,2:40 PM,ONLINE  ,Contactless,,STANDARD,Advance,35.0,london kings cross  ,York,2024-02-05,13:00:00,2:50 PM,14:50:00,On-Time,,false
7e112adb-32d1-4503-a125,03-04-2024,17:58:14,Online  , Contactless  ,Adult,Standard  ,Advance  ,None,MANCHESTER PICCADILLY,Liverpool Lime Street,04-04-2024,16:15:00,16:45:00,16:45:00,on time,,N
19874b68-96df-4e16-b745,2024/04/04,08:52:04,Station,contactless  ,, STANDARD,Advance,13.0,LONDON PADDINGTON  ,Reading,2024-04-05,07:15:00,08:15:00,08:15:00,On Time  ,,No
785de969-8b5f-4156-abf5,03/06/2024,03:03:53,Online  ,Contactless,Disabled,Standard,Advance,5.0,london st pancras,BIRMINGHAM NEW STREET,2024-03-07,1:30 AM,02:50:00,02:50:00,ON TIME,,FALSE
bf82ef18-3740-46c1-96ba,02/15/2024,17:41:44,Station,None,Disabled,Std, Advance,-,London Euston, BIRMINGHAM NEW STREET,"February 17, 2024",16:00:00,17:20:00,17:20:00, On Time,,N
96df6d63-9636-4813-be72,14/01/2024,9:52 PM,ONLINE,Credit Crad,,Standard,Advance,72.0,London Euston,Manchester Piccadilly,2024-01-15,20:15:00,22:05:00,22:05:00,On Time,,no
5ccba16e-b4ff-4480-ac89,2024/02/03,15:36:53,Online,None,,Standrd,Off-Peak,19.0, London Paddington,READING,03/02/2024,5:00 PM,6:00 PM,18:00:00,On-Time,,false
c2d1beb7-67bf-4068-b641,28-01-2024,8:34 PM,Online,Contacless,Adult,Standard,advance,7.0,Liverpool Lime Street,Leeds,29-01-2024,19:00:00,20:30:00,20:30:00,On Time,-,no
d4e63742-e61f-4d7c-9fba,03/13/2024,04:57:44, Online,Debit Card  ,Senior,First class ,Anytime,36.0,london paddington,Reading,2024/03/13,06:15:00,07:15:00,07:15:00, On Time  ,,
6b762f73-a6c5-458a-a913,22/01/2024,08:22:14,Online,Credit Card,,Standard, Advance,£13.00,London Paddington,Reading,01/23/2024,07:45:00,08:45:00,08:45:00,on time  ,,NULL
d79eb4f3-899f-4ca3-b934,2024-03-22,09:32:11,station,Credit Card,,STANDARD,Advance,84.0,Manchester Piccadilly,London Euston,2024-03-23,08:00:00,09:50:00,10:50:00,Delyed,Weather,No
0a01f10d-36be-4eec-95ef,03/19/2024,6:36 PM,Online,Contactless,,Standrd,Advance,3.0,Manchester Piccadilly,Liverpool Lime Street,2024-03-20,17:00:00,17:30:00,17:30:00,On Time,,no
1c589ee5-2e17-4613-95ef,19/03/2024,6:14 PM,Station,Credit Card,Adult,Standrd,advance,6.0,Liverpool Lime Street,Sheffield,03/20/2024,16:30:00,17:45:00,NULL,On Time,,No
32003e55-e7e4-46c3-a570,26-01-2024,16:13:20,Online,Credit Card,Disabled, Standard,ADVANCE,-8.0,London Paddington  ,Reading,2024/01/27,14:30:00,15:30:00,3:30 PM,On Time,,false
03A58F36-1B13-448E-A962,13-03-2024,07:01:08,Online, CONTACTLESS,,STANDARD  ,ANYTIME  ,13.0,London Euston,Birmingham New Street,2024-03-13,8:30 AM,9:50 AM,09:50:00, on time  ,,false
01c7ddc8-46b8-400b-adf1,2024-03-05,9:20 AM,online,Contactless  ,,Standard,ADVANCE,35.0,London Kings Cross,York  ,2024-03-06,07:45:00,09:35:00,09:35:00,On Time,-,no
87e1c00a-421c-495e-be19,09/04/2024,5:44 PM,Online,CC,,Standard  ,Off-Peak  ,4.0,Manchester Piccadilly,LIVERPOOL LIME STREET,09/04/2024,19:00:00,19:30:00,19:30:00,On Time,,N
25892572-e945-4925-8d83,2024-04-12,00:32:39,online,Credit Card,,Standard  ,Off-Peak,19.0,London Paddington,Reading,"April 12, 2024",2:00 AM,03:00:00,3:00 AM,On Time,,0
fcace863-b7c2-40eb-b7ef,"March 12, 2024",23:30:59,Station,Contactless,,Standard,advance,35.0,LONDON KINGS CROSS,York,03/13/2024,01:00:00,02:50:00,02:50:00,On Time,,no
0e9c26d6-043e-4296-9de0,02/09/2024,19:35:27,Station,Credit Crad,N/A, Standard,Advance  ,5.0,london st pancras, Birmingham New Street,21/02/2024,18:00:00,19:20:00,7:20 PM,ON TIME,,false
fb92414e-7e8a-437a-9992,26/03/2024,20:29:47,Online  ,CREDIT CARD,None,Std,Advance  ,8.0,London St Pancras,Birmingham New Street,27/03/2024,6:45 PM,8:05 PM,,Cancelled,None,None
c3c7cbeb-5f3f-4cff-b151,09-01-2024,16:23:27,Station,Credit Card,, Standard  , Anytime,13.0,london euston, Birmingham New Street,2024-01-09,17:45:00,19:05:00,19:05:00,On-Time,,N
f6320c9a-bbdf-4acd-a3e3,18/01/2024,07:25:11,Online,,,Std,Anytime,,London Paddington, OXFORD,01/18/2024,07:45:00,09:15:00,,Cancelled,weather  ,FALSE
0079e5ff-5117-46f2-a7e2,2024-01-19,08:16:39,ONLINE,CREDIT CARD,,Standard  ,Advance,18.0,London Paddington,oxford,2024-01-20,07:45:00,09:15:00,09:15:00,OnTime,,0
a703647e-650f-4b0e-a433,"March 21, 2024",09:21:42,Online  ,Contactless,,Std,Off-Peak,12.0, London St Pancras,birmingham new street,21-03-2024,09:45:00,11:05:00,11:05:00,On Time,,no
739f2333-36ed-49f0-947f,02/02/2024,07:47:37,ONLINE,None,Senior,standard,Advance,8.0,LONDON PADDINGTON,Reading,02/03/2024,6:15 AM,07:15:00,07:15:00,OnTime,,false
b42ca424-ed8b-4399-b3f9,25-04-2024,7:13 AM,online,,,Standard,Anytime,25.0,London Paddington,READING,2024/04/25,08:30:00,09:30:00,09:30:00,On-Time,,No
1f52e4d2-2099-4116-ab78,2024-01-23,05:25:42, Online, Contactless,,Standard,anytime,25.00 GBP,LONDON PADDINGTON  ,Reading,01/23/2024,06:45:00,7:45 AM,7:45 AM,On Time,,no
2410fedb-58bc-42f7-92a7,01/25/2024,03:16:28,Online, Contactless,,standard,advance,£65.00,LONDON KINGS CROSS, Liverpool Lime Street  ,26-01-2024,1:45 AM,04:00:00,04:00:00,ON TIME  ,,
ecdb9ec7-99da-45df-a553,02/05/2024,9:30 AM,Station  ,Credit Card,,Standard,Advance,76.0,LIVERPOOL LIME STREET,london euston,02/21/2024,08:00:00,10:15 AM,11:07:00,delayed,Weather,FALSE
c3747802-57e0-4bd1-8133,2024-01-21,08:29:42,Online, Credit Card,,standard,Advance,18.0,LONDON PADDINGTON,Oxford,"January 22, 2024",07:45:00,09:15:00,9:15 AM,On Time,,N
3756c9f7-39d0-4fe7-8cdb,19-02-2024,11:53:31,ONLINE,Contact less,,FIRST CLASS  ,Advance,£27.00, LONDON PADDINGTON,Reading,20/02/2024,10:15 AM,11:15:00,11:15 AM,On Time,,0
47d55e7a-38de-419e-8000,2024-01-19,12:00:02,Station,N/A,Senior,Std,Off-Peak,3.0,Manchester Piccadilly,liverpool lime street,19-01-2024,13:30:00,14:00:00,14:00:00,ON TIME,,0
58b580a4-ee7a-4cf1-8f64,04/06/2024,14:26:57,ONLINE,credit card, Disabled  ,First Class,advance,18.0,London Paddington,Reading,2024-04-07,12:45:00,13:45:00,13:45:00,OnTime,None,N
1B897F6F-8B9C-4BFE-82DF,2024/01/04,20:18:11,online,credit card,,Std,Advance,£7.00,Birmingham New Street,nuneaton  ,2024-01-05,18:45:00,19:05:00,19:05:00,on time  ,,no
0B5825B8-F4BE-4F33-AB80,01/10/2024,5:24 AM, Online,CREDIT CARD,,standard,ANYTIME,6.0,Liverpool Lime Street  ,Manchester Piccadilly,01/10/2024,6:45 AM,7:15 AM,07:15:00,On Time,,N
f6cd33a8-3e3f-4dc4-b56b,01/07/2024,02:14:39,Station, Credit Card,,Standard,Off-Peak,,Manchester Piccadilly,london euston,01/07/2024,3:30 AM,05:20:00,06:08:00, DELAYED  ,Weather Conditions  ,N
fdea173d-fe71-4e9d-95f9,2024-03-14,2:56 AM,Online,contactless  ,,STANDARD,OFF-PEAK,4.0, Manchester Piccadilly,Liverpool Lime Street  ,14-03-2024,04:15:00,4:45 AM,-,On Time,None,false
96c5b518-1cdd-4c45-96d5,02/09/2024,20:20:59,Online,Contactless  ,,Standard,Advance,3.00 GBP, manchester piccadilly,Liverpool Lime Street,10/02/2024,18:45:00,7:15 PM,7:15 PM,On Time,,0
ea86350c-dc9b-4c74-b07a,21/04/2024,8:25 AM,Online,,,Standard,advance,3.0,Manchester Piccadilly,Liverpool Lime Street,2024-04-22,06:45:00,07:15:00,07:15:00,On Time,N/A,0
943a5bf9-f805-45d1-8773,03/09/2024,13:20:01,Online,None,senior,Standard,off-peak  ,3.0,Manchester Piccadilly,Liverpool Lime Street,03/09/2024,14:45:00,15:15:00,15:15:00,On-Time,,N
3fbbe023-9892-43b6-92bf,2024/03/18,3:32 PM, Online,Credit Card,,Std, Anytime,70.0,London Kings Cross, york,2024-03-18,17:00:00,18:50:00,6:50 PM,ON TIME  ,,false
4A2AC58E-8081-4985-B960,"April 13, 2024",18:20:49, Online,, Senior,Standard,Off-Peak,2.0,Manchester Piccadilly,liverpool lime street,13/04/2024,18:45:00,19:15:00,19:15:00,On Time,,No
3f38ca2c-5056-4bb6-99ff,03/20/2024,12:34:57,online,Contacless,,Standrd,advance,8.0,London St Pancras,Birmingham New Street,21-03-2024,11:00:00,12:20:00,12:20:00,On Time  ,,0
4e122c11-2dff-40ae-b9dc,2024-01-03,14:47:43,Online, CONTACTLESS,Adult,Standard, Anytime  ,31.0,London St Pancras,LEICESTER  ,2024-01-03,16:15:00,5:15 PM,17:15:00,On Time,,no
a3162d66-2fcf-4adc-9b61,2024-01-24,05:24:39,ONLINE  ,contactless  ,,Standard,Advance,7.0,London Euston, Birmingham New Street,01/25/2024,03:45:00,5:05 AM,05:05:00,ON TIME,,No
4c715683-9e62-4e17-a977,06/02/2024,7:52 AM,Online,Credit Card  ,SENIOR,Standard  ,Advance,2.0,Manchester Piccadilly, Liverpool Lime Street,2024-02-21,06:15:00,6:45 AM,06:45:00,OnTime,,FALSE
BD2CFD5B-3022-4EE7-8070,14/02/2024,15:20:09,Online,Contactless,,Standard,Advance,8.0,LONDON ST PANCRAS,Birmingham New Street,02/28/2024,13:45:00,3:05 PM,15:05:00,On Time,n/a,false
584d08d0-815e-4e99-963e,2024-01-29,12:20 PM,Online,Contact less,,standard  ,Off-Peak  ,12.0,london st pancras  ,Birmingham New Street  ,2024/01/29,13:45:00,15:05:00,15:05:00,On Time,,no
b5646f947eb345628bc8,2024/04/20,09:41:03,station, Credit Card,,Standrd,Advance,76.0, LIVERPOOL LIME STREET,London Euston,04/21/2024,8:00 AM,10:15:00,,Cancelled  ,Traffic,No
C4F72DFF-7ED8-44A2-B538,2024-02-10,09:37:10,Station, credit card,,Standard  ,Advance,n/a,Liverpool Lime Street,London Euston,02/11/2024,8:00 AM,10:15 AM,,CANCELLED,STAFF SHORTAGE,FALSE
aadfd03245264fba871c,2024-04-18,7:32 PM,STATION  ,Credit Card,ADULT,standard, Advance,4.0,London Euston,Birmingham New Street  ,04/19/2024,17:45:00,19:05:00,19:05:00,On Time,,FALSE
f85415ac-20a5-46b3-884c,"March 19, 2024",05:55:20, station  ,Contactless,,STANDARD,ANYTIME,25.0,London Paddington,Reading,"March 19, 2024",07:15:00,08:15:00,,On Time  ,,no
177d50c5-02db-4ec1-a28d,03-03-2024,17:15:01,Online,credit card,, Standard, Off-Peak,12.0,London St Pancras  ,BIRMINGHAM NEW STREET,2024-03-03,18:45:00,20:05:00,,cancelled,Signal failure,N
1abc8185-2e5f-46f7-ab3e,22-01-2024,7:21 AM,Online  ,Creditcard,,Std,anytime,70.00 GBP,london kings cross,york,22/01/2024,7:45 AM,09:35:00,09:35:00, On Time,,0
4C1DF943-85E7-45E4-8199,01/24/2024,14:47:27,Online  ,contactless,Adult,Standard,Anytime,3.00 GBP,Manchester Piccadilly,Liverpool Lime Street  ,01/24/2024,16:15:00,4:45 PM,,Canceled,technical issue  ,N
9f97a7df99e84aa9a0d0,04/02/2024,5:18 PM, Online,Contactless,,standard  ,Anytime,25.0,London Paddington, Reading,2024/04/02,6:45 PM,19:45:00,None, On Time,,0
64870FF9-64E6-4864-9D8C,2024-02-03,19:21:51,Online,Credit Card, Senior,Standard, Advance,16.0,London St Pancras,leicester,02/04/2024,18:45:00,19:45:00,19:45:00,On Time,,N
a810c3d1-c52a-4969-a292,15/04/2024,06:07:21,Online,Credit Card,Senior, Standard,Anytime,11.0,Liverpool Lime Street,crewe  ,2024-04-15,7:30 AM,08:05:00,NULL,On Time,,0
40d4eb18-177d-4ff4-b40c,"February 08, 2024",17:39:56, Station, Credit Card,Adult, STANDARD,ADVANCE,4.0,LONDON EUSTON,Birmingham New Street,02/21/2024,4:00 PM,17:20:00,5:20 PM,On Time,,N
8213a843-b3ef-44ac-a067,2024-01-07,00:14:17,Online, Contactless,, Standard,Off-Peak,14.0, Manchester Piccadilly, Leeds,07/01/2024,10:30 PM,23:15:00,23:15:00,ON TIME,,FALSE
5ec93994-7871-4dd5-b59f,2024/01/16,05:16:46,Online, Contactless  ,-,Standard  ,Advance,£7.00,London Euston  ,Birmingham New Street,2024-01-17,3:45 AM,05:05:00,None,On Time,,false
8b2cd0ec-b40d-4a85-8ea7,18/03/2024,21:23:56,station,Contactless,,Standard,Advance,35.0,London Kings Cross,YORK,2024-03-19,19:45:00,21:35:00,21:35:00,OnTime,,No
B586F86D-B659-4DA1-A8BE,07-03-2024,07:41:45,Online,Contact less,,Standard,OFF-PEAK,19.0,LONDON PADDINGTON,Reading,2024-03-07,09:00:00,10:00:00,10:00:00,ON TIME,,no
59f5023a-ede4-4749-8610,2024-02-03,21:49:37,Station,Credit Card,,First Class,ADVANCE,54.0,London St Pancras,Birmingham New Street  ,27-02-2024,20:15:00,9:35 PM,,on time,,FALSE
1fab7096-197f-42f3-8e19,2024-03-13,11:27:30,Station,Contactless,,Standard,Off-Peak  ,5.00 GBP,Liverpool Lime Street  ,MANCHESTER PICCADILLY,2024/03/13,12:45:00,13:15:00,13:15:00,On Time,,no
944a4f3b-3531-4c1f-b07c,04/04/2024,3:04 PM,Station,Credit Card,, Standard,anytime  ,70.0, london kings cross,York,04-04-2024,16:30:00,18:20:00,18:20:00,On Time  ,N/A,FALSE
dcc126b2-bbde-4d5b-b226,01/03/2024,21:57:02, Station, Contactless  ,,STANDARD,Advance,3.0,liverpool lime street,manchester piccadilly,2024/01/04,8:15 PM,20:45:00,20:45:00,ON TIME,,false
684d9da1-60a0-47c4-97c3,2024-02-03,07:22:25,Online  ,Contactless,N/A,standard  ,Off-Peak,19.0, LONDON PADDINGTON,reading,2024-02-03,08:45:00,09:45:00,, Cancelled,Weather Conditions,true
DF494E1A-CC54-4A40-999A,03/16/2024,17:40:58, Station  ,Debit Card,Disabled,Standard  ,ADVANCE,4.0,london euston,Birmingham New Street,17/03/2024,4:00 PM,17:20:00,17:20:00, On Time,,No
bc1de000060f44a49358,04/01/2024,11:58:51,online,Credit Card,,STANDARD, Off-Peak,£10.00,london euston,BIRMINGHAM NEW STREET,2024-04-01,13:15:00,2:35 PM,14:35:00,On Time,,0
15b6d59f-a23d-437e-a121,04-02-2024,9:09 AM,online,Credit Card  ,, Standard  ,Advance,6.0,York,Doncaster  ,2024-02-29,07:30:00,08:00:00,08:00:00,on time,,None
203ab980-9131-4d10-bd1a,2024-03-15,6:47 PM,Online,,,Standrd, Off-Peak,-107.0,London Euston  ,Manchester Piccadilly,03/15/2024,20:15:00,22:05:00,22:05:00,ON TIME,,FALSE
289dbade-854d-46c3-bfa4,03/10/2024,06:39:49, Station,Credit Card  ,N/A,Standrd,OFF-PEAK,113.0,liverpool lime street  ,London Euston,2024/03/10,08:00:00,10:15:00,10:15:00,ON TIME,,no
911c353d-f22b-435c-a671,2024-01-11,15:33:04,STATION,Credit Card,,Standard  ,Anytime,16.0,LONDON ST PANCRAS,birmingham new street,01/11/2024,17:00:00,18:20:00,18:20:00,OnTime,,FALSE
9476bfe8-8703-4e10-bad5,"April 22, 2024",17:35:40, Station,Credit Crad,Adult, First Class  , Advance,35.0, LONDON EUSTON,Birmingham New Street,23/04/2024,16:00:00,17:20:00,17:38:00, Delayed,Signal Failure,0
ccd93921-34f7-4db9-b9c9,10-03-2024,18:19:31,Online,CREDIT CARD, Senior,Std,Off-Peak  ,2.0,Manchester Piccadilly,Liverpool Lime Street,03/10/2024,6:45 PM,19:15:00,7:15 PM,On Time,,FALSE
e21d6bf3-75f7-4fa1-891a,11-03-2024,9:38 AM, Online,Contacless,,Standard,Advance,13.0,london paddington  ,reading,2024-03-12,08:00:00,09:00:00,09:00:00, on time,,No
c2f444c0-bf5f-47f3-9aee,22-03-2024,06:39:02,Station,CONTACTLESS  ,,Standard,ADVANCE,3.0,Liverpool Lime Street, MANCHESTER PICCADILLY,2024/03/23,05:00:00,05:30:00,05:30:00,ON TIME,,no
a264c7c9-7a39-42b5-8b54,22/01/2024,23:59:01,station,Credit Card,,Standard,Advance,35.0,LONDON KINGS CROSS,York,2024/01/23,22:15:00,12:05 AM,00:05:00, On Time,,No
f9c6b114-4f8f-4f55-b07d,04/04/2024,03:10:39,ONLINE,Credit Card,,First Class, Off-Peak,41.0,London Paddington,Reading,04/04/2024,04:30:00,05:30:00,05:30:00,On-Time,,no
8356a694-6452-40e5-8c29,"January 23, 2024",14:01:02,ONLINE,Credit Card,, Standard,Off-Peak,N/A,LONDON ST PANCRAS,Birmingham New Street,01/23/2024,15:30:00,16:50:00,16:50:00,On Time,,No
08cc8ad5-ecc7-43fd-9248,12-03-2024,08:04:53,Online  , Credit Card  ,Disabled,Standard,ADVANCE,21.0, London St Pancras  ,Wolverhampton,03/13/2024,06:30:00,08:00:00,8:00 AM,on time,,no
e2f363f5-bb06-4f0f-a6ee,2024-04-21,06:35:04,online,Contactless,,Standard, OFF-PEAK,8.0,READING, oxford,2024-04-21,8:00 AM,08:25:00,08:25:00,on time,,no
abdb0488-dcaf-40aa-9058,2024-03-25,9:52 PM,Station,CREDIT CARD,,Standard,Advance,3.0,manchester piccadilly,Liverpool Lime Street,03/26/2024,20:15:00,8:45 PM,8:45 PM,On Time,,FALSE
560f085c-8bef-4848-80a4,02/20/2024,19:20:32, online,Credit Card  ,Senior,Standard  ,Advance,2.0, MANCHESTER PICCADILLY  ,Liverpool Lime Street  ,21-02-2024,18:45:00,19:15:00,19:15:00, On Time,,No
f02fcbbaf19d4c7ea201,2024-01-31,14:52:51,online,Creditcard,,standard,Anytime,13.0,London Euston  ,Birmingham New Street,31-01-2024,16:15:00,17:35:00,17:35:00, On Time  ,,no
e8a245e3-aaf3-444c-a6de,2024-02-10,6:59 PM,ONLINE,Credit Card,Senior,Std,Advance  ,,LONDON EUSTON,Birmingham New Street,2024/02/28,17:15:00,18:35:00,18:35:00,On Time,,No
9886f5b6f82041638efe,2024-01-02,10:42:08,Online,contactless,,standard,Off-Peak,12.0,London St Pancras,Birmingham New Street  ,2024-01-02,12:00 PM,13:20:00,1:20 PM,On Time,,No
2e1fcc1d-056f-4a46-b2c2,09/02/2024,17:03:05, STATION  ,Contact less,,Standard,ADVANCE,13.0,LONDON PADDINGTON,Reading,2024-02-11,15:30:00,16:30:00,16:30:00, On Time,,N
4e0ec0de-a6c3-4f1c-81c1,01/04/2024,00:45:30,Station,Contactless,,Standard,advance,3.0,Liverpool Lime Street,MANCHESTER PICCADILLY,01/05/2024,23:15:00,23:45:00,23:45:00, On Time,,no
09b33ab2-2d84-45b6-b47a,2024-04-15,05:01:26, Online,CREDIT CARD,disabled,standard,Anytime,29.00 GBP,Birmingham New Street,London St Pancras  ,2024/04/15,6:30 AM,07:50:00,07:50:00,On Time,,0
9eca11fb-7b04-445d-827e,17/01/2024,20:18:21,online, Credit Card,,Standard,ADVANCE  ,13.0, London Paddington  , Reading  ,02-02-2024,18:45:00,19:45:00,19:45:00,ON TIME,,no
a83982d4-dce2-4aed-8211,2024-03-02,6:32 AM,online,Credit Card,Disabled,standard,Off-Peak,71.0,London Euston,Manchester Piccadilly,2024/03/02,08:00:00,9:50 AM,09:50:00,OnTime,NULL,N/A
50ace5c2-78ca-4589-8f3d,01/12/2024,09:41:05,STATION,CC,,1st Class,Advance,118.0,Liverpool Lime Street  ,London Euston,01/13/2024,08:00:00,10:15:00,None,Delayed,Weather,No
6b3c22ff-3cf0-41f3-b20e,13-04-2024,14:56:21,online, Contactless,None,Standard,Off-Peak,11.0, Birmingham New Street, Manchester Piccadilly,04/13/2024,4:15 PM,17:35:00,5:35 PM,On-Time,,No
3e0e7f13-1c9e-4daf-b994,07-01-2024,07:33:57,Online, Contactless,,first class,OFF-PEAK,41.0,London Paddington, Reading,2024/01/07,09:00:00,10:00:00,10:00:00, On Time,,No
00108e80-2367-4414-b35d,"March 21, 2024",18:38:09,ONLINE,Creditcard,,First Class,Off-Peak,NULL,london st pancras,Birmingham New Street,2024/03/21,20:00:00,9:20 PM,21:20:00,OnTime,N/A,false
2b6cf6c4-f9cb-47d8-8bd0,13/03/2024,5:21 PM,Online,Credit Card,,1st Class,Anytime,54.00 GBP,London Paddington, Reading  ,2024-03-13,18:45:00,7:45 PM,19:45:00,OnTime,,N/A
fa97be04-0738-4c38-87d4,13/03/2024,3:23 PM,Online,Credit Card  ,None,First Class, Advance,57.0,London Kings Cross,york,"March 14, 2024",13:45:00,15:35:00,,On-Time,,false
17A18854-07BF-4031-9C6A,2024-01-07,04:50:44,Online,Credit Card,Senior,Standard, Off-Peak,2.0,Manchester Piccadilly,Liverpool Lime Street  ,07/01/2024,6:15 AM,6:45 AM,06:45:00,On-Time,,No
14c9e566-ec09-4939-8c96,2024-03-30,7:27 AM, station,Contacless,,STANDARD,Off-Peak,-4.0,Manchester Piccadilly,Liverpool Lime Street,2024-03-30,08:45:00,09:15:00,09:15:00,On Time,,N
8f13835f-f4e9-4c4f-b291,2024-01-30,5:13 AM,Online,n/a, Disabled  ,Standard, Anytime,29.0, Birmingham New Street,London St Pancras,2024-01-30,06:30:00,07:50:00,7:50 AM, ON TIME  ,,false
912fda30-479c-4d39-a94c,02-04-2024,03:42:57,Station,NULL,,STANDARD,Advance,3.00 GBP,Liverpool Lime Street,Manchester Piccadilly,2024/04/03,02:00:00,02:30:00,2:30 AM,On-Time,,no
1f31e5cf-63c8-4354-a2c0,2024/01/09,16:18:01,online,Creditcard,Senior,STANDARD,advance,2.0, Liverpool Lime Street,manchester piccadilly,10-01-2024,14:45:00,3:15 PM,15:15:00,OnTime,,FALSE
83809054-ABB6-4BF4-B5E3,03/06/2024,5:49 AM,Online,Contact less,,STANDARD,Anytime,5000.0,Manchester Piccadilly,liverpool lime street,2024/03/06,07:45:00,08:15:00,8:15 AM,OnTime,,No
eccba0cf-2fb9-444b-8da1,2024/01/16,06:14:06,Station,credit card,,Std, Anytime,13.0,London Euston  ,Birmingham New Street,2024/01/16,07:30:00,08:50:00,8:50 AM,OnTime,,No
ebfece64dbf24ea0b69c,20/02/2024,19:34:16, Station,,,Standrd,ADVANCE,N/A,Manchester Piccadilly,Liverpool Lime Street,23/02/2024,17:45:00,6:15 PM,18:15:00, on time,,
a57d62a2-342a-4a7a-aaf9,12/04/2024,03:51:46,Station,credit card,,Standard,Off-Peak,5.0,LIVERPOOL LIME STREET,Manchester Piccadilly,"April 12, 2024",5:15 AM,5:45 AM,05:45:00,on time,,false
92150a69-4cfb-4e9f-a33a,31-01-2024,16:02:27,Station,Credit Crad,, First Class,ANYTIME,19.0,Manchester Piccadilly, liverpool lime street,2024-01-31,17:45:00,18:15:00,19:24:00,DELAYED  ,Traffic,FALSE
97d51342-b6c5-472a-b823,2024-01-19,10:18:47, ONLINE,contactless,,Standard,ADVANCE,13.0,london paddington  ,Reading  ,20-01-2024,8:45 AM,09:45:00,09:45:00,On Time,,N
ee4c10d9-e6d3-46cf-94ab,21/03/2024,03:00:55, STATION,,,standard,Off-Peak  ,12.0,London St Pancras  ,BIRMINGHAM NEW STREET,03/21/2024,04:30:00,05:50:00,05:50:00,On Time,,no
56fdcef1-a5b9-4742-80f7,12/04/2024,06:42:49,Station,Credit Card,,Standard,Anytime,41.0, birmingham new street,London Euston,12/04/2024,08:00:00,09:20:00,10:12:00,Delayed,weather,0
89484cd9-30c8-4134-8961,2024-01-06,5:18 PM,ONLINE,CREDIT CARD,SENIOR,First Class,Off-Peak  ,-8.0,Liverpool Lime Street,crewe,01/06/2024,18:45:00,19:20:00,7:20 PM,On Time,,No
49ecc3b7-74c0-471e-a60a,"April 29, 2024",15:43:18,ONLINE,CREDIT CARD  ,NULL, Standard,anytime,70.0, london kings cross,York,2024-04-29,17:00:00,18:50:00,18:50:00,On Time,,
AC0F9D27-2F64-4A1D-B117,04/24/2024,23:17:58,station,CC,,STANDARD,Advance,3.0, Liverpool Lime Street,MANCHESTER PICCADILLY,2024-04-25,12:45 AM,1:15 AM,01:15:00,OnTime,,
45431205-4644-40DB-BB04,"March 19, 2024",17:37:00,STATION, Debit Card,disabled,Std,Advance,4.0, London Euston  ,Birmingham New Street,"March 20, 2024",16:00:00,5:20 PM,17:20:00,On Time,,No
b4ba0c9c-4802-400d-9385,04/04/2024,16:24:43, Station,Debit Crad,,standard,ANYTIME,£16.00,london st pancras  ,Birmingham New Street,2024-04-04,17:45:00,19:05:00,7:05 PM,On Time,,No
b216c865-6c52-4f18-a0e7,29-04-2024,05:16:59,Online,Contactless,,STANDARD  , Anytime,16.0,London St Pancras,Birmingham New Street,2024-04-29,06:45:00,08:05:00,08:05:00,On Time,,no
411622b8-18af-4023-97e9,01-02-2024,14:45:55, online  ,Contactless,,standard,ANYTIME,70.0,LONDON KINGS CROSS,york,01/02/2024,4:15 PM,6:05 PM,6:05 PM,ON TIME,,FALSE
e4306038-2c75-495b-859b,2024-01-31,11:39 AM,station,Contactless  ,,STANDARD,Off-Peak,12.00 GBP,london st pancras,Birmingham New Street,2024/01/31,1:00 PM,14:20:00,2:20 PM,On Time,,N
f34d8831-b767-4887-be1b,08-04-2024,13:54:11,ONLINE, CREDIT CARD,,Standard,off-peak,12.0,London St Pancras,BIRMINGHAM NEW STREET  ,08/04/2024,3:15 PM,16:35:00,4:35 PM,On Time  ,,No
8b26797d-7c62-488c-8222,2024-02-11,8:20 AM,online,Credit Card,,Standard,advance,18.0,LONDON PADDINGTON  ,Oxford,02/12/2024,07:45:00,09:15:00,09:15:00,On Time,,N
BF2AD962-94A6-414E-A6CF,2024-02-01,11:52:20,station,Contacless,, Standard,Advance,8.0,London St Pancras, BIRMINGHAM NEW STREET,02/02/2024,10:15:00,11:35:00,11:35 AM,On Time,,No
45C760BA-0A81-4C42-80B4,2024-01-11,18:08:35,STATION  ,debit card,None,Standard,ADVANCE,50.0,liverpool lime street,london euston,2024-01-12,5:30 PM,19:45:00,20:04:00,Delayed,Technical Issue,yes
1d8f67ab-6e64-4793-909d,14/04/2024,01:57:36, Station,,,Standard  ,Advance,None,Liverpool Lime Street,MANCHESTER PICCADILLY,2024/04/15,00:15:00,00:45:00,00:45:00, On Time  ,,N
41fd8931e90e4406a58a,2024/03/27,2:38 PM,Online,Contacless,,Standard,Advance  ,3.0, Manchester Piccadilly,Liverpool Lime Street,2024-03-28,13:00:00,13:30:00,13:30:00, On Time,,false
bbff2b32-0b6f-425f-9fe5,01/31/2024,1:35 AM,Station,contactless,,First Class, Advance,10.0,Liverpool Lime Street,Manchester Piccadilly,01/02/2024,00:00:00,00:30:00,00:30:00, ON TIME,,0
6b3c22ff-3cf0-41f3-b20e,04/13/2024,14:56:21,Online,Contactless,Adult,Std,Off-Peak,£11.00, Birmingham New Street, Manchester Piccadilly,04/13/2024,16:15:00,17:35:00,17:35:00,on time,,N
a731381b-49e3-455b-9419,2024/03/30,18:18:04,Online,credit card,Senior,standard,Off-Peak,2.0,Manchester Piccadilly  ,Liverpool Lime Street,30/03/2024,6:45 PM,19:15:00,19:15:00,ON TIME  ,,0
fe5bcf44-f729-45ea-b76c,2024-01-31,08:14:21,Online, Credit Card,,Standrd,Advance,7.0,London Euston  ,BIRMINGHAM NEW STREET,02/01/2024,06:30:00,07:50:00,7:50 AM,On Time,,FALSE
684fa715-fbfc-4fe2-b35c,13/03/2024,4:13 PM,Station,Contact less,Adult  ,STANDARD  ,Anytime  ,101.0,Liverpool Lime Street,London Euston  ,13/03/2024,17:30:00,19:45:00,19:45:00,On Time  ,n/a,N/A
8ef92c95-8156-42c7-bcc7,03/11/2024,03:00:46,Station,CC,,Standard,Off-Peak,12.0,london st pancras,Birmingham New Street,2024/03/11,4:30 AM,05:50:00,5:50 AM,On Time,,FALSE
8c07bde64e1348079814,01/10/2024,05:52:30,online,n/a,Senior,Standard,Off-Peak  ,35.0,london kings cross,york  ,10-01-2024,9:30 AM,11:20:00,11:20:00,ON TIME,-,FALSE
058b2923-a3ca-4b8f-90bd,27-03-2024,8:13 PM,station, credit card,,standard,advance,NULL,Liverpool Lime Street,Manchester Piccadilly,28-03-2024,18:30:00,19:00:00,19:00:00,On Time,None,N
aaacda73-8a8c-42c0-a80f,2024/01/23,09:11:58,Online,Creditcard,,STANDARD,Advance  ,3.0,London Paddington, London Waterloo,24-01-2024,07:30:00,9:00 AM,09:00:00,on time,,FALSE
a83ff960-0a4d-4f56-9bc0,06/01/2024,09:21:58,Station,credit card  ,SENIOR,Standard, Off-Peak,7.0, London Euston  ,BIRMINGHAM NEW STREET,2024-01-06,09:45:00,11:05:00,11:05 AM,On Time,,N
c8b0988d-ee8c-4363-a83e,15/02/2024,09:14:43,Online,Creditcard,,standard,ADVANCE,3.0,London Paddington,London Waterloo,2024-02-26,7:30 AM,09:00:00,09:00:00,ON TIME  ,None,N
63a3f2b1-3a7a-4ea6-962f,2024/03/23,5:24 PM, online,Contact less,,Standard,OFF-PEAK,NULL,manchester piccadilly,Liverpool Lime Street,23-03-2024,18:45:00,19:15:00,7:15 PM,On Time,,false
a966f552-0140-4b24-896b,2024-01-26,12:37 PM,Station  ,Contactless,,Std,Advance,3.0,Liverpool Lime Street,Manchester Piccadilly,27-01-2024,11:00:00,11:30:00,11:30:00,On Time,,N
E56A6D69-9DFD-40E1-B616,23/03/2024,06:39:14,Online,Contactless  ,,Standard,OFF-PEAK,19.0, london paddington  ,Reading,03/23/2024,08:00:00,09:00:00,09:00:00,OnTime,,no
fa782b35-64f3-4042-b792,06/03/2024,17:19:27,online,Credit Card  ,,standard,Anytime,16.00 GBP,London St Pancras,Birmingham New Street,2024/03/06,18:45:00,20:05:00,,Cancelled, Signal Failure,Y
6bb508bd-6148-4ce7-aab5,2024-03-13,04:33:17,online  ,CREDIT CARD,,Standard,Advance,3.0,Liverpool Lime Street,Manchester Piccadilly,2024/03/14,03:00:00,03:30:00,3:30 AM,On Time,,0
25b6ec4e-2b0c-4242-a9a8,01/11/2024,08:53:00,station,Credit Card,,Standard,Off-Peak,4.0,MANCHESTER PICCADILLY,Liverpool Lime Street,11-01-2024,10:15 AM,10:45:00,10:45:00, On Time  ,,no
d9862f44-4d8c-4810-8b4c,01/22/2024,12:40:52,Online,Contactless,,Standard, advance,8.0,London St Pancras  ,BIRMINGHAM NEW STREET,23-01-2024,11:00:00,12:20:00,,Cancled,Technical Issue,true
8cbde118-51f1-40cb-b8df,03/26/2024,20:52:39,STATION,Creditcard,Adult,Standard, OFF-PEAK,84.00 GBP,Manchester Piccadilly,London Euston,2024-03-26,10:15 PM,00:05:00,12:05 AM,On Time  ,,FALSE
4ab64a6c-7e1b-4b5a-8e5a,24-04-2024,9:07 AM,Online,Credit Card,Adult,STANDARD,OFF-PEAK  ,8.0,London St Pancras, Birmingham New Street,2024/04/24,10:30:00,11:50:00,11:50:00,ON TIME  ,,NULL
a138d803-975a-4c95-8487,2024-01-18,06:52:16,Online,CREDIT CARD,,Standrd,anytime,13.0,LONDON EUSTON  ,Birmingham New Street  ,2024-01-18,08:15:00,09:35:00,9:54 AM,Delayed  ,Signal Failure,0
9220E5D4-B7A0-4373-B882,25-04-2024,17:57:56,Station  ,credit card,,Standard,off-peak,4.0, Manchester Piccadilly,Liverpool Lime Street,04/25/2024,7:15 PM,19:45:00,19:45:00,On Time,,N
b65cf17e-6542-4f2b-bcc7,27-01-2024,11:52:36,STATION, Contactless  ,Senior, Standard,OFF-PEAK  ,,manchester piccadilly,Liverpool Lime Street  ,27/01/2024,13:15:00,13:45:00,13:45:00, On Time,,FALSE
e672554d-b1b9-4a64-a364,2024-02-07,7:21 AM,Online,Credit Card,,Std, anytime,35.0,LONDON PADDINGTON,Oxford,07-02-2024,07:45:00,9:15 AM,9:15 AM,On Time,,false
3c68e584-67fd-407d-8490,"February 05, 2024",23:58:38,Station  ,credit card,,Standard,Advance,13.0,London Paddington,Reading,2024-02-06,10:15 PM,11:15 PM,,Cancelled  ,Staffing,
de79c2d5-1c66-415e-b8f6,27-04-2024,00:22:49,Station, credit card,Adult,Standard,OFF-PEAK,£76.00,liverpool lime street  ,London Euston,2024-04-27,01:45:00,04:00:00,,Cancelled,n/a,true
987a66bd-981c-440a-a2da,13/02/2024,19:25:38,Online,Credit Card,,Std,ADVANCE,16.0,London St Pancras,Leicester,14-02-2024,18:45:00,19:45:00,19:45:00,On Time,,no
2c65bf20b5144a78a97c,2024-04-26,9:05 AM,Online,Credit Card,,STANDARD,advance,34.0,York,peterborough,27-04-2024,07:30:00,08:40:00,08:40:00,on time,,0
6dd8f8fe-79ea-439e-9fd7,16/04/2024,09:00:59,ONLINE  ,Credit Card,,Std,Advance,34.0,YORK,Peterborough,2024-04-17,7:30 AM,8:40 AM,08:40:00,on time,,No
a9f1911c-b853-4733-92a6,2024-02-04,12:33:59,Station,Contactless  ,,standard,Advance,35.0,London Kings Cross,york  ,2024-02-21,11:00:00,12:50:00,12:50:00,On-Time,,no
2d1a980c861b4cac895e,2024-02-10,6:30 AM,online,,disabled,STANDARD,Off-Peak,71.0,London Euston,Manchester Piccadilly,02/10/2024,08:00:00,09:50:00,09:50:00,ON TIME,,No
7dc29c0f-7499-494d-8594,2024-04-04,11:05:36,online,CONTACTLESS,,Std,Advance,3.0,Manchester Piccadilly,liverpool lime street,04/05/2024,9:30 AM,10:00:00,10:00:00,On-Time,,0
98a4dbaa-48c9-4a26-ac5a,25-03-2024,01:06:48,Online  ,Credit Card  ,,Standard,Off-Peak,5.0,LIVERPOOL LIME STREET,MANCHESTER PICCADILLY,25-03-2024,02:30:00,03:00:00,N/A,On-Time,,N
a24b29af-83e0-4395-849a,2024-02-10,12:05:10, Online,credit card  ,,Std,advance,7.0,London Euston,Birmingham New Street  ,24/02/2024,10:30 AM,11:50:00,11:50 AM,On Time,NULL,no
d5d12d5a-0adf-4fec-9f44,2024-04-14,01:25:24,STATION,Credit Card,,Standard  ,Off-Peak,10.0,London Euston,Birmingham New Street,2024-04-14,23:45:00,1:05 AM,1:05 AM, On Time,,no
abff812e-5e35-46c2-bd9a,02/02/2024,15:21:31,Station,Contactless  ,,standard,Anytime,,london kings cross  ,York,2024-02-02,17:45:00,19:35:00,,Cancelled,Weather Conditions,0
c4e284fa-7521-42ea-9b0b,15-04-2024,03:04:55,Online  , CONTACTLESS,DISABLED,1st Class,Advance,None,Liverpool Lime Street,Manchester Piccadilly,2024-04-16,01:30:00,02:00:00,02:00:00,On Time,,N
7da5bbfd-add0-455b-a909,2024/03/31,01:48:07,online,Credit Card,,standard,Off-Peak,-5.0,liverpool lime street,MANCHESTER PICCADILLY,2024/03/31,03:15:00,03:45:00,03:45:00,OnTime,,No
954cc5cd-9b02-41f8-8889,01/03/2024,09:37:52,Station,credit card,,Std,Advance,,Liverpool Lime Street, London Euston,02-03-2024,08:00:00,10:15:00,11:07:00,Delayd,Weather,No
9141f5e5-de45-4a60-b273,2024-04-24,01:43:03,Online  ,Contactless,,Std,advance,£3.00,Manchester Piccadilly  ,LIVERPOOL LIME STREET,25/04/2024,12:00 AM,00:30:00,12:30 AM,On Time,,FALSE
f9cdc007-8a04-44c6-934a,2024-02-10,08:25:39,Online,credit card,,Standard, Advance,35.0,London Kings Cross,York,17/02/2024,07:45:00,09:35:00,09:35:00,On-Time,,false
1ef8052d-7700-4f08-9034,27-04-2024,12:08:01,Station,Contactless,n/a,Standard,Off-Peak,3.0, Manchester Piccadilly,Liverpool Lime Street,"April 27, 2024",13:30:00,14:00:00,14:00:00,On Time,,false
f4225700-c95d-443b-9a8f,01/29/2024,08:05:00,Online,Debit Crad,,standard,Advance,72.0,London Euston,Manchester Piccadilly,2024-01-30,06:30:00,08:20:00,,Canceled, STAFF SHORTAGE  ,TRUE
3cdc8d02-d799-4ae5-9b78,2024-02-22,19:26:09, Online,credit card  ,senior, First Class,Advance,None,London St Pancras  ,Leicester,02/27/2024,6:45 PM,7:45 PM,7:45 PM,On Time,,no
1eade29c-f3ef-49ea-a007,2024-01-11,05:43:58,ONLINE,credit card,,Standard,Advance,N/A,Liverpool Lime Street  ,Manchester Piccadilly,2024-01-12,4:00 AM,04:30:00,04:30:00, On Time,,no
02f7e6a7-b276-4ba4-a8c0,2024-01-23,5:10 PM,Online,Credit Card,Disabled,standard,Advance,£4.00,london euston,Birmingham New Street,24/01/2024,3:30 PM,16:50:00,16:50:00,OnTime,N/A,false
e2637162-5aa0-44a7-aaf2,13-02-2024,23:43:42,Station,Credit Crad,n/a,first class  , Advance,18.0,London Paddington, Reading,14-02-2024,22:00:00,23:00:00,23:00:00,On Time,,no
70921897-2b42-4492-9f2d,2024-01-06,15:47:29,ONLINE,Contactless,Adult,First Class  ,Advance,6000.0,MANCHESTER PICCADILLY,Liverpool Lime Street,2024/01/07,14:15:00,14:45:00,14:45:00,ON TIME,NULL,no
89ef34ab-000e-41be-b5e0,04/04/2024,07:52:45,Online,Contactless,None, Standard,anytime,48.0,London Kings Cross  , Edinburgh Waverley,2024-04-04,16:00:00,8:20 PM,20:20:00,On Time,,N
b576910dd48047b495c1,15-02-2024,4:13 PM,STATION,Credit Card,,Standard, Anytime,NULL,Manchester Piccadilly,Warrington,15-02-2024,17:45:00,18:05:00,18:05:00,On-Time,,0
156b618a-a98c-409c-94b7,2024-03-05,9:38 AM,Station,Credit Card,,First Class,Advance,118.00 GBP, Liverpool Lime Street  ,LONDON EUSTON,2024-03-06,08:00:00,10:15 AM,10:51:00,Delayd,Weather  ,No
9cf26300-61d7-4b51-bd89,02-01-2024,14:42:12,Station  ,None,Disabled,Standrd, Anytime  ,9.0,LONDON EUSTON,birmingham new street  ,"January 02, 2024",16:00:00,17:20:00,,Cancelled,Technical Issue  ,N
e7ec33a2-2e5c-431e-a2f4,11-04-2024,9:46 AM,Online  ,credit card,,Std, Advance  ,7.0,LONDON EUSTON,Birmingham New Street,"April 12, 2024",08:15:00,09:35:00,09:35:00,OnTime,,no
609E77ACFD1D402481D3,02-03-2024,5:45 PM,STATION,Credit Card,,Standard,Off-Peak,4.0,Manchester Piccadilly,Liverpool Lime Street,2024/03/02,19:15:00,19:45:00,,CANCELLED,staff shortage,no
4f33a715-c8fd-4cf9-9792,03/17/2024,10:48:25,Station,Debit Card, Adult,standard,Off-Peak,£11.00,BIRMINGHAM NEW STREET,Manchester Piccadilly,17/03/2024,11:15:00,12:35:00,1:16 PM,DELAYED,Technical Issue  ,true
66413086b637429badc8,2024-01-07,00:08:42,Station,credit card,Adult,Standard,advance,11.0,OXFORD, Bristol Temple Meads,08-01-2024,22:30:00,23:45:00,-, On Time,,No
992c86b3-349d-4bdd-bc61,04/30/2024,02:49:21,Station,Contact less,disabled,Std, OFF-PEAK,3.00 GBP,Liverpool Lime Street,Manchester Piccadilly  ,2024-04-30,04:15:00,04:45:00,,Cancelled, Traffic,No
74688af2-a385-46bb-807e,03/09/2024,17:00:06,STATION,Credit Card,n/a,standard,Off-Peak,£5.00,Liverpool Lime Street, Manchester Piccadilly,2024/03/09,18:30:00,7:00 PM,19:00:00,ON TIME,NULL,0
eb6bcd8c-b352-437f-a50e,16-01-2024,03:32:04, ONLINE,Credit Card,-,Standard,Advance  ,13.0,London Paddington,READING,01/17/2024,02:00:00,03:00:00,3:00 AM,On Time,,N
6e143547-e0fe-4b1a-80bc,07-01-2024,12:35:29, Online,Contact less,,Standard, advance,8.0,London St Pancras,Birmingham New Street,08-01-2024,11:00:00,12:20:00,,Cancelled,Signal failure,Yes
bd549dbf-9a9a-4404-8258,11-04-2024,07:56:39, Online,credit card,Senior, Standard  ,ADVANCE,2.0,manchester piccadilly  ,LIVERPOOL LIME STREET,2024-04-12,06:15:00,06:45:00,,CANCELLED  ,Signal failure,N
ca410515-d866-42a0-bf77,04/04/2024,13:15:57, Online,Credit Card,,FIRST CLASS  , OFF-PEAK,63.0,Birmingham New Street, Reading,04/04/2024,14:45:00,4:15 PM,,Cancelled,Staff Shortage,NULL
65c9602e-bb8c-4789-86eb,2024-02-20,10:11:23,Station,CC,,STANDARD,Off-Peak,10000.0,London Euston, Birmingham New Street,20/02/2024,11:30:00,12:50:00,12:50:00,on time  ,,N
1cf54d7f-246c-41ec-b338,2024-01-30,13:24:57,Online,Credit Crad,Senior,standard,OFF-PEAK,3.0,Manchester Piccadilly, Liverpool Lime Street  ,2024/01/30,14:45:00,15:15:00,15:15:00,On Time,,false
fda5d212-bff0-4588-bbbc,11-03-2024,9:36 AM, Station,,,Standard  ,Advance,, Liverpool Lime Street,london euston,12-03-2024,08:00:00,10:15:00,11:02:00,Delyed,Traffic,No
a6f4af5f-16ff-4d79-b2f5,2024-01-30,17:21:25, Online,Credit Card,,Standard,Anytime,25.0,London Paddington,Reading,2024/01/30,18:45:00,7:45 PM,19:45:00, On Time,,N
3a8ee0a5-79f8-4ec3-a37b,29-03-2024,4:02 AM,Station,NULL,Disabled,Standrd,OFF-PEAK,13.0,London Paddington,Reading,2024-03-29,05:30:00,06:30:00,07:10:00,DELAYED,Staff Shortage,FALSE
0d5a7108-313e-4ac4-9f4e,28-01-2024,06:07:33,Online,credit card,,Std,Off-Peak,14.0,Reading, Swindon,28-01-2024,07:30:00,8:15 AM,,CANCELLED,Weather Conditions,Y
2782cfe6-cb3e-45db-92de,2024-02-06,07:32:56,Online,Debit Card  ,Senior,Standrd,Off-Peak  ,8.0,london st pancras,Birmingham New Street,06/02/2024,09:00:00,10:20 AM,10:20 AM, on time,N/A,no
6bbcec69-0d1f-4a83-bc75,2024-04-27,14:37:49,Station,CC,Adult, Standard,Off-Peak,7.0,LONDON EUSTON, Birmingham New Street  ,27-04-2024,16:00:00,17:20:00,17:20:00, On Time,,FALSE
e758787a-8f51-4064-bb5d,2024-02-20,08:24:07,ONLINE,Contactless,,Standard,Advance,13.0, London Paddington,Reading,23/02/2024,6:45 AM,07:45:00,07:45:00, On Time,,N
af151ef2-5bff-4b13-8d9f,04/09/2024,17:01:33,STATION,Debit Card,,STANDARD,Anytime,101.0,Liverpool Lime Street,London Euston  ,2024-04-09,17:30:00,7:45 PM,20:07:00,Delayd,Technical Issue  ,TRUE
aba8ba42-9bc6-47ba-9c77,24-01-2024,14:06:00, ONLINE, CONTACTLESS,,Standrd,Advance,3.0,Liverpool Lime Street  ,Manchester Piccadilly,2024-01-25,12:30 PM,13:00:00,1:00 PM,On Time,,no
F00C4A2C-6956-477F-A050,2024/02/07,03:33:05,Online,Credit Card,,Standard,Advance,8.0,london st pancras,Birmingham New Street,25/02/2024,02:00:00,3:20 AM,3:20 AM,ON TIME,,false
87ecc2fb-39b3-4816-ba5c,17-01-2024,06:07:30,Online,Credit Card,,standard,Anytime,18.0,Reading,Swindon,"January 17, 2024",07:30:00,08:15:00,08:15:00,on time,,no
84ef08b0-76ba-4696-bf3e,2024-03-10,01:56:08,Station,Contactless,None,Standard,Advance,3.0,Liverpool Lime Street  ,Manchester Piccadilly,2024-03-11,12:15 AM,12:45 AM,12:45 AM,OnTime,,FALSE
cece1489-1b74-48f7-b7ad,2024/03/10,14:16:59,Station,Contacless,,Std,off-peak,10.0,London Euston  ,Birmingham New Street,2024-03-10,3:45 PM,5:05 PM,5:05 PM,On Time,,false
7F4358B9-7341-4AD4-B2D9,2024-02-13,20:26:51,Station,Creditcard,,Std,advance,5.0,Birmingham New Street,STAFFORD,22-02-2024,17:45:00,18:15:00,,On Time  ,,false
6893903c8e9b4065ad4a,2024-04-15,09:00:28, online,credit card,,Standrd,Off-Peak,10.0,London Euston,BIRMINGHAM NEW STREET,04/15/2024,10:30 AM,11:50:00,11:50:00, On Time,,false
1B0DA9F6-3D5D-4AF2-AF2F,08-04-2024,11:54 PM, STATION,Credit Crad,NULL,STANDARD,Advance,,LONDON KINGS CROSS,YORK,04/09/2024,22:15:00,00:05:00,00:05:00,on time  ,,0
868f5802-3b35-4954-a249,2024-01-09,04:41:05,Online, Credit Card  ,,Std, ADVANCE,3.0,LIVERPOOL LIME STREET,Manchester Piccadilly,2024-01-10,03:00:00,03:30:00,03:30:00,On Time,,FALSE
7caf3159-223b-47d6-bbd5,05-04-2024,04:48:39,Online,Credit Card  ,,Standard,Anytime,70.0,London Kings Cross,York  ,2024/04/05,6:15 AM,08:05:00,8:05 AM,on time,,No
778d3169-b1b2-43f9-86a2,2024-03-21,17:27:37,Online,Credit Card,,Standard,Anytime,10.0,Birmingham New Street,Tamworth,03/21/2024,18:45:00,19:05:00,7:05 PM,On Time,,N
31671646-10d3-4a59-94fe,02/10/2024,10:45 AM,Online,Contacless, Senior,Std,Advance,2.0,Manchester Piccadilly,Liverpool Lime Street,2024-02-27,09:15:00,09:45:00,09:45:00,ON TIME  ,,false
41287778-569e-44fe-9514,13-01-2024,07:23:31,Online,credit card,,standard,Off-Peak,26.0,London Paddington, OXFORD,13-01-2024,07:45:00,09:15:00,9:15 AM,On Time,N/A,No
6e250c11-3f2c-4362-979c,2024-03-29,05:01:38,Station  , CONTACTLESS,,Standard, Anytime  ,70.0,London Kings Cross,york,2024-03-29,06:30:00,8:20 AM,8:20 AM,ON TIME,,N
98b57fb6-4396-457b-a68b,2024-02-11,21:47:12, ONLINE,CONTACTLESS,,Standard,Advance,8.0,London St Pancras,Birmingham New Street,21-02-2024,8:15 PM,21:35:00,9:35 PM,ON TIME,,false
0A9E6736-38DD-4A8A-B2F1,2024/04/26,2:16 AM,Station,Credit Crad,,Std, Advance,3.0,Liverpool Lime Street,MANCHESTER PICCADILLY,04/27/2024,00:45:00,01:15:00,01:15:00,On Time,,0
e99f6d10-e353-4767-b008,03/31/2024,17:27:46, Online,Credit Card,,STANDARD,Off-Peak,12.0,London St Pancras, Birmingham New Street,2024-03-31,18:45:00,20:05:00,20:05:00,OnTime,,0
c1fd76be-1aa0-489e-bb35,"March 13, 2024",11:52:35,Online, Contactless,,Standard  ,Advance  ,35.0, London Kings Cross, York,2024-03-14,10:15 AM,12:05:00,12:05:00,On Time,None,No
9b996512-b5b0-416d-85e9,2024-02-02,4:52 AM,online,credit card,,Standrd,anytime,70.0,London Kings Cross,York  ,2024-02-02,06:15:00,08:05:00,08:05:00,On Time,,No
f5431c33-022b-4e47-b511,21-03-2024,09:30:17,ONLINE,Contactless,,Standard,Advance  ,£13.00,london paddington,Reading,22/03/2024,08:00:00,09:00:00,9:00 AM,On Time  ,,false
cbeb7682ccd840f89e07,2024/03/03,19:23:49, ONLINE,CREDIT CARD,Senior  ,standard,Advance,2.0,Manchester Piccadilly  ,Liverpool Lime Street  ,03/04/2024,18:45:00,19:15:00,7:15 PM, On Time,n/a,0
3d7122e2-30e8-490c-815d,04/22/2024,00:28:44, Online,-,Disabled,Standard,advance  ,24.0, London Kings Cross, edinburgh waverley  ,2024-04-24,16:00:00,20:20:00,8:20 PM,On Time  ,,No
52c5d69f-8a96-4d6d-8ab4,03/24/2024,10:35 PM,ONLINE,Contact less,Adult,STANDARD,Advance  ,5.0,London St Pancras,birmingham new street  ,2024-03-25,21:00:00,22:20:00,22:20:00,On-Time,,N
bbec85f7-905a-42e3-90f9,19-02-2024,01:53:41,station,Credit Card,,Standard  ,OFF-PEAK,19.0,London Paddington,Reading,19-02-2024,03:15:00,04:15:00,4:15 AM,On Time,,No
05152D90-BC29-4D3C-ADC2,2024-01-24,08:35:15,Online,Credit Card,,Standard,Advance,NULL,LONDON PADDINGTON  , reading,25/01/2024,07:00:00,08:00:00,08:00:00,On Time,,0
FF985360-7B8E-47CE-AA66,20/03/2024,2:01 AM,Online,CREDIT CARD,,standard,Off-Peak,53.0,London Kings Cross, York,03/20/2024,3:30 AM,5:20 AM,5:20 AM,On Time  ,,0
315d560c-619b-4e8d-82f0,23-01-2024,12:18 AM,ONLINE,Credit Card,,STANDARD,Off-Peak,128.0,MANCHESTER PICCADILLY,London Paddington,01/23/2024,01:45:00,04:00:00,04:00:00, on time,,FALSE
47ca09fa-c87d-4dd2-b07e,"January 03, 2024",18:10:08,Online  ,Contactless,,Standrd,Advance,7.0,London Euston,Birmingham New Street,2024-01-04,4:30 PM,5:50 PM,17:50:00,On Time,,FALSE
37d48e61-37f2-4809-9dea,02/04/2024,8:19 AM,Online,CC,,Standard,Advance,13.0,London Paddington,Reading,2024-02-06,7:45 AM,08:45:00,8:45 AM,On Time,,N
af182e8e-11a4-428a-9244,2024/04/18,03:03:32,online,Credit Card,None,First Class,Off-Peak,88.0,Birmingham New Street, London St Pancras,04/18/2024,04:30:00,5:50 AM,05:50:00,On Time,,None
FCA10608-F80F-4285-B727,20/03/2024,14:18:42,Online,Creditcard,Disabled  ,Standrd, off-peak,,London Euston,Birmingham New Street,2024/03/20,15:45:00,17:05:00,5:05 PM,On Time,,0
b9544184-8022-4355-bfd1,22/02/2024,6:42 AM,Station,n/a,,Std,Anytime,151.0, Liverpool Lime Street,LONDON EUSTON,2024/02/22,08:00:00,10:15:00,11:00 AM,DELAYED, Weather,no
83A5C2A6-612F-4A4E-9742,2024-01-25,8:10 PM,STATION, Credit Card,,Standard  ,Off-Peak,19.0,london paddington,Reading,01/25/2024,21:30:00,22:30:00,22:30:00,On-Time,NULL,N
c469ba8a-8a1a-44d5-81ff,2024-02-07,12:02 PM,Station,-,,First Class, advance  ,n/a,Birmingham New Street, Manchester Piccadilly,"February 21, 2024",11:15:00,12:35 PM,1:04 PM,DELAYED,technical issue  ,N/A
46417598-bcda-4ac2-a261,30-03-2024,10:52:15,Station,Debit Crad,adult  ,First Class,Off-Peak,29.00 GBP,Birmingham New Street,Manchester Piccadilly,03/30/2024,11:15:00,12:35:00,,Delyed,Technical Issue,
8baa90b2-dc44-4195-b751,03-01-2024,9:05 AM,Online,CREDIT CARD,NULL, STANDARD  ,Advance  ,35.0,London Kings Cross  ,York  ,2024/01/04,07:30:00,09:20:00,,Canceled, Signal Failure,no
8defba35-93a7-4725-9546,03/03/2024,06:06:40,online,Credit Card,,Standard, Off-Peak,8.0,York  ,Doncaster,03-03-2024,7:30 AM,08:00:00,08:00:00,on time,,No
7CB8F687AD2E4552807E,22-01-2024,05:14:49,Station,Creditcard,,Standard,anytime  ,None,LONDON ST PANCRAS,Birmingham New Street,22-01-2024,06:30:00,07:50:00,N/A,On Time,,false
4e60d065-8ed6-47e4-8b82,01/05/2024,6:37 AM,Station  ,N/A,, STANDARD,Anytime,151.0, Liverpool Lime Street,LONDON EUSTON,01/05/2024,08:00:00,10:15:00,11:14 AM,Delayed,Technical Issue,0
B5E82621-C134-45BE-9E88,18/03/2024,13:24:41,Online,NULL,Disabled, First Class,ADVANCE  ,18.0,London Paddington,READING  ,2024-03-19,11:45:00,12:45 PM,12:45:00,On Time,,no
97c7b22b-ff75-43b0-b296,2024-01-02,01:01:01,Online,Credit Card,,STANDARD, Advance,3.0,Liverpool Lime Street,Manchester Piccadilly,2024-01-03,23:30:00,00:00:00,00:00:00,On Time,,0
f3fcc735-7ed5-4f92-9b1c,2024/01/15,18:54:45,ONLINE,Credit Card,,Standard,ADVANCE,35.0,London Kings Cross, York,01/16/2024,17:15:00,7:05 PM,7:05 PM,on time,,0
caf2d54b-8432-4a35-983e,2024/04/28,2:31 AM,ONLINE,CC,adult,Standard,off-peak,35.0, London Kings Cross  , YORK  ,04/28/2024,4:00 AM,05:50:00,05:50:00,On Time  ,,no
A05B4177-73B8-4AA4-8E6B,31/01/2024,5:37 PM,Station,CC,,First Class, Advance  ,10.0,Manchester Piccadilly, liverpool lime street  ,02/01/2024,4:00 PM,16:30:00,4:30 PM,On Time  ,,false
9fcfa1fa-a566-428c-98a3,30-01-2024,18:20:25, Online,Credit Card,Senior,Standard,Anytime  ,31.0, LONDON ST PANCRAS,Leicester,30/01/2024,18:45:00,19:45:00,7:45 PM,On Time,,N
CACE8867-26D0-4930-86A9,"March 08, 2024",20:25:05,STATION,Contactless,,STANDARD,Advance,35.0,London Kings Cross, YORK,09-03-2024,5:45 PM,19:35:00,19:35:00,ON TIME  ,,false
a2e2cd0b-6ee5-4a02-ab89,04/03/2024,05:58:20,Station,Contactless,,Standrd,Advance,4.0,london euston,Birmingham New Street,"April 04, 2024",04:15:00,05:35:00,05:35:00,On-Time,,FALSE
2066e091-f8df-447e-98ba,2024-02-09,20:48:30,Station,Credit Card,adult,STANDARD,Off-Peak,13.00 GBP,London Paddington,Reading,09-02-2024,22:15:00,23:15:00,23:15:00,ON TIME  ,,N
57075F06-6D51-4C1D-8DCE,16/04/2024,13:39:00, STATION,Credit Card,, Standard, off-peak  ,19.0,LONDON PADDINGTON,Reading,16-04-2024,15:00:00,4:00 PM,16:00:00, On Time,,No
955196b7-5247-489b-aac2,2024/04/23,07:25:06,Online,Contactless,,Std,Anytime  ,NULL,London Paddington,READING  ,2024-04-23,08:45:00,09:45:00,09:45:00,On-Time,,false
82ca1b12-49ac-476b-a525,09/04/2024,08:00:22,Online,Credit Crad,Disabled  , Standard,Advance  ,£15.00,Birmingham New Street,London St Pancras  ,2024-04-10,6:30 AM,07:50:00,07:50:00,On Time,,FALSE
c9ad4f67-49ba-4cf4-8220,05/02/2024,18:56:04,Station,contactless,,Standrd,Advance,3.00 GBP, Liverpool Lime Street,Manchester Piccadilly,"February 08, 2024",17:15:00,17:45:00,5:45 PM,On Time  ,N/A,No
c721190c-91e2-4ee0-9d53,02/10/2024,00:20:08,Online,-,, STANDARD,Advance,7.0,London Euston,Birmingham New Street,28/02/2024,22:45:00,00:05:00,00:05:00, on time,,No
b1991618-57a0-459a-8486,15-01-2024,04:58:33,Online,Creditcard,Senior,Standard, Anytime  ,3.0,Manchester Piccadilly,Liverpool Lime Street  ,15-01-2024,06:15:00,06:45:00,06:45:00, On Time,,FALSE
f6cb98b7-9d4f-41ba-ac3d,2024-02-13,18:12:17, STATION,None,ADULT,standard,Advance,50.0,Liverpool Lime Street,London Euston,2024/02/26,5:30 PM,19:45:00,8:04 PM,Delayed,Technical Issue,Y
d3d0bd2f-70b2-4ee4-a735,2024-03-06,20:17:34,ONLINE,CREDIT CARD  ,,Std,Advance,13.00 GBP,London Paddington,reading,07/03/2024,18:45:00,19:45:00,19:45:00,On-Time,n/a,n/a
a8a138db-2051-4a78-9e9b,2024/01/03,6:14 AM,ONLINE,Creditcard,,Standard  ,ANYTIME,£18.00,Reading,Swindon,2024-01-03,07:30:00,08:15:00,8:15 AM,On Time,None,false
a23f6653-d276-405a-a060,2024-03-11,5:44 AM,Online,Contact less,,Standrd,anytime,13.0, London Euston  ,birmingham new street,11-03-2024,07:00:00,8:20 AM,8:20 AM,On-Time,,N
7e03728c-7fdf-40ed-a030,2024-04-04,14:03:11,STATION,Credit Card,,Standard, Off-Peak,4.0,MANCHESTER PICCADILLY  ,LIVERPOOL LIME STREET  ,04/04/2024,15:30:00,4:00 PM,16:00:00,On Time,,No
56ba833d-9313-4ed0-9f75,01/29/2024,5:32 PM,Station,credit card,Adult,Standard, Advance,8.0, London Paddington, Reading,2024/01/30,4:00 PM,5:00 PM,17:00:00,On Time,,FALSE
dd72a3fe-b4b7-4e44-94e9,2024/04/21,22:15:34,Online  ,contactless, ADULT,Std,Advance,2.0, Liverpool Lime Street  ,manchester piccadilly,22-04-2024,8:45 PM,21:15:00,21:15:00,on time,n/a,FALSE
6ab4caeb-9d37-4edc-98de,01/22/2024,18:59:36, station,Contactless,,STANDARD,Advance,3.0,Manchester Piccadilly,Liverpool Lime Street,23-01-2024,17:15:00,17:45:00,17:45:00,On-Time,,0
0cb8ebb7-add0-4f67-bc26,"March 04, 2024",20:22:01,Online,credit card,,standard,Advance,13.0,London Paddington,reading  ,03/05/2024,18:45:00,7:45 PM,19:45:00,On-Time,,No
55c04642ae964350a05d,07-01-2024,07:28:32,Online,Credit Crad,-, Standard,Off-Peak,19.0,London Paddington, Reading  ,"January 07, 2024",07:45:00,8:45 AM,08:45:00,ON TIME,,no
ec55ba41-6e04-47e2-952d,03-01-2024,21:40:31,Station,CREDIT CARD,, Standard,Advance,13.0, London Paddington,Reading,2024-01-04,8:00 PM,9:00 PM,21:00:00,ON TIME,,no
7b4da522-666a-4aa8-808b,04/20/2024,3:33 AM, Online,Contactless, ADULT  ,first class,off-peak,14.0,Liverpool Lime Street,Sheffield,"April 20, 2024",05:00:00,06:15:00,06:15:00,On Time  ,,0
351b363e-0e55-43f7-bc25,2024-04-05,04:00:41, Station,CREDIT CARD,N/A,Standard,Off-Peak  ,,Manchester Piccadilly,liverpool lime street,05-04-2024,05:30:00,06:00:00,, on time,,N
0b1893d6-054a-40aa-a6d5,01/13/2024,06:42:03,Online,Contactless,Senior  ,Standard,Off-Peak  ,8.0,london st pancras,Birmingham New Street,2024-01-13,08:00:00,09:20:00,09:20:00,OnTime,,N
a37391c2-491d-4ba6-97bd,02/02/2024,2:02 PM,Online  ,Contactless,,Standard,Advance  ,3.0,Liverpool Lime Street,Manchester Piccadilly,02/24/2024,12:30:00,13:00:00,13:00:00,On Time,NULL,false
f5943c7a-deba-4a4a-b111,2024-03-15,6:06 PM, Online, Contactless,,Standrd,ADVANCE,7.0,London Euston  ,Birmingham New Street,03/16/2024,4:30 PM,5:50 PM,17:50:00,On Time  ,,
38f0b3e7-5fbb-4b16-a48f,2024/01/08,12:20 AM,ONLINE,Contactless  ,,Standard,Off-Peak,11.0,York,Durham,01/08/2024,01:45:00,02:35:00,02:35:00,On Time  ,,
9dd8602d-4771-47e2-ba1e,09-03-2024,12:33 AM,Online,Credit Card,NULL,Standard,Off-Peak,17.0,Manchester Piccadilly,Nottingham,03/09/2024,2:00 AM,03:00:00,03:00:00,On-Time,,false
bc4359df-f9cd-4564-8a3c,02-01-2024,10:15:13,Station,Credit Crad,Senior  ,Standard, Advance,4.0,LONDON EUSTON  ,Birmingham New Street,2024-01-03,09:45:00,11:05 AM,,On Time  ,,0
98c5193f-ca93-47b6-8d1f,15-04-2024,06:01:06,Online,Credit Card  ,,First class ,Anytime,59.0,reading  ,Swindon,15/04/2024,07:30:00,8:15 AM,08:15:00,on time,,no
BBE83D09-53CA-43E6-869C,14/03/2024,16:30:20,Station,Credit Card,disabled  ,Standard,Anytime,95.0, london euston,Manchester Piccadilly  ,"March 14, 2024",18:00:00,7:50 PM,19:50:00,ON TIME,NULL,No
24bf8a13-e654-4c89-a0ae,08-03-2024,20:31:58,Station  ,Credit Crad,,standard, OFF-PEAK,19.0,London Paddington,Reading  ,03/08/2024,22:00:00,11:00 PM,23:00:00,ON TIME,,N
7225bca2-faf5-4998-96eb,14-02-2024,09:01:55,online  ,Creditcard,, standard,Advance,35.0,London Kings Cross,YORK,15/02/2024,07:30:00,09:20:00,09:20:00,on time,,-
7b0c94ae-e2bc-4ab1-ad63,03/03/2024,06:10:43,Online,credit card,,First Class, off-peak,£17.00,york  ,Doncaster,"March 03, 2024",07:30:00,08:00:00,8:00 AM,On Time,-,FALSE
b4d53b71-ca56-42ec-9179,01/30/2024,04:20:46,Online,credit card,,First Class,OFF-PEAK,80.0,London St Pancras,Birmingham New Street,2024-01-30,05:45:00,07:05:00,7:05 AM, On Time,,N
ab71ec8d-326d-4141-9216,01-02-2024,00:21:29,Online  ,,DISABLED,1st Class,advance,48.0,LONDON KINGS CROSS,Edinburgh Waverley,2024-02-29,16:00:00,8:20 PM,8:20 PM,On Time,,false
f90d3c51-f657-4ad4-bc14,2024/02/03,02:07:33,Online, Credit Card,,Standard,advance,7.0,LONDON EUSTON,BIRMINGHAM NEW STREET,02/07/2024,12:30 AM,01:50:00,01:50:00,on time,None,FALSE
9d03c2b1-9edb-416d-b636,2024-04-26,11:12 AM,online, contactless,, standard,Off-Peak,5.0,Liverpool Lime Street,Manchester Piccadilly,04/26/2024,12:30:00,1:00 PM,13:00:00,On Time,,no
24352fcc-396d-4240-99bb,02-03-2024,10:52 AM,Online,Credit Card,,first class,Advance,10.0,Liverpool Lime Street,Manchester Piccadilly,2024-03-03,09:15:00,09:45:00,9:45 AM, on time,,0
0049a301-57d8-4827-95cd,27/01/2024,02:42:05,Online,Contactless,, Standard  ,off-peak,53.0,london kings cross,York  ,2024-01-27,4:00 AM,5:50 AM,05:50:00, On Time  ,,no
2d83294feb8b48c4babb,2024-04-23,09:00:00,Station,Contactless,,Standard,Off-Peak  ,10.0, London Euston,Birmingham New Street,2024/04/23,10:30 AM,11:50:00,11:50:00,On Time,,FALSE
85530fba-e416-426a-817a,2024-04-25,06:44:12,Station, Credit Card,,Standard,Anytime,151.0,Liverpool Lime Street,london euston,2024-04-25,08:00:00,10:15:00,11:03:00,DELAYED, weather,no
a8e45dbc-7f8d-4ad4-8de1,11-02-2024,08:18:38,Online,credit card,,Standard,Advance  ,13.0,LONDON PADDINGTON,Reading,2024-02-13,07:45:00,08:45:00,,Cancelled  ,TECHNICAL ISSUE,no
cf45aa8d-3c66-411a-a11f,26/01/2024,09:03:23,Online, Credit Card,,Standard,Advance,35.0,LONDON KINGS CROSS,YORK,"February 10, 2024",7:30 AM,09:20:00,09:20:00,OnTime,,no
afbca0d7-bf80-42ea-94a5,2024/01/05,16:15:16,STATION,Creditcard,,Standard,Anytime,13.0,LONDON EUSTON,birmingham new street,01/05/2024,17:45:00,19:05:00,19:05:00,on time,,FALSE
04fd288d-177f-4e0f-b689,2024-04-02,06:05:42,Online,Credit Card,, STANDARD, Anytime  ,£18.00,READING,Swindon,2024-04-02,7:30 AM,08:15:00,8:15 AM,On Time,,No
301c6697-2c06-4b49-b2ab,2024-02-02,06:10:52,Online,Credit Card,,Standard,advance,13.0,London Paddington,Reading,18/02/2024,04:30:00,5:30 AM,05:30:00,ON TIME,,n/a
e6c2c841-3173-4423-bbc8,03/03/2024,09:07:33,Online  ,Credit Card,,Standard,advance,-35.0,London Kings Cross, York,04/03/2024,07:30:00,09:20:00,9:20 AM,ON TIME,,
90a2eeeb-abd4-4d30-b172,2024-03-18,18:49:55,Station,Creditcard,,Standard,Off-Peak,4.0,Manchester Piccadilly,Liverpool Lime Street,18/03/2024,8:15 PM,20:45:00,8:45 PM,On Time,-,false
4eed0af9-114e-4440-86d1,2024-04-28,07:29:31,ONLINE,Credit Card,,standard  ,Off-Peak,£26.00,London Paddington,Oxford,2024-04-28,07:45:00,09:15:00,09:15:00,ON TIME,,N
57a223ec-bb9d-4977-b338,2024-04-23,07:52:02,Online,CC,Senior,Standard,Advance,£2.00,Manchester Piccadilly, Liverpool Lime Street,"April 24, 2024",6:15 AM,6:45 AM,06:45:00,on time  ,,N
1C333886-7697-48F5-990D,25/03/2024,04:53:06, Online,Debit Crad,senior,Standard,ANYTIME,17.0,London Paddington,Reading,25/03/2024,06:15:00,7:15 AM,N/A,on time  ,,N
02c57c41-e180-4973-b152,31/01/2024,17:10:46,Station,Contactless,,Std,Anytime,13.0, London Euston,Birmingham New Street,01/31/2024,6:30 PM,19:50:00,19:50:00,On Time  ,,no
9f8d7403-66cf-4617-acc0,18/03/2024,03:31:02,Online,-,,Standrd,Advance,12.0,manchester piccadilly,Nottingham,"March 19, 2024",2:00 AM,03:00:00,03:00:00,On Time,,No
E61AC3E9-049F-434C-A0F4,03-01-2024,17:29:45,ONLINE,CREDIT CARD,,First Class,Anytime,54.0,London Paddington,READING,03-01-2024,6:45 PM,19:45:00,19:45:00,On Time  ,,0
e90b8b48-b75f-4f5b-bd2b,01/10/2024,13:20:30,station,Contacless,NULL,standard, Advance  ,3.00 GBP,manchester piccadilly,liverpool lime street,01/11/2024,11:45:00,12:15:00,12:15:00, ON TIME,,0
99e2bff3-50bd-489b-a28d,15-02-2024,03:03:35,Online  ,Contactless,,Standard,Advance,£3.00,manchester piccadilly,Liverpool Lime Street,22-02-2024,01:30:00,02:00:00,2:00 AM,on time,,FALSE
1e7a7d5a-8dbc-46b0-ae31,2024-01-12,14:54:57, station  ,Credit Card,,Standard, Anytime  ,129.0, LONDON KINGS CROSS,Liverpool Lime Street  ,"January 12, 2024",16:15:00,6:30 PM,18:30:00,On Time,,no
96a76788-6eb5-4325-a4ce,01/07/2024,15:52:41,Station,Contacless,,Standard,off-peak  ,12.0,London St Pancras,BIRMINGHAM NEW STREET,07/01/2024,5:15 PM,6:35 PM,6:35 PM,On Time,,FALSE
ec792f4a-7cfe-4c08-a231,22-02-2024,11:47:53,station,Contactless,,Std,Off-Peak,19.0,London Paddington,Reading,22/02/2024,13:15:00,2:15 PM,14:15:00,OnTime,,no
189c92e8-da00-41ba-bb09,31-03-2024,13:08:54,Online, Contactless,,Standard,OFF-PEAK,4.0,manchester piccadilly  , Liverpool Lime Street,2024/03/31,2:30 PM,15:00:00,15:00:00,On Time,,No
ed65d081-8ccf-4cb2-a8e4,2024-04-04,4:21 PM,Online,NULL,senior,Standard  ,ADVANCE,£2.00,Manchester Piccadilly, Liverpool Lime Street  ,2024-04-05,14:45:00,15:15:00,3:15 PM,On Time,,false
0C78537F-8753-4128-94EF,2024/01/09,16:16:56,Online,Credit Card,senior  , standard,advance,56.0,MANCHESTER PICCADILLY, London Euston  ,10-01-2024,14:45:00,16:35:00,4:35 PM,On Time,,N
192e0adf-d28d-4c0a-a6b0,2024-03-13,12:00:45,Station  ,Debit Card, adult, Standard,Advance,7.0,Birmingham New Street  ,Manchester Piccadilly,03/14/2024,11:15:00,12:35:00,13:12:00,delayed,Technical Issue,Y
68b34a96-1551-410a-bef3,03/11/2024,17:45:22,Online,contactless,Adult,STANDARD,ADVANCE,2.0,Manchester Piccadilly,LIVERPOOL LIME STREET,03/12/2024,16:15:00,16:45:00,16:45:00, On Time,,FALSE
915755b1-d762-4f7e-84b5,2024-02-03,01:59:34,Online,Contactless,,STANDARD,advance,3.0,liverpool lime street,Manchester Piccadilly,"February 18, 2024",00:15:00,00:45:00,00:45:00,On Time,,no
b84197b5-17bf-41e2-bd07,2024-03-07,05:05:11,Online,CC,,Standard,anytime,10.0,Birmingham New Street, stafford  ,03/07/2024,06:30:00,07:00:00,07:00:00,On Time,,false
1b31abc9-85a5-4d2f-9dc8,2024-04-12,06:31:12,Station,Credit Card,None,Standard,ANYTIME,151.0, Liverpool Lime Street,London Euston,2024-04-12,8:00 AM,10:15 AM,11:15:00,Delayed,WEATHER,n/a
e8ffbd87d2574846833b,12/03/2024,05:14:54,online,Debit Card,,Standard,Anytime,143.0,London Euston,Manchester Piccadilly,12-03-2024,06:30:00,08:20:00,N/A,On-Time,,N
c14128c5-1c6c-4dbf-82f5,2024-02-20,03:20:10,Online  ,Contact less,,Std, Off-Peak,53.0,London Kings Cross,York,"February 20, 2024",04:45:00,06:35:00,6:35 AM,On Time,,No
5ef16853-9b12-47ec-82c1,25/04/2024,9:31 AM,Station,Credit Card,,STANDARD,Off-Peak,10.0,London Euston, Birmingham New Street,25-04-2024,11:00:00,12:20:00,12:20 PM,ON TIME,,FALSE
e396d6f3-1e58-4810-b87c,02/09/2024,09:56:33,Online,Credit Crad,,Standard  ,ADVANCE,6.0,Birmingham New Street, Liverpool Lime Street,2024-02-17,08:15:00,9:45 AM,09:45:00,On Time,,0
df1ab54b-819a-4689-80f3,10/01/2024,01:30:03,Online,Credit Card,Senior,Standard  , Advance,5.0,york,DURHAM,11/01/2024,00:00:00,00:50:00,00:50:00, On Time,,No
3c9e6532-c0b3-48a1-be92,29/03/2024,14:41:45, Station  , Credit Card,Adult, Standard  , ANYTIME,9.0, London Euston,Birmingham New Street,29-03-2024,16:00:00,5:20 PM,17:20:00,On Time,,No
a7b52f73-4e9a-4965-8c0e,04/05/2024,14:26:10,Online  ,Credit Card,None, Standard  ,Off-Peak,7.0,London Euston, Birmingham New Street,2024-04-05,3:45 PM,17:05:00,17:05:00,On-Time,,false
6b8facbf-7468-4b9a-b6b4,2024/04/04,08:19:32,Online,Credit Card  ,,standard,Advance,18.0, london paddington,oxford,04/05/2024,07:45:00,09:15:00,09:15:00,on time,,None
16e6f7ac-e1ff-486c-958c,13-02-2024,09:06:11,Online,CREDIT CARD,,Standrd,Advance,34.0,york,peterborough,2024/02/14,07:30:00,08:40:00,08:40:00,On Time,,No
A1B28CA3-5D5E-434C-A449,02/21/2024,19:21:06,Station  ,-,,Standard  , Advance,8.0,London St Pancras,Birmingham New Street,2024-02-26,17:45:00,19:05:00,19:05:00,on time,,N/A
66a3d87f-6eb1-40f0-bc5f,04/07/2024,12:00:22,station,contactless,Senior, Standard,Off-Peak,3.0,Manchester Piccadilly  ,Liverpool Lime Street,2024-04-07,13:30:00,2:00 PM,-,On Time,N/A,no
145f520c-38c5-432c-b456,01/10/2024,14:29:45,Online,CREDIT CARD,Disabled,FIRST CLASS,Advance,18.0,London Paddington,reading,01/11/2024,12:45:00,13:45:00,13:45:00,On Time,,No
d2296805-1b87-47b3-8629,01/06/2024,17:19:24, Online,Credit Card,,Std,Off-Peak,£10.00,Birmingham New Street,nuneaton,"January 06, 2024",18:45:00,19:05:00,19:05:00,ON TIME,,false
03e8705e-3a65-488a-a33f,2024/03/11,11:59 AM,ONLINE,Contacless,,Standard,Off-Peak,12.0,LONDON ST PANCRAS,Birmingham New Street,"March 11, 2024",1:15 PM,14:35:00,n/a,On Time,,no
95811ee3-5198-425f-a3b7,"March 22, 2024",2:30 PM, Online,Contacless,,STANDARD,Advance,35.00 GBP,London Kings Cross,York  ,"March 23, 2024",1:00 PM,14:50:00,2:50 PM, On Time,,No
24c663de-c3db-4fdb-acf1,04/13/2024,7:43 AM,Online, Contactless,Disabled,Standrd,off-peak,36.0,LONDON KINGS CROSS  ,Edinburgh Waverley,2024/04/13,16:00:00,20:20:00,8:20 PM, On Time  ,,false
66c9fcc3-de95-4cae-897f,2024-02-12,20:16:55, Online,CC,,Standrd, Advance,8.0,London St Pancras,BIRMINGHAM NEW STREET,13/02/2024,18:45:00,20:05:00,8:05 PM,On Time,n/a,false
a2aa98e4-e498-48ab-905e,22-02-2024,00:28:31,Online,Credit Card,,standard,advance  ,13.0,london paddington,reading  ,2024-02-23,10:45 PM,23:45:00,23:45:00,ON TIME,,0
44BE252A-948E-4C19-95B1,10/01/2024,14:09:07,station  ,Contactless,NULL,standard, Off-Peak,19.0, London Paddington,READING,2024-01-10,3:30 PM,16:30:00,4:30 PM,ON TIME,,FALSE
76b43d38-8b67-4f29-92ca,2024-01-23,07:27:45,ONLINE, Contactless,, Standard,Anytime,25.0,london paddington,Reading,23-01-2024,8:45 AM,09:45:00,9:45 AM,On-Time,,0
36a5d27c-868a-410c-a1c2,02/23/2024,08:54:07, Station,,Adult  ,Standrd,Off-Peak,7.0,London Euston,Birmingham New Street,02/23/2024,10:15:00,11:35:00,11:35:00,ON TIME,,N
a8b6a75e-49e4-4a46-b7a8,10-01-2024,08:23:01,Station,Credit Card,,standard, Advance,3.00 GBP,Liverpool Lime Street,Manchester Piccadilly,2024-01-11,06:45:00,7:15 AM,07:15:00, ON TIME,,FALSE
ff365b77-5464-4f96-8d1d,31-03-2024,18:53:11,Station,Contacless,,Standard,Off-Peak,, Liverpool Lime Street,Manchester Piccadilly,2024-03-31,20:15:00,20:45:00,20:45:00,On Time,,0
0e7636b0-647b-43c0-8001,2024/04/05,3:10 AM,Online,contactless,,Standard,Off-Peak,53.0,london kings cross  ,york,2024/04/05,04:30:00,6:20 AM,06:20:00,On Time,,N
40499834-87c9-4163-a069,07/02/2024,19:26:18,ONLINE  ,, senior,Standard,Advance,16.0,London St Pancras,Leicester,23-02-2024,18:45:00,19:45:00,19:45:00,On Time,n/a,no
4e285400-54f1-4b6b-8840,2024-03-17,14:53:51, online,Contacless,Adult,Standard, Off-Peak,11.0,Birmingham New Street  ,MANCHESTER PICCADILLY,17/03/2024,4:15 PM,17:35:00,17:35:00, ON TIME,,No
c0c054d3-639c-46ea-9859,02/05/2024,15:38:39,Online,Contactless,,Standard,Anytime,£25.00,London Paddington,Reading,"February 05, 2024",17:00:00,18:00:00,18:00:00,ON TIME,,N
531f3bf2-f65b-4d62-b337,02/17/2024,1:31 PM,Station, Credit Card,,Standard,OFF-PEAK,19.0,London Paddington,Reading,2024-02-17,3:00 PM,16:00:00,16:00:00,On Time,,No
3f368a85-a367-4577-b7bb,15-03-2024,17:41:00, station, Credit Card  ,,Standrd,off-peak,-12.0,LONDON ST PANCRAS,BIRMINGHAM NEW STREET,15/03/2024,19:00:00,20:20:00,20:20:00,On Time,,No
805a7768-bf76-4662-b46c,02/23/2024,16:49:58,Online  ,Creditcard,,Standard,Advance,,LONDON ST PANCRAS  ,BIRMINGHAM NEW STREET,2024-02-27,15:15:00,16:35:00,16:35:00,On-Time,,false
684fa715-fbfc-4fe2-b35c,03/13/2024,16:13:44,Station,CONTACTLESS,ADULT,Standard, Anytime,101.0,liverpool lime street,LONDON EUSTON,03/13/2024,17:30:00,19:45:00,19:45:00,On-Time,,No
6667e290-21f6-4219-999a,2024/04/22,15:39:48,Station,Credit Card,, Standard,advance,13.0,London Paddington,Reading,2024-04-23,14:00:00,15:00:00,3:00 PM,On Time,,N
508aa6b5-cdc8-4b98-ab3f,2024/02/07,9:34 AM,Station,Credit Card,,standard,ADVANCE,£76.00,liverpool lime street,London Euston,2024/02/08,08:00:00,10:15:00,10:49:00,Delyed,Weather,No
a30274b9-1b68-48bd-ae19,09-04-2024,22:34:03,online,contactless, Adult,STANDARD,Advance,£2.00,manchester piccadilly,LIVERPOOL LIME STREET  ,2024/04/10,12:00 AM,12:30 AM,NULL,On Time,,0
98af1725-1347-4629-b11e,03/31/2024,10:35:46,Station,credit card,, Standard,Off-Peak,N/A,Manchester Piccadilly, Liverpool Lime Street  ,31-03-2024,12:00:00,12:30:00,12:30:00, on time,,No
61d26b3b-3924-4333-be32,01/03/2024,09:44:48,Online,None, Disabled,Standard,ADVANCE,48.0, London Euston,Manchester Piccadilly,2024/01/04,08:00:00,9:50 AM,9:50 AM,On Time,,No
3d84b7aa-6eeb-426a-954b,2024-02-07,20:29:53, Station,,ADULT,standard,ADVANCE,5.0, LONDON ST PANCRAS,Birmingham New Street,2024-02-09,6:45 PM,20:05:00,20:05:00,On Time  ,,0
57543876-1501-43ac-b719,12-04-2024,22:42:00,Online,Contactless,ADULT  , Standard, advance,,MANCHESTER PICCADILLY, Liverpool Lime Street,13/04/2024,00:00:00,12:30 AM,,cancelled, Weather Conditions,false
dc529cd8-fbb9-47f7-b800,"April 08, 2024",23:01:45,Online  ,Credit Card,,Standard,ADVANCE,7.0,London Euston,Birmingham New Street,09-04-2024,00:30:00,1:50 AM,01:50:00,On Time,,no
e2fbb9a7-8f97-489d-b2dc,"February 17, 2024",09:33:22, Online,Contactless,,STANDARD,Advance,6.0,Reading,Oxford,"February 18, 2024",08:00:00,08:25:00,8:25 AM,On Time,n/a,No
734888c9-f34a-49bd-a580,08-03-2024,17:45:03,online  , Credit Card,,Std,Advance,13.0,London Paddington,Reading,03/09/2024,16:15:00,17:15:00,5:15 PM,On Time,,N
f2383924-6ed4-4cdd-bdfe,09/02/2024,06:35:29,Online,Contactless, Adult, Standard,advance,£6.00,Liverpool Lime Street,Sheffield,28/02/2024,05:00:00,06:15:00,6:15 AM, On Time,,FALSE
6885FA60-80B2-4E99-86CF,2024-02-13,12:44:20,Online,Contacless,,Standard,ADVANCE,£8.00,London St Pancras, BIRMINGHAM NEW STREET,2024-02-21,11:00 AM,12:20:00,12:20 PM,On Time,,FALSE
316d1ffa-a924-4aaf-987f,14-03-2024,09:43:07,Online,CONTACTLESS,,Standard  ,Advance,6.0, Reading,Oxford,2024-03-15,08:00:00,08:25:00,N/A,On Time,,-
dd481377-7718-467f-a514,"April 17, 2024",04:54:36,Online,Credit Crad,,Standard,anytime  ,70.0, London Kings Cross  ,York,04/17/2024,06:15:00,8:05 AM,8:05 AM,On Time,,false
7e319a07-2428-42d4-9da7,03/11/2024,6:49 AM,Station,Credit Crad,Disabled,Standard, Anytime  ,9.0,London Euston,BIRMINGHAM NEW STREET,2024-03-11,08:15:00,09:35:00,9:35 AM, on time  ,,N
c761cfca-0558-4749-a81b,11/02/2024,3:41 AM, Online,CC,N/A,First Class,Advance,10.0,Liverpool Lime Street,Manchester Piccadilly,02/21/2024,02:00:00,2:30 AM,02:30:00,On-Time,,no
03bc8941-70bb-4c69-b0c1,2024-01-27,10:21 AM, Station,Contactless,Disabled,Standard,advance,23.0,London Kings Cross, YORK,2024-02-14,08:45:00,10:35:00,10:35 AM,On Time,,0
e6aed3df-fbf9-42b0-9da5,2024-03-09,12:30 AM,Online,CREDIT CARD  ,,STANDARD,off-peak  ,5.0,LIVERPOOL LIME STREET,manchester piccadilly  ,2024/03/09,2:00 AM,02:30:00,02:30:00, On Time,N/A,false
5053f39a-e2c1-42d8-80fe,2024-02-07,19:21:54, Station  , CREDIT CARD,,Std,Advance,35.0,LONDON KINGS CROSS  ,York,08/02/2024,5:45 PM,19:35:00,,On-Time,None,
68098c2c-090b-49d9-94fb,03/20/2024,08:25:38,Online,,,standard  ,OFF-PEAK,£10.00, LONDON EUSTON,Birmingham New Street,"March 20, 2024",09:45:00,11:05:00,11:05 AM,On Time,N/A,no
8854606D-EBF4-41F6-8738,2024/02/22,23:33:50, Station,Contactless  ,,STANDARD,Advance  ,8.0,LONDON ST PANCRAS,Birmingham New Street,2024-02-23,10:00 PM,23:20:00,11:20 PM,On Time,,false
cfda050b-bde1-4fa3-a2ee,03/29/2024,10:33:17,ONLINE,Contacless,,Standard,Off-Peak  ,12.0,London St Pancras, Birmingham New Street,29-03-2024,12:00:00,1:20 PM,13:20:00, On Time,,None
c9aeba41-24e6-40ac-bc0c,08/02/2024,00:27:45, Online,Contactless,,first class,ADVANCE,48.0,London Kings Cross,Edinburgh Waverley,02/12/2024,16:00:00,20:20:00,None,ON TIME,,No
997e3def-2ec0-40a8-aed0,2024-02-04,00:03:18,Online,Contact less,Disabled,standard  ,Off-Peak,3.0,Liverpool Lime Street  , Manchester Piccadilly,02/04/2024,01:30:00,2:00 AM,02:00:00,On Time,,N
c228dc98436d4b4db818,2024/02/05,22:02:47,Online,Credit Card,, STANDARD,Advance,7.0,London Euston, Birmingham New Street,2024-02-06,20:30:00,21:50:00,21:50:00, On Time  ,,false
b02db390-c381-40b1-be2d,2024-01-19,06:06:47,Online,Credit Card,Disabled  ,Standrd,ANYTIME,47.0,London Kings Cross, YORK,19-01-2024,07:30:00,09:20:00,N/A,ON TIME,,N
2b79f915-0f72-4fef-bfb4,2024-02-05,19:34:10,Online,CREDIT CARD,,Standard,Advance,9.0,reading,Swindon,02/17/2024,17:45:00,18:30:00,18:30:00,on time,,No
242c9746-7643-479f-9c80,2024-03-05,6:05 AM, Online,Credit Card,,Std,ANYTIME,16.0, London St Pancras  ,Birmingham New Street,"March 05, 2024",07:30:00,08:50:00,08:50:00,On Time,N/A,FALSE
710c3d67-ac7e-4cc5-beff,04-03-2024,05:32:14,Online,,Adult  ,Standrd,Anytime,-23.0,Oxford,Bristol Temple Meads,04-03-2024,07:00:00,8:15 AM,08:15:00,On Time,,N
0C0D177B-022D-4186-BB2E,2024-02-13,5:03 AM,Online,credit card,, Standard,anytime,13.00 GBP,London Euston  ,birmingham new street,2024-02-13,06:30:00,7:50 AM,07:50:00, On Time,,N
040ab267-6cf7-4b60-aa1d,04/04/2024,04:16:39, online,Creditcard,,standard,off-peak,12.0,London St Pancras, Birmingham New Street,04/04/2024,05:45:00,7:05 AM,07:05:00, ON TIME,,no
69350edc-038b-41be-b456,2024-01-22,7:47 AM,online, CONTACTLESS,Senior, Standard,Off-Peak,, MANCHESTER PICCADILLY,Liverpool Lime Street,2024-01-22,09:15:00,9:45 AM,09:45:00, On Time  ,,N
22f1ea9e-73ad-4724-b189,26-03-2024,18:59:40,online,Credit Card  ,ADULT,first class  ,Advance,38.0,london kings cross, YORK,2024-03-27,17:15:00,19:05:00,19:05:00,on time,None,FALSE
5d5fbf2a-5821-4125-994c,2024/02/06,10:46:13,online,CC,Disabled,STANDARD  ,Advance,8.0,London Paddington,READING,16/02/2024,09:15:00,10:15 AM,10:15:00,On Time,,0
7da58ccc-4946-4252-bb44,11-04-2024,03:37:55,ONLINE,Creditcard,,Standard,Advance,12.0, Manchester Piccadilly,Nottingham,2024-04-12,2:00 AM,03:00:00,03:00:00,On Time,,0
083890c1-8c0e-43df-b389,"February 05, 2024",19:26:10,ONLINE,Credit Crad,Senior,STANDARD,Advance,None,Manchester Piccadilly, liverpool lime street  ,14/02/2024,6:45 PM,19:15:00,,Cancelled,traffic,N
1133427f-7c03-4c4e-a54b,2024-01-29,5:55 PM,Online, Contactless,Adult,Standrd,Advance,2.00 GBP,Manchester Piccadilly,Liverpool Lime Street,01-02-2024,16:15:00,16:45:00,16:45:00,On Time,,false
0fd9f6ef-b82e-440e-a993,16-01-2024,08:29:53,Online  ,Creditcard,, First Class  , Advance  ,27.0,London Paddington,Reading,2024-01-17,07:45:00,08:45:00,08:45:00, On Time,,false
52350826-0fe9-4811-845a,04/13/2024,05:01:54,Online,credit card,disabled,Standard  ,OFF-PEAK,5.0, York,doncaster  ,2024-04-13,06:30:00,07:00:00,7:00 AM,On Time  ,,no
ab63c113-da70-4bf6-a2a5,03/26/2024,17:22:19,ONLINE, Credit Card,,Standard,Anytime,5.0,Birmingham New Street,COVENTRY,2024-03-26,18:45:00,19:05:00,7:05 PM,On-Time,,No
8d53ec9a-b9f2-472e-9b12,07/01/2024,10:23:31,Online,contactless,,Standrd,Off-Peak,10.0, London Euston,Birmingham New Street,07/01/2024,11:45:00,13:05:00,13:05:00,On Time,,No
a5319ff5-607f-4620-8199,2024-02-19,12:27:04,ONLINE,Contacless,,Standard,Advance,£3.00,Manchester Piccadilly,LIVERPOOL LIME STREET,24/02/2024,10:45:00,11:15:00,,On Time,,N
f323be8f-476c-49c5-9351,02/15/2024,3:28 PM,Station, CREDIT CARD,,Standrd,Advance,24.0,York,Edinburgh,2024-02-26,13:45:00,4:15 PM,16:15:00,OnTime,,FALSE
2f419f6f-1a29-4b6c-ba34,01/02/2024,03:58:40,Online  ,Contact less,,Standard,Off-Peak,10.0, London Euston,Birmingham New Street,2024-02-01,05:15:00,06:35:00,06:35:00,On Time,,no
f9b82346-e99f-432a-9ade,21/03/2024,16:08:06,Station,NULL,Adult,First Class,ADVANCE,,london kings cross,York,22-03-2024,14:30:00,4:20 PM,16:20:00,On Time,,
9479bec9-2e01-4aac-be28,"March 28, 2024",05:09:54, Station,Creditcard,,Standrd,Advance  ,84.0,Manchester Piccadilly, london euston,03/29/2024,03:30:00,05:20:00,05:20:00, Delayed,Weather Conditions,false
eb531127-b0ff-4990-a7ed,17-02-2024,23:02:05,Station,Credit Card,-,standard  , Advance,13.0,LONDON PADDINGTON, Reading,24/02/2024,9:30 PM,10:30 PM,10:30 PM,On-Time,,No
187e0de4-a8f7-4082-8eb5,03/01/2024,5:46 PM,ONLINE,Credit Card,,Standrd,ADVANCE,7.0, london euston,Birmingham New Street  ,2024-03-02,16:15:00,17:35:00,-,On Time,,No
980C8256-036C-4591-A5EF,04/04/2024,12:25:42,Online,CONTACTLESS,,standard,Off-Peak,13.0,Liverpool Lime Street,SHEFFIELD,04/04/2024,13:45:00,3:00 PM,3:00 PM,OnTime,,FALSE
6A1E323B-70EF-4060-861A,04/10/2024,15:59:44,Station,Credit Card  ,,Standard,Anytime,151.0,Liverpool Lime Street,London Euston  ,2024-04-10,17:15:00,19:30:00,19:30:00,On-Time,,N
ce431b1c-a53f-41be-b699,04/02/2024,3:07 PM,Station,Contactless  ,SENIOR,Std,advance,2.0,MANCHESTER PICCADILLY,Liverpool Lime Street  ,14-02-2024,13:30:00,14:00:00,, Cancelled  ,Staff Shortage,0
20558a47-95f5-4f17-8f30,03/10/2024,08:09:58, Station,Credit Card,,Standard,Advance,3.0,Manchester Piccadilly,LIVERPOOL LIME STREET,2024/03/11,6:30 AM,07:00:00,07:00:00,On Time  ,,0
723868d1-9705-4b76-8724,04/07/2024,07:09:47,Online,, Adult,Standard,Advance,2.0,MANCHESTER PICCADILLY,Liverpool Lime Street,2024/04/08,5:30 AM,06:00:00,06:00:00,On Time,,0
48fb92b7-4848-483b-b316,16-02-2024,10:53:53, Online,Contactless,Disabled  ,Standard, Advance,n/a,London St Pancras,BIRMINGHAM NEW STREET,2024-02-23,09:15:00,10:35:00,10:35:00,on time  ,,false
f40807a7-7d36-4c63-936f,2024-03-06,06:40:44, Station,Credit Card,,Standard,ANYTIME,151.0, Liverpool Lime Street  ,London Euston,2024/03/06,8:00 AM,10:15:00,10:51:00,Delayed,Weather,false
86983030-9313-4DB1-98FE,03/11/2024,07:19:06,Station  , Credit Card,,Standard,ANYTIME,-,London Paddington,reading,2024-03-11,8:45 AM,09:45:00,09:45:00,on time,,N
0df25dfd-0545-425c-af8e,16-04-2024,13:47:47,Station,Contacless,Adult,STANDARD,Advance,23.0,London Kings Cross,York,2024-04-17,12:15:00,14:05:00,14:05:00,On-Time,NULL,No
74639af9-2257-42bb-b7ed,01/25/2024,07:58:29,Online  ,Debit Card, Senior,first class,Advance,18.00 GBP,London Paddington,Reading,01/26/2024,06:15:00,07:15:00,07:15:00,On Time,,No
e4d1d0b1-e782-47bf-96eb,2024/01/03,5:18 AM,STATION,credit card,,Standrd, Anytime,6.0,liverpool lime street,Manchester Piccadilly,2024-01-03,06:45:00,07:15:00,07:15:00,OnTime,,N
59c6cbf6-7b55-4388-8d9b,2024-02-13,10:39:57,Station,Contactless,NULL,standard,Advance,2.0,Manchester Piccadilly,Liverpool Lime Street,16/02/2024,09:00:00,09:30:00,11:57 AM,Delayed,SIGNAL FAILURE,no
5d46939b-73b4-492f-abb6,2024-03-21,3:05 AM, online,Contactless  ,Disabled  , STANDARD,ADVANCE,2000.0,Liverpool Lime Street, Manchester Piccadilly,22-03-2024,1:30 AM,02:00:00,02:00:00,On Time  ,,No
22f40fd4-3c51-4e99-bdb5,02/23/2024,16:54:14,Online,CC,adult,Standrd,Advance,5.0,London St Pancras,birmingham new street,2024-02-24,15:15:00,16:35:00,,cancelled,Technical Issue  ,N
09710b6891c74253bad1,02/17/2024,02:07:26,Station,Contactless  ,,standard,ADVANCE,35.0,LONDON KINGS CROSS,York  ,02/18/2024,00:30:00,02:20:00,02:20:00,On Time  ,,N
56815316-1d06-43eb-94c4,2024/04/26,03:40:20,online,contactless  ,ADULT, Standard,off-peak  ,65.0, LONDON PADDINGTON  ,Liverpool Lime Street  ,26-04-2024,05:00:00,7:30 AM,7:30 AM,On Time,,no
aeeb33f6-429e-41f1-9d6b,01/06/2024,04:53:38,Online,Credit Card,Senior,Standard,OFF-PEAK,N/A,Manchester Piccadilly,Liverpool Lime Street,06-01-2024,06:15:00,06:45:00,06:45:00,ON TIME,,FALSE
24750341-e4ea-4b99-a416,2024-04-27,17:56:04,online,Contacless,, Standard, ADVANCE,2.0,Manchester Piccadilly,Liverpool Lime Street,04/28/2024,16:15:00,16:45:00,16:45:00,OnTime,NULL,no
3407C478-5A0C-43B3-996E,05-04-2024,13:34:41,Online,Contact less,,Std,Advance  ,3.0,Liverpool Lime Street,MANCHESTER PICCADILLY,2024-04-06,12:00 PM,12:30 PM,12:30 PM,On-Time,,N
903c80c4-ecda-400b-9fab,01/16/2024,5:26 AM,Station,CREDIT CARD,,STANDARD,Anytime,6.0, LIVERPOOL LIME STREET,manchester piccadilly,2024/01/16,06:45:00,07:15:00,,Cancled,traffic,No
8fffbcd8-2418-40e3-96bd,2024-01-31,18:15:53,Online,Credit Card, SENIOR,Standard, ANYTIME  ,31.0,LONDON ST PANCRAS,Leicester,01/31/2024,18:45:00,7:45 PM,7:45 PM,On-Time,,false
71aef21c-bba5-4061-a131,04/21/2024,13:28:13,Station  ,Contact less,,standard  ,Advance,None,MANCHESTER PICCADILLY,Liverpool Lime Street,22-04-2024,11:45:00,12:15:00,12:15:00, On Time,,FALSE
9560e7a3-2876-492b-8bce,14-02-2024,01:56:28,Station,-,Adult, Standard,Advance  ,15.0,Birmingham New Street,London St Pancras,28-02-2024,00:15:00,01:35:00,01:35:00,On Time,,0
62F424C4-2DC5-47A0-96CC,2024-02-13,17:19:54,Online,N/A,,Standard,Anytime,16000.0, London St Pancras,birmingham new street  ,2024-02-13,6:45 PM,20:05:00,None,OnTime,,FALSE
5FD6AE2A-672C-4171-9057,2024-03-08,09:52:10, Online,Credit Card  ,Adult  , STANDARD  ,off-peak,3.0, Liverpool Lime Street,Manchester Piccadilly,2024-03-08,11:15:00,11:45:00,11:45:00,On Time,,false
564e0c71-3b2e-40ec-a2ac,25/02/2024,2:16 PM,Online,,DISABLED  ,Standard, Off-Peak,7.0,LONDON EUSTON  ,Birmingham New Street,25-02-2024,15:45:00,5:05 PM,5:05 PM,on time,NULL,no
32F0649E-0824-402D-AF48,2024/04/19,02:38:35, Online,n/a,n/a,Standard,Off-Peak,53.0,London Kings Cross,york,"April 19, 2024",04:00:00,05:50:00,5:50 AM,On Time,,N
92dfaf95-a75f-4ab9-afb8,2024-01-10,16:38:24, STATION, Credit Card,,standard,Advance,13.0,London Paddington  ,Reading,2024-01-11,3:00 PM,16:00:00,16:00:00,ON TIME  ,,N
103e5ea0-c8c7-4c31-91f3,"April 27, 2024",5:40 PM,STATION,Credit Card,Adult,Std,ADVANCE,8.0,London Paddington,Reading,04/28/2024,16:00:00,17:00:00,17:00:00,On Time,,0
ef1159c9-9cad-4284-9eef,20/02/2024,17:25:41,Online,CC,,First Class,Anytime,107.0,London St Pancras, Birmingham New Street,2024-02-20,18:45:00,20:05:00,20:05:00,On Time,,0
8792b0aa-c5b3-4c8f-8ab0,30/04/2024,06:23:24,Station, Credit Card,,standard,ANYTIME,70.0,London Kings Cross  ,york,04/30/2024,07:45:00,09:35:00,09:35:00,On-Time,,N
f0af694a-c145-4cc0-8e61,2024-04-24,8:24 PM,station,Credit Card,,Standard, Advance  ,5.0,Birmingham New Street,stafford,2024-04-25,17:45:00,6:15 PM,6:15 PM,On Time,n/a,N
70da820e-5888-4850-8edb,03-03-2024,5:55 PM,Online,Credit Crad,,Standard,Advance  ,£13.00,London Paddington,Reading,2024-03-04,16:15:00,17:15:00,None,On-Time,,false
0b1639b8dcfe43b3bd0e,15-01-2024,08:28:23,Online,NULL,,First Class  ,Advance  ,-,LONDON KINGS CROSS, York,16-01-2024,07:45:00,09:35:00,09:35:00,On Time,,false
dc521960-0dc6-436d-8c8e,12/02/2024,19:54:08,STATION,contactless,,STANDARD,Advance,54.0,Reading,liverpool lime street,02/21/2024,6:15 PM,8:45 PM,20:45:00,On Time,,0
17014dc8-b062-4e05-997c,2024-01-19,07:26:52,Online,Credit Card,,Standard,Anytime,35.0,London Paddington,Oxford,19/01/2024,07:45:00,09:15:00,09:15:00,On Time,,FALSE
89e4dbc0-fb02-4c4d-91d0,2024-01-03,15:10:35,station,credit card,,Standard,Advance,3.0,Manchester Piccadilly,Liverpool Lime Street,2024-01-04,13:30:00,2:00 PM,14:00:00,OnTime,,0
6841D57F-D4BE-41AC-957F,2024-03-10,02:14:47,Station,CREDIT CARD,, standard  ,Off-Peak,11.0,York,DURHAM,03/10/2024,3:30 AM,04:20:00,4:41 AM,Delyed,Weather Conditions,
89c43ff8-eff2-48e8-8a37,2024-01-26,15:16:22,Online,Creditcard,-,Standard  ,Advance,86.0,Manchester Piccadilly,London Paddington,27-01-2024,13:45:00,16:00:00,,On Time  ,,FALSE
9E42110C-4D2C-4A1A-90FF,2024-04-20,05:21:53,Online  ,Contactless  ,,Standard, ADVANCE,7.00 GBP,London Euston,birmingham new street,21-04-2024,3:45 AM,05:05:00,5:05 AM, ON TIME,,0
33294533-66b3-47f3-b01e,2024-01-15,2:51 PM,Station,contactless  ,Senior,standard,Advance,2.0,Manchester Piccadilly,Liverpool Lime Street  ,16-01-2024,1:15 PM,1:45 PM,13:45:00,On Time,,false
B5F65C86-A478-4227-A8C6,23/03/2024,5:16 AM,Station,CONTACTLESS  ,ADULT,standard, Off-Peak,35.0,London Kings Cross,YORK,2024-03-23,06:45:00,08:35:00,08:35:00,ON TIME,,No
f74669b2-84b6-458d-9713,2024-01-16,5:03 AM,Station,Credit Card,,STANDARD,Anytime,£13.00,London Euston,BIRMINGHAM NEW STREET,"January 16, 2024",06:30:00,07:50:00,07:50:00,ON TIME  ,,0
c8e78e36-96f0-46db-8cee,14/01/2024,10:42:15,online,Contactless,,Standard,advance  ,13.0,london paddington,READING  ,15/01/2024,09:00:00,10:00 AM,10:00 AM,On Time,,no
9252c299-7d54-4024-9ba0,07-01-2024,08:20:55,Online,Credit Card,,Standard,advance,35.0,London Kings Cross,YORK,08-01-2024,07:45:00,09:35:00,09:35:00,On-Time,N/A,0
deda8f20-ea6f-47b7-9f84,31-01-2024,06:03:49,Online,Credit Card  ,,First Class,Anytime  ,93.0,york,peterborough  ,31-01-2024,07:30:00,08:40:00,08:40:00,On Time,,N
4bfa8661380049a5921c,03/03/2024,05:20:56,Online,Contactless,,First Class,Off-Peak,41.0,London Paddington,Reading,2024-03-03,06:45:00,7:45 AM,7:45 AM,ON TIME,,false
a24401eb-c245-472d-8c0a,2024-03-25,05:06:02,Online,Credit Card,,Standard,ANYTIME,29.0,Birmingham New Street,LONDON ST PANCRAS,03/25/2024,06:30:00,07:50:00,07:50:00, On Time,-,false
58df4e5d-233d-4ec0-ba08,07-02-2024,17:01:58,station  ,Debit Card,Adult,Standard,anytime,101.0,Liverpool Lime Street, London Euston  ,07-02-2024,5:30 PM,19:45:00,7:56 PM,delayed,NULL,yes
da90a2a05af34c2d8b0f,2024-03-27,20:01:13,Station,Credit Card,Adult, standard,OFF-PEAK,3.0, Liverpool Lime Street  ,Manchester Piccadilly,27/03/2024,21:30:00,22:00:00,22:00:00,On Time,,n/a
5014b215-2667-4fc0-9a79,"April 07, 2024",14:51:58, Online,Credit Crad,,standard,off-peak,£10.00,London Euston  ,birmingham new street,07/04/2024,4:15 PM,17:35:00,17:35:00,On Time,,None
7b669790-177c-4974-8364,2024-01-23,01:09:13,Online,Credit Card,,Std,ADVANCE  ,3.0, liverpool lime street,MANCHESTER PICCADILLY,24-01-2024,23:30:00,00:00:00,00:00:00,OnTime,,No
a0a38cd0-e4cc-4833-94c7,2024/02/11,04:56:05,Online,Debit Card,,Standrd,Off-Peak  ,35.0,London Kings Cross,York,11/02/2024,06:15:00,08:05:00,NULL, On Time  ,,false
151c9f1a-89ab-4347-bb54,09/01/2024,4:02 AM,Station,Contactless,Disabled,Standard, Off-Peak,13.0,london paddington, Reading,01/09/2024,05:30:00,06:30:00,07:20:00,Delayed,Staff Shortage  ,0
db6eac37-7a61-4f73-a93d,04/28/2024,22:44:39, Online, Contactless, Adult  ,Standard  , ADVANCE  ,2.0, Manchester Piccadilly,Liverpool Lime Street  ,04/29/2024,00:00:00,00:30:00,00:30:00,On-Time,,no
fd48ec8a-2811-4378-b4ae,2024/03/09,12:07:43, Station,credit card,,Standard,Off-Peak,53.0,London Kings Cross,York,09/03/2024,13:30:00,15:20:00,15:20:00,OnTime,,false
34EED779-B2DA-4E74-A89E,03/11/2024,18:29:44,Station,NULL,,standard  ,OFF-PEAK,53.0,London Kings Cross,York  ,2024-03-11,7:45 PM,21:35:00,21:35:00,On Time,N/A,N/A
e518ef7f-0379-46bf-90f4,2024/02/25,15:34:28,Online  ,Contactless,,STANDARD  ,Off-Peak,19.0,London Paddington,Reading,02/25/2024,17:00:00,18:00:00,18:00:00,on time,,No
5497db2a-0a0e-4cc9-8da8,02-04-2024,17:46:04, Online, Credit Card,,Standrd,Advance,£7.00,london euston,Birmingham New Street,04/03/2024,16:15:00,5:35 PM,17:35:00, On Time,,N
dfab21b9-bf80-4ceb-b543,2024-04-16,18:37:10,STATION,Credit Card,,Standard, Advance,8.0,London St Pancras  ,BIRMINGHAM NEW STREET,17-04-2024,17:00:00,6:20 PM,18:20:00,On Time,,N
d4c3baad-ee24-41f4-8d41,2024/01/02,07:33:15,Online,CREDIT CARD  ,, first class, Off-Peak,, London Kings Cross,YORK,01/02/2024,09:00:00,10:50:00,10:50:00,On Time,n/a,no
91BCEB4D-B335-426D-A0C6,2024/03/03,04:58:39,ONLINE,,Senior,STANDARD,OFF-PEAK,2.0,Manchester Piccadilly,liverpool lime street,2024-03-03,06:15:00,06:45:00,06:45:00, On Time,,NULL
dbaecf06-f902-4265-9efb,04/25/2024,12:16 PM,Station, CONTACTLESS,,standard,off-peak,19.0,London Paddington,Reading,25-04-2024,1:45 PM,14:45:00,14:45:00,On Time,N/A,N
9a654eb2-9195-4477-9a16,06/03/2024,09:44:48, Station,Credit Card,,Standard,Advance,76.0,Liverpool Lime Street,London Euston,07-03-2024,08:00:00,10:15:00,10:58:00, Delayed,,FALSE
85f1e4d8-1615-474f-a1d6,2024-02-11,4:04 PM,Station  ,DEBIT CARD,,FIRST CLASS  ,advance,64.0, Edinburgh Waverley, LONDON KINGS CROSS,22/02/2024,15:30:00,7:50 PM,19:52:00, Delayed,STAFFING,Y
db23f905-58e4-466d-9114,04/15/2024,08:18:49,ONLINE, CONTACTLESS,,standard, Advance,£13.00,London Paddington  ,Reading,16-04-2024,06:45:00,7:45 AM,07:45:00,On-Time,None,No
b7fa8d23-3532-4b73-823f,2024-04-21,21:42:48,Station,Credit Card  ,,First Class, Advance  ,27.0,London Paddington,Reading,2024-04-22,20:00:00,9:00 PM,21:00:00,On Time,,No
c7d9ac93-9632-4fa1-86e1,02/02/2024,07:56:42,Online, credit card,Senior,standard, ADVANCE,2.0, Manchester Piccadilly  , Liverpool Lime Street  ,02/18/2024,06:15:00,06:45:00,06:45:00, on time  ,n/a,0
adde008f-4330-459c-a612,03/02/2024,10:34 AM, Online,Contactless  ,n/a,Standard,Off-Peak  ,£12.00, London St Pancras,Birmingham New Street,02-03-2024,12:00:00,1:20 PM,1:20 PM,On Time,,No
5f11d79a-49fd-41f1-b78c,31-03-2024,4:11 PM,Station,debit card,,1st Class,Off-Peak,80.0,London St Pancras,Birmingham New Street,2024-03-31,17:45:00,7:05 PM,,Cancled, Technical Issue,no
5c58b7f8-e52d-423c-8d5a,02/04/2024,12:20 AM,ONLINE,Contactless,,FIRST CLASS,off-peak,78.0, London Euston,Birmingham New Street,2024-02-04,22:45:00,00:05:00,00:05:00,On Time,,no
67462d8824ec4a8cb534,10-03-2024,08:09:06,STATION  , Credit Card,Adult,Standard,advance,£14.00,Birmingham New Street, LONDON EUSTON,03/11/2024,06:30:00,07:50:00,07:50:00,On-Time,,false
3c110909-cefc-4c7e-8a51,2024-02-22,09:56:32,Station,Credit Crad,,Standard,Advance,3.0,York,Leeds,02/29/2024,08:15:00,8:40 AM,08:40:00,On Time,,N
9e9cda83-6ac1-40e7-8758,01/25/2024,7:06 AM,Online,CONTACTLESS  ,,standard,Advance,35.0,London Kings Cross,York,26-01-2024,05:30:00,7:20 AM,07:20:00,On Time,,No
ba6846c3-f57d-4234-96ce,2024/04/09,08:27:58,Online,Contactless,,Standard,Advance,8.0,London St Pancras,Birmingham New Street  ,2024-04-10,6:45 AM,8:05 AM,08:05:00, On Time,,0
784867c6-4ed5-4b21-8a90,2024/03/26,12:20:16,Online,CREDIT CARD,Adult,Standard,Off-Peak,£4.00,manchester piccadilly,Sheffield,26-03-2024,1:45 PM,14:30:00,14:30:00,On Time,,No
792a8980-cabb-4acf-a469,2024-01-11,3:04 AM,STATION,Credit Card,,Standard, Off-Peak,12.0, London St Pancras,Birmingham New Street,11-01-2024,4:30 AM,05:50:00,,CANCELLED,Staffing,no
39870f03-8ede-4a7c-92a6,2024-02-04,00:30:03,Online,Contactless,Disabled,Standard,Advance,24.0,London Kings Cross,Edinburgh Waverley  ,25/02/2024,16:00:00,20:20:00,20:20:00,On Time,,no
beb54250-017a-46f1-a4d8,12-03-2024,04:40:29,Online, Credit Card,,STANDARD,ADVANCE,35.0,London Kings Cross  ,york  ,"March 13, 2024",03:00:00,04:50:00,4:50 AM,On-Time,,No
fb38cd26-47eb-467b-a83f,2024/02/21,1:25 AM,online,Contactless,,standard,advance,£5.00,York  , Durham,2024/02/26,23:45:00,00:35:00,00:35:00,On Time  ,,FALSE
dde63a29-8327-4b74-ae22,06-02-2024,14:18:46,Online, Credit Card,Disabled  ,Standard,advance,8.0,London Paddington  ,Reading,24-02-2024,12:45 PM,13:45:00,13:45:00,OnTime,,N
5ec93994-7871-4dd5-b59f,01/16/2024,05:16:46,online, Contactless,,standard,ADVANCE,£7.00, London Euston,birmingham new street,2024-01-17,3:45 AM,5:05 AM,NULL,On Time,N/A,0
e0297849-5508-455d-b7e4,2024-02-16,08:01:08,Online,None,Disabled,STANDARD,advance,-15.0, Birmingham New Street  ,London St Pancras,"February 17, 2024",06:30:00,07:50:00,07:50:00,On Time,,FALSE
e15a25e2-d073-410f-a45f,21-04-2024,23:06:56,Station  ,Credit Card, Adult,standard,Advance,2000.0,LIVERPOOL LIME STREET,Manchester Piccadilly,2024-04-22,21:30:00,22:00:00,22:00:00,On Time,N/A,FALSE
d0a81b9e-f1a5-4da8-8651,2024-01-24,08:04:47,STATION,credit card  ,,Standard  ,Advance,£13.00,reading,London Paddington,"January 25, 2024",06:30:00,06:55:00,06:55:00,On Time,NULL,0
1122fc8a-2035-4ce6-af9b,29/01/2024,21:51:55,Station,Credit Card,, First Class  ,Advance,10.0,manchester piccadilly,Liverpool Lime Street,2024-01-30,20:15:00,20:45:00,20:45:00,On Time,,no
6e56fde1-c80c-453d-a2e1,03/17/2024,19:29:57,online,Credit Card, SENIOR,Std,Advance,2.0,MANCHESTER PICCADILLY,liverpool lime street,03/18/2024,18:45:00,19:15:00,-, On Time,,0
94bf970c-76d4-4198-8cb2,02/07/2024,23:12:26,Station,Credit Card,,Standard,Advance,13.0,London Paddington,Reading,02/08/2024,21:30:00,22:30:00,10:30 PM,On-Time,,no
7f7cd23f-0625-4b94-850f,22-04-2024,08:14:16,Online,Debit Card,,Standrd,ADVANCE,72.0,London Euston  ,Manchester Piccadilly,23/04/2024,06:30:00,8:20 AM,08:20:00,On Time,NULL,FALSE
1d3afb00-6644-4105-acf2,2024-02-08,20:31:52,Station,Debit Card,,Std,advance,35000.0,london kings cross,York,02/23/2024,6:45 PM,8:35 PM,8:35 PM,on time,None,no
4263119d-7b17-4c9e-ab23,2024/04/17,06:43:10,Station,Credit Card,,Standrd,Anytime,151.0,Liverpool Lime Street,London Euston  ,17-04-2024,08:00:00,10:15:00,11:03:00,Delayed,,false
d1016109-516f-423f-8940,23/04/2024,21:49:31,Station  ,n/a,,Standrd,advance,3.0, Manchester Piccadilly,Liverpool Lime Street,"April 24, 2024",20:15:00,20:45:00,20:45:00, On Time,,FALSE
860771ef-2c4b-4e0c-9e77,21-04-2024,03:33:15,Online,Credit Card,,standard,advance,12.0,manchester piccadilly  ,nottingham,04/22/2024,02:00:00,03:00:00,03:00:00,ON TIME,,no
0cb66451-03a6-4e4f-af5e,2024/01/28,04:16:59,STATION,CC,, Standard,Off-Peak,12.0,London St Pancras, Birmingham New Street,2024/01/28,05:45:00,07:05:00,,Cancelled,SIGNAL FAILURE,FALSE
758ac7d0-a796-4deb-b44c,17/01/2024,8:33 AM,online  ,Credit Card,n/a,First Class, Advance,59.0,Birmingham New Street,London St Pancras,2024-01-18,7:00 AM,8:20 AM,n/a,on time,,FALSE
f2469e9a-af1f-486d-8214,16-03-2024,05:58:13, STATION,Contacless,adult,Standard, Advance,4.0,London Euston,Birmingham New Street  ,"March 17, 2024",04:15:00,5:35 AM,5:35 AM,on time,,no
c656ec3d-ab5a-48cf-8ef0,25/01/2024,13:38:53,Online  ,Contactless  ,,Standard, ADVANCE  ,£8.00,London St Pancras,Birmingham New Street,02-02-2024,12:00:00,1:20 PM,13:20:00,on time,,N
e8688b92-4d91-4fd0-95d4,"April 04, 2024",09:35:16, Online, Contactless,-,First Class,Advance,27.0,london paddington,READING,04/05/2024,08:00:00,09:00:00,09:00:00, ON TIME,,N
A94D5502-B385-4C42-8FD0,16-03-2024,04:19:20,station,None,,standard,Advance,35000.0,London Kings Cross,York,2024-03-17,2:45 AM,4:35 AM,04:35:00,On Time  ,,FALSE
267b7098-a03e-40d3-a3e8,04/17/2024,22:39:36,Station,CONTACTLESS  ,,Standard,Advance,3.0, liverpool lime street,Manchester Piccadilly,18/04/2024,00:00:00,12:30 AM,,On-Time,,N
09FBAE36-3672-4DB4-B71B,2024-02-10,16:03:11,station,debit card,,Standard,Advance,21.0,Birmingham New Street,London Euston,"February 11, 2024",3:30 PM,16:50:00,17:16:00,Delayed,staffing  ,1
f16c9657-57fa-4d96-ae17,"March 31, 2024",18:48:07,STATION,Credit Card,, First Class,Off-Peak,n/a,Manchester Piccadilly, Sheffield,31/03/2024,20:15:00,21:00:00,21:00:00, ON TIME,,no
2b93cbc7-0f6f-4030-9054,20/03/2024,10:26:53,online,Credit Card,,Standard,Advance,84.0, MANCHESTER PICCADILLY,london euston,2024/03/21,08:45:00,10:35:00,10:35:00,OnTime,,No
a20961ab-eb18-4d22-bbb6,2024/04/08,17:34:11,Station  ,Debit Crad,Disabled,standard  ,Advance,4.0,London Euston, Birmingham New Street,2024-04-09,4:00 PM,5:20 PM,6:03 PM,delayed, Signal failure,N
b4b8009d-c321-466f-92a4,15/03/2024,19:34:55,STATION,DEBIT CARD,adult  ,Standard,Advance,N/A,London Paddington,READING,2024/03/16,17:45:00,18:45:00,,cancelled,,yes
88eb713a-c1d8-403a-aaf4,09/03/2024,12:00:06,Online  ,CREDIT CARD,,Standard,Advance,-,London Euston,BIRMINGHAM NEW STREET,10/03/2024,10:30 AM,11:50 AM,,On Time  ,-,N
9d05ec99-53b4-45b8-958b,2024/02/02,18:31:40,STATION,credit card,,STANDARD,Advance,3.0,Liverpool Lime Street,MANCHESTER PICCADILLY,13/02/2024,17:00:00,5:30 PM,17:30:00,On Time  ,,false
7fc1cf48-6f7f-4bab-b13f,2024-03-29,13:27:27,ONLINE,Credit Card,,Standard,Off-Peak  ,-5.0,Liverpool Lime Street,Manchester Piccadilly,29/03/2024,2:45 PM,15:15:00,15:15:00,On Time,,false
09DAEC0A-6A03-4C4C-9ADD,22-03-2024,04:04:40, Online,CREDIT CARD,,Standard,advance,£3.00,Liverpool Lime Street,manchester piccadilly,2024/03/23,2:30 AM,03:00:00,03:00:00,On Time,,FALSE
6AAB225A-90E9-4B34-8558,24-03-2024,17:17:50,Online, Credit Card,Disabled,Standard, ADVANCE,4.0,London Euston,Birmingham New Street,25-03-2024,15:45:00,17:05:00,,Canceled,Staff Shortage,No
fd676fc6-9202-4a73-a870,15-04-2024,15:19:24,Station  ,Contactless,,Standard,Anytime,70.0,London Kings Cross,York,2024/04/15,17:45:00,19:35:00,None,On Time,,0
97ceecb3-31ae-407e-bb85,26-01-2024,14:13:30,Online,Creditcard, Disabled,Standard  ,Off-Peak,£7.00,London Euston,Birmingham New Street,2024-01-26,3:30 PM,16:50:00,16:50:00,OnTime,,0
cac1719e0f1943e1bb9e,03/13/2024,00:37:40,Online,None,, STANDARD,Off-Peak  ,17.0, MANCHESTER PICCADILLY  ,Nottingham,2024-03-13,2:00 AM,03:00:00,03:00:00,On Time,-,No
910e0b08-e8b1-461e-99b9,08-01-2024,18:14:27,Online,Credit Card,Senior, Standard,Anytime,31.0,London St Pancras,leicester,01/08/2024,18:45:00,19:45:00,19:45:00,On Time,,No
314b0ff5-da26-4843-b4f5,04/27/2024,17:40:05, Station,Credit Card,Adult,standard  ,Advance,-4.0,London Euston  ,birmingham new street,28-04-2024,16:00:00,17:20:00,18:45:00,Delayed,Weather,FALSE
ee30f4c3-44f0-4318-83b1,13/03/2024,02:01:00,Station,Credit Crad,,Standard,Advance  ,£3.00,Liverpool Lime Street,Manchester Piccadilly,03/14/2024,12:30 AM,01:00:00,01:00:00,On Time,,FALSE
e12f95f4-fe26-4033-8582,2024-01-20,12:34:24,Station,Contactless,,STANDARD, Advance,24.0,York, EDINBURGH,2024-02-01,11:00:00,13:30:00,13:30:00, On Time,,N
c544aa53-4fbb-4395-9f67,03/11/2024,11:15:51,Online,contactless,,Standard,Off-Peak  ,107.0,London Euston,Manchester Piccadilly  ,03/11/2024,12:45:00,14:35:00,14:35:00, On Time,,No
10a92b05-2470-42aa-88ef,22-01-2024,06:10:47, Station  ,Contactless  ,,Standard,Advance,35.0,London Kings Cross,YORK  ,"January 23, 2024",04:30:00,06:20:00,06:20:00,On Time,,N
d713c3c4-c8ab-4eb3-b5f1,09-01-2024,11:32 PM,station,Contactless,None,Std,Advance,2.00 GBP,Liverpool Lime Street  ,Manchester Piccadilly,10/01/2024,22:00:00,22:30:00,22:30:00, On Time,NULL,FALSE
5995949b-67d5-4d66-9fb4,04/17/2024,5:14 AM,online,Credit Card,,Standard,Anytime,£13.00,London Euston,Birmingham New Street  ,17/04/2024,06:30:00,07:50:00,07:50:00,On Time,-,no
22e95276-b32e-4898-9701,2024-04-20,11:15:12,Online, Credit Card, Disabled, STANDARD,Off-Peak,13.0,London Paddington, Reading,20-04-2024,12:45:00,13:45:00,1:45 PM,On Time  ,,No
28cbd2c7-1d6a-4e98-9037,06/04/2024,14:42:31,Online,Contactless,,Standard,Advance,3.0,Manchester Piccadilly  ,LIVERPOOL LIME STREET  ,2024/04/07,1:00 PM,13:30:00,13:30:00,On Time,,N
a3346c60-d188-4f83-a593,04/01/2024,12:11:45, Station,Creditcard,disabled  ,Standard,advance,-2.0,Liverpool Lime Street  ,Manchester Piccadilly,2024-01-05,10:30:00,11:00:00,11:00:00,On Time,,false
ce3d9d7e-f4fc-48f4-bf2b,01/27/2024,7:26 AM,Online,Credit Card,,standard  ,off-peak,£26.00,london paddington,Oxford,2024/01/27,7:45 AM,09:15:00,09:15:00,OnTime,,no
7ed80442-364e-4e8a-817a,2024-03-11,05:10:39,online,Credit Card, Disabled,Standard,Anytime  ,29.0,Birmingham New Street,London St Pancras,11/03/2024,06:30:00,7:50 AM,07:50:00,on time,,false
19f69505429f4d7b9fc9,2024-01-23,5:14 PM,Station, contactless,ADULT,Standard, Anytime,26.0, Birmingham New Street,YORK,23/01/2024,18:30:00,8:15 PM,20:15:00, On Time,,no
36B3FBF8-56C2-4EFC-A400,10-04-2024,20:17:30,Online,Creditcard,,Standard,Advance,8000.0, London St Pancras,Birmingham New Street,2024-04-11,18:45:00,20:05:00,n/a, Cancelled, Weather Conditions,0
b1858c5a-aa6f-4143-b76c,02/08/2024,03:06:26,online,credit card,, Standard,Off-Peak,33.0,BIRMINGHAM NEW STREET,London St Pancras,2024-02-08,04:30:00,05:50:00,05:50:00,On Time,,N
037a6dff-5348-4fc0-ab22,02/04/2024,20:18:25,Online,Credit Card  ,,First class ,advance  ,54000.0,London St Pancras,Birmingham New Street,29/02/2024,18:45:00,20:05:00,20:05:00,On-Time,,FALSE
a1aed46b-7f4a-409e-8e7f,21-03-2024,17:47:27, Station,Credit Card,,Standard,Off-Peak,4.0,MANCHESTER PICCADILLY,Liverpool Lime Street,21-03-2024,19:15:00,7:45 PM,7:45 PM,On-Time,NULL,FALSE
4724bec9-c1a6-487b-bba7,19-04-2024,8:00 AM,Online,Debit Card,,Standard,Advance,72.0,London Euston,Manchester Piccadilly,2024-04-20,6:30 AM,08:20:00,08:20:00,On Time,,FALSE
d1094418-9337-4ec1-ac67,19-04-2024,18:24:50,Online,Credit Card,Senior,Standard,anytime,31.0,London St Pancras,leicester,"April 19, 2024",18:45:00,19:45:00,19:45:00,OnTime,,no
940e0228-3b63-4afd-b9dc,2024-02-06,21:06:22,STATION, contactless,,First class , Advance,57.0,London Kings Cross  ,York,14/02/2024,7:30 PM,21:20:00,21:20:00,On Time,,no
920f5dee-5f71-42bd-9cf3,2024-03-31,10:36 AM,station,None,,standard,Off-Peak,4.0,Manchester Piccadilly,Liverpool Lime Street,2024-03-31,12:00 PM,12:30:00,12:30:00,On Time,,no
d592e13a-2913-499b-901d,02/03/2024,10:31:43,Online,Credit Crad,,standard,ADVANCE,7.0,LONDON EUSTON, BIRMINGHAM NEW STREET,2024-02-08,9:00 AM,10:20:00,10:20:00,On Time,,NULL
4691bdd9-38e7-4dae-84e5,02/12/2024,05:09:04,station,Credit Card,,STANDARD  , Advance,84.0,MANCHESTER PICCADILLY,LONDON EUSTON,27-02-2024,3:30 AM,5:20 AM,5:39 AM,Delayed  ,Weather Conditions,false
9d3c221f-4fd3-494b-a8f7,2024/02/19,5:49 PM,Online,Credit Card,,STANDARD,Advance,7.0,London Euston  ,Birmingham New Street  ,20/02/2024,16:15:00,17:35:00,17:35:00, On Time,,no
B074D3A1-3073-4337-987B,"January 20, 2024",8:56 AM,Station,None,None,Standard,Off-Peak,4.0,Manchester Piccadilly,Liverpool Lime Street,2024/01/20,10:15 AM,10:45:00,10:45:00,OnTime,,false
ee2e3691-130d-4ca7-b0d2,"January 05, 2024",2:07 PM,Online,Creditcard,, Standard,Advance,8.0,london st pancras  ,Birmingham New Street,2024-01-06,18:45:00,20:05:00,,On Time  ,,n/a
46d3b37e-8fbd-4007-8d84,18-04-2024,11:04 PM,STATION,contactless,,Standard,Advance,N/A,Liverpool Lime Street  ,Manchester Piccadilly,19-04-2024,9:30 PM,22:00:00,10:00 PM, On Time,,0
30d4bd2b-6817-4ae6-9481,2024-02-04,08:31:06,Online,Credit Card,,Standard,ADVANCE,13.0, London Paddington,Reading,05/02/2024,07:00:00,08:00:00,,OnTime,,no
ade01198-f8f1-4754-86b4,2024/03/22,08:00:11,Online,CREDIT CARD,Disabled,Standard,Advance,15.00 GBP,birmingham new street,London St Pancras,23/03/2024,06:30:00,7:50 AM,7:50 AM,On Time,,FALSE
4dd3e9a4-4ed1-4ed2-b3f6,2024/02/08,9:11 AM,Station,Contact less,,Standard,Off-Peak,53.00 GBP, LONDON KINGS CROSS,York,08-02-2024,10:30:00,12:20:00,12:20:00,On Time,,FALSE
36e36bd4-2d50-4da7-a3a3,2024/01/17,06:12:19,Online  ,Creditcard,,Standrd,Anytime  ,67.0,York, Peterborough,17-01-2024,7:30 AM,08:40:00,08:40:00,On Time,,0
2de1ac94-4123-442a-bb05,2024-01-26,1:31 PM, ONLINE,Contactless,,Standard,advance,8.0,London St Pancras,birmingham new street,2024/01/27,12:00:00,13:20:00,1:20 PM, On Time,,N
c193c9c8-97d6-4d9e-a315,"April 02, 2024",14:58:27,Online,Contactless,Adult  ,Standard,anytime,NULL, BIRMINGHAM NEW STREET,Manchester Piccadilly,2024/04/02,16:15:00,17:35:00,5:35 PM,On Time,,0
365affaa-4eb8-4f74-949d,03-03-2024,18:23:07,online,CREDIT CARD,Senior,Standrd,OFF-PEAK,23.0, London St Pancras  ,Leicester  ,2024-03-03,18:45:00,7:45 PM,19:45:00, On Time,,0
a01a71f0-6f71-47c2-be96,01/22/2024,21:46:55,Station,contactless,,Standard,Advance,3.0,Liverpool Lime Street,Manchester Piccadilly,2024-01-23,20:15:00,8:45 PM,8:45 PM,ON TIME,,No
C6B368C7-4C8F-4983-8C03,20/01/2024,17:43:12,Station  ,Credit Card,adult,STANDARD,Advance  ,4.0,London Euston, Birmingham New Street,2024/01/21,16:00:00,17:20:00,17:20:00,OnTime,,no
d25f9455-39a3-4a35-a501,05/01/2024,03:07:25,Online, Contactless,N/A,Standard,Off-Peak,£5.00,Liverpool Lime Street,Manchester Piccadilly,2024-01-05,04:30:00,05:00:00,05:00:00,ON TIME,N/A,false
3D335F6A-7D1F-4CC5-9F45,04/17/2024,5:39 PM,STATION,Debit Card, DISABLED,standard  ,ADVANCE,5.0,London St Pancras,Birmingham New Street,18-04-2024,4:00 PM,17:20:00,17:20:00, On Time,,FALSE
2f4fa793-bfca-44e2-bcbe,2024-03-19,14:53:19,Online, CONTACTLESS,,Standard,anytime  ,70.0,London Kings Cross,York,2024-03-19,16:15:00,18:05:00,18:05:00,OnTime,,No
25462139-198f-45ab-a206,2024/02/12,5:49 AM,Station,Contacless,,1st Class, Advance,10.0,liverpool lime street,Manchester Piccadilly,18-02-2024,04:15:00,04:45:00,04:45:00,ON TIME,,N
d3002fce-00a2-4428-9a2b,2024-01-18,00:56:27,Online,Contactless,Adult, STANDARD, Off-Peak,n/a,London Paddington,Reading  ,01/18/2024,02:15:00,03:15:00,3:15 AM,OnTime,,false
91b3e8ba-92a3-417a-9e88,27/03/2024,06:34:07,STATION,Credit Card,,Standard,Anytime,41.00 GBP,BIRMINGHAM NEW STREET,London Euston,2024/03/27,08:00:00,09:20:00,10:08:00,Delayed  ,Weather,No
8ac42679-bd72-4ea2-8847,2024-03-25,3:16 AM,station,credit card,, Standard,Advance,8.0,London St Pancras,birmingham new street,2024-03-26,01:45:00,03:05:00,03:05:00, On Time,,N
50a8a41f-b182-464c-9f39,25-04-2024,07:54:39,Online  ,CONTACTLESS  , Disabled,Standrd,Anytime,£48.00,London Kings Cross  ,Edinburgh Waverley,25-04-2024,16:00:00,20:20:00,8:20 PM,On-Time,,No
010cce68-4df2-4919-aa9b,12/02/2024,21:35:15, Online  ,NULL,,Standard,advance,7.0,London Euston, Birmingham New Street,2024/02/13,20:00:00,9:20 PM,21:20:00,On Time  ,,false
5fd37290-5a8e-4698-bf52,24/01/2024,05:57:58,Station,CONTACTLESS,,Standard,Advance,3.0,liverpool lime street  ,Manchester Piccadilly,2024/01/25,4:15 AM,04:45:00,04:45:00,OnTime,,0
22D6D19B-1195-45AE-A595,"February 19, 2024",12:11:00,station,Credit Card,n/a,Std, Advance,2.0, Liverpool Lime Street,Manchester Piccadilly,02/20/2024,10:30:00,11:00:00,11:00:00, On Time,,0
e2689ff4-452a-4b40-a5e8,2024-04-12,6:18 PM,ONLINE,Credit Card,senior,standard,Anytime,31.0,london st pancras,Leicester,04/12/2024,18:45:00,19:45:00,19:45:00, On Time,,false
ca96c8df-17eb-46ef-b209,04/09/2024,20:56:09,Station,credit card,,Std,OFF-PEAK,19.0, London Paddington, Reading,09-04-2024,22:15:00,23:15:00,NULL,on time,,0
F4E52099-74AC-42E0-B207,02/04/2024,04:28:05,Online,CONTACTLESS,,Standard,OFF-PEAK,53.0,London Kings Cross  , York,2024-02-04,05:45:00,07:35:00,7:35 AM,on time,,no
9c1b6dbb-dcfe-496d-b59d,02-01-2024,22:40:21,Online,Contactless,ADULT,1st Class, Advance,-6.0,MANCHESTER PICCADILLY  , LIVERPOOL LIME STREET,2024-01-03,00:00:00,12:30 AM,00:30:00,On-Time,,0
ffbbb23d-eb23-4a1f-a367,04/17/2024,17:50:01, Online,Contactless,Adult,Standard,Advance,2.0,Manchester Piccadilly,Liverpool Lime Street,"April 18, 2024",16:15:00,16:45:00,16:45:00, On Time,None,FALSE
42ec6a21-bc1b-4377-82bd,2024/04/04,17:23:36,online,contactless,, Standard  ,Advance,6000.0, Birmingham New Street  ,Liverpool Lime Street,05-04-2024,15:45:00,5:15 PM,5:15 PM,On Time  ,,no
1faab793-23eb-4747-a051,26/04/2024,10:41 PM,Online,Contacless,Adult, Standard,advance,2.0,Manchester Piccadilly, Liverpool Lime Street,2024/04/27,00:00:00,12:30 AM,,cancelled,Traffic,false
565eb170-af3e-40aa-99c7,2024-01-29,14:25:23,Online  , Credit Card,,Std,advance  ,13.0, London Paddington,Reading,2024-01-30,12:45:00,13:45:00,13:45:00,ON TIME  ,,false
302b1fa3-044a-4b91-b75a,04/18/2024,08:05:22,Online,,,Standard,Advance  ,3.0, MANCHESTER PICCADILLY,liverpool lime street,2024-04-19,06:30:00,07:00:00,07:00:00,On Time,,N
f53bbf6b-d6cb-4fb4-92f9,"February 18, 2024",03:10:19,Online,CONTACTLESS,Disabled,Standard  ,Advance,5.0,LONDON ST PANCRAS,Birmingham New Street,02/22/2024,1:30 AM,02:50:00,02:50:00,On Time,,false
e92449de-17da-41ad-97bb,04/14/2024,17:14:51,station,Debit Crad,Adult,Standard, Off-Peak,84.00 GBP,Manchester Piccadilly,London Euston,2024-04-14,5:30 PM,19:20:00,19:25:00,DELAYED,technical issue  ,yes
610885d1-a936-4854-be0b,2024/04/10,19:00:50,Station,Contactless,Adult,1st Class,Advance  ,£78.00,Liverpool Lime Street,London Euston,2024/04/11,17:30:00,19:45:00,20:05:00,Delyed,technical issue,0
18942d80-3110-41fa-a43f,23-03-2024,5:46 PM,Online  ,Credit Card,,Standard, Advance,13.0,london paddington,Reading,03/24/2024,16:15:00,5:15 PM,5:15 PM,On Time,,No
9c84f1e1-b784-4042-9346,01/11/2024,08:25:51,Online,CREDIT CARD,N/A,standard,ADVANCE,18.0,LONDON PADDINGTON, Oxford,12-01-2024,7:45 AM,09:15:00,09:15:00,On Time,,false
785d1652-7ffc-4524-b01f,2024/03/21,01:06:27,Station,Credit Card,,Standard, Advance,£13.00,London Paddington,Reading,03/22/2024,23:30:00,00:30:00,00:30:00,On Time  ,,FALSE
f269f387-4ca4-441a-8615,2024/04/24,09:05:33,ONLINE,-,,Std,ADVANCE,35.0,London Kings Cross,york,25-04-2024,07:30:00,09:20:00,09:20:00,on time  ,,No
78d9e095-02ab-4306-a71a,01/02/2024,8:16 AM,Online,Contacless,,Std,Advance,-8.0,London St Pancras,BIRMINGHAM NEW STREET  ,2024-02-02,06:45:00,8:05 AM,08:05:00,On Time  ,,0
c8c6f9b2-f134-480f-a7ef,2024-01-08,18:56:48,Online  ,Contactless,,First Class,Advance,10.0,Manchester Piccadilly,Liverpool Lime Street,2024-01-09,17:15:00,17:45:00,N/A,On Time,NULL,No
f71d1e97-9438-4599-a61d,2024-04-22,07:56:02,online,CREDIT CARD,Senior, Standard,Advance  ,£2.00,manchester piccadilly,LIVERPOOL LIME STREET,2024-04-23,6:15 AM,06:45:00,06:45:00,On Time,,FALSE
0e97bba3-d3ca-4e69-927c,05-01-2024,13:20:35,online,contactless,,Standard,ADVANCE,8.0,London St Pancras  ,BIRMINGHAM NEW STREET,01/06/2024,11:45:00,13:05:00,13:05:00,On Time,n/a,NULL
393b14f4-d869-4273-b249,2024-02-13,16:24:25,Online  ,CREDIT CARD,Senior  ,STANDARD, Advance,2.0,MANCHESTER PICCADILLY,Liverpool Lime Street,"February 19, 2024",14:45:00,15:15:00,,Canceled,Signal Failure,0
6fb717b5-7bdf-4695-8e2f,02/24/2024,1:34 AM,station,,,Standard, Advance,n/a,London St Pancras  , Birmingham New Street,2024-02-25,00:00:00,1:20 AM,1:20 AM,On Time,,0
44bf9056-1078-4018-bcb2,04/22/2024,1:32 PM,Online  ,Credit Card,Senior,Standrd,Advance  ,23.0,London Kings Cross,York,04/23/2024,9:30 AM,11:20:00,11:20:00,On Time,,FALSE
560bab76-f5d1-4930-be0c,08-03-2024,1:40 AM,Online  ,Contactless,Adult,Standard,Advance,2.00 GBP,Manchester Piccadilly,Liverpool Lime Street,"March 09, 2024",00:00:00,00:30:00,00:30:00,On Time  ,,N
ecd474c0-40ae-4858-b383,04/12/2024,14:51:40,Online  ,Credit Card,,standard,ADVANCE,7.0,London Euston,Birmingham New Street  ,2024-04-13,1:15 PM,14:35:00,2:35 PM, ON TIME,,No
31b00152-ae11-474d-aa38,13-02-2024,07:47:53,Online,Credit Card,,First class ,Advance,57.0,London Kings Cross,York,02/24/2024,06:15:00,08:05:00,08:05:00, on time,,FALSE
14eff4f6-042c-4e3d-a2e1,07/01/2024,14:40:06,Station,Debit Crad,Disabled,STANDARD,Off-Peak  ,7.0, LONDON EUSTON,Birmingham New Street,2024-01-07,4:00 PM,5:20 PM,17:20:00,On-Time,,N
1c722224-cf34-4a51-befe,2024-01-31,00:09:01,STATION,Credit Card  ,Adult,Standard,Off-Peak,3.0,London Euston  , Oxford  ,01/31/2024,22:30:00,23:40:00,23:40:00,on time,,0
f70bb71c-27f4-44ba-a8f5,2024/03/06,22:53:23,STATION  ,-,,STANDARD,ADVANCE,7.0,London Euston,BIRMINGHAM NEW STREET,2024/03/07,21:15:00,22:35:00,22:35:00,OnTime,,no
8af1a620-75fe-4e01-85c6,03/28/2024,6:52 PM, Station,contactless,,standard,Off-Peak,5.00 GBP, Liverpool Lime Street, MANCHESTER PICCADILLY,28/03/2024,8:15 PM,8:45 PM,20:45:00,On Time  ,,No
5601764c-6408-4072-811d,"April 09, 2024",18:42:26,Station,Credit Card,,Std, Off-Peak,19.0,London Paddington,Reading,09/04/2024,20:00:00,21:00:00,21:00:00,On Time,,N/A
fbdba8e5-6416-4813-90dc,2024-04-17,23:53:20,STATION  ,N/A,ADULT,Standard, Advance,56.0,Manchester Piccadilly, LONDON EUSTON,18-04-2024,22:15:00,00:05:00,00:05:00,On-Time,,N
26dde15d-c33f-415a-a49a,03-02-2024,05:45:16,Station,None,,Standard,Advance,-3.0,liverpool lime street,Manchester Piccadilly  ,04/02/2024,4:15 AM,04:45:00,04:45:00,On Time,,n/a
70686F0B-6EFB-4103-B9EC,02-03-2024,08:03:31,Station,Credit Card,,STANDARD, Advance,8.0,London St Pancras,birmingham new street  ,03/03/2024,06:30:00,07:50:00,7:50 AM,ON TIME,NULL,no
badef8fb-d3d6-4365-89bc,2024-04-11,12:41 PM,Online,Contactless  ,, Standard,Advance,None, LONDON ST PANCRAS,Birmingham New Street,04/12/2024,11:00:00,12:20:00,12:20:00,On Time,,N
74259f9a-5dc3-49f0-9ee7,24/03/2024,08:06:32,Online,Credit Card, Disabled,Standard,ADVANCE,-, Birmingham New Street, London St Pancras,"March 25, 2024",06:30:00,07:50:00,07:50:00,On Time,,0
24aa13a7-0512-40f8-bc19,22/01/2024,3:22 PM,Station,CONTACTLESS,,STANDARD,Anytime,70.0,london kings cross,York  ,22/01/2024,17:45:00,7:35 PM,19:35:00,On Time,,N
debfcf8d-3cc1-4fd2-a4d6,04/26/2024,19:14:16,Station,contactless,,Standrd,Off-Peak,5.0,liverpool lime street,Manchester Piccadilly,26/04/2024,20:30:00,9:00 PM,21:00:00,On Time  ,,FALSE
f4745cd4-2280-468e-9cfe,2024-01-11,8:34 PM,Station,CC,N/A, Standard, Advance,5.0, Birmingham New Street,stafford,2024/01/12,17:45:00,18:15:00,18:15:00, On Time,,FALSE
3cb56b33-8e66-4aff-b7ae,28-01-2024,07:39:49,Station  , CONTACTLESS, adult,Std,Off-Peak,10.0,Manchester Piccadilly,Leeds,2024/01/28,09:00:00,09:45:00,12:25 PM,delayed, SIGNAL FAILURE,NULL
3d14606ae7fd49969400,03/11/2024,12:39 AM,online,Credit Card  ,,First Class,off-peak  ,15.0,Liverpool Lime Street, Manchester Piccadilly,11-03-2024,02:00:00,2:30 AM,02:30:00,On Time,,No
75AC8D08-1E27-4667-B7F6,01/07/2024,7:44 AM,Station, contactless,Adult,Standard,off-peak,12.0,Manchester Piccadilly  ,Nottingham,01/07/2024,09:00:00,10:00:00,11:17:00,delayed,Signal Failure,false
7656d683-ff3e-476d-8483,02-02-2024,20:32:25,Station,Credit Card,, Standard  , advance,5.0, Birmingham New Street,Stafford  ,2024/02/22,17:45:00,18:15:00,18:15:00,On Time,,
12E078A6-263E-4B03-A4A6,13-01-2024,17:52:54,Online,Contact less, adult, Standard,Advance,N/A,BIRMINGHAM NEW STREET,MANCHESTER PICCADILLY,"January 14, 2024",16:15:00,17:35:00,17:35:00,On Time,,no
11dcbbb4-2698-4ad3-8502,06-03-2024,12:34 AM,ONLINE, Contactless,disabled,standard, Advance,£24.00, LONDON KINGS CROSS,Edinburgh Waverley,2024-03-08,16:00:00,20:20:00,20:20:00,on time,,No
76efafe7-cd8f-4fd5-a9a4,2024-02-23,00:10:12,Online,Contacless,Adult,Standard,advance,n/a, york,Edinburgh,02/28/2024,22:30:00,01:00:00,01:00:00,On Time,,FALSE
d15ed29c-6966-4e7e-99d7,01/12/2024,07:32:50,Station, Contactless,-,standard  ,Off-Peak,10.0,manchester piccadilly,Leeds,01/12/2024,09:00:00,09:45:00,12:45:00,Delayed,Signal Failure,false
5a54a5de-580d-4631-9f4b,2024-02-26,07:54:36,Online,Credit Card,Senior  ,Standard  ,ADVANCE,,MANCHESTER PICCADILLY, Liverpool Lime Street,27-02-2024,6:15 AM,06:45:00,06:45:00,On Time,,false
EAE8893F-49E3-4140-B58D,01/31/2024,5:44 AM,Online  ,Credit Card,Senior,Standrd, Off-Peak,35.0,LONDON KINGS CROSS,York,31/01/2024,09:30:00,11:20:00,11:20:00,OnTime,,FALSE
70414746-b0a3-4fda-bd5e,2024-01-06,17:16:11, online  ,Credit Crad,,Std,Off-Peak,10.0,Birmingham New Street,Nuneaton,2024-01-06,6:45 PM,7:05 PM,19:05:00,on time,,no
23692535-04cb-4785-b088,04/12/2024,14:29:19,Station,Contacless,,Standrd,Off-Peak,19.0,London Paddington,Reading,12/04/2024,15:45:00,16:45:00,16:45:00,On Time  ,,No
D0A7B525-B1E4-4C96-9A83,2024-03-01,08:33:34,Online,Credit Card  ,,First Class,Advance,59.0,Birmingham New Street,london st pancras,2024-03-02,7:00 AM,08:20:00,08:20:00,OnTime,,no
9d5e615c-2181-4ce4-9565,2024/03/25,14:07:42, Station, Contactless,,Standard  ,Off-Peak,19.0,LONDON PADDINGTON, Reading,"March 25, 2024",15:30:00,4:30 PM,4:30 PM,On Time,,no
1a16f358-28a3-4c35-b88f,"February 13, 2024",3:52 PM,ONLINE,Contactless,,Standard,ADVANCE,7.0,London Euston,Birmingham New Street  ,2024-02-17,2:15 PM,15:35:00,15:35:00,On Time,,N
19e734e5-7279-4978-893b,03/02/2024,14:40:20, STATION,Credit Card,Adult,Std,OFF-PEAK,7.0,London Euston  ,Birmingham New Street,03-02-2024,16:00:00,17:20:00,5:20 PM,On-Time,,-
c70dd7ae-0f97-4aa9-9e6d,2024-02-17,04:55:02, Online,Debit Card,-,Std,off-peak,13.0,London Paddington,reading,02/17/2024,06:15:00,07:15:00,07:15:00,On Time  ,,0
c343df8d-7e12-4c73-b8d7,2024-01-24,5:50 AM,Online  ,debit card,,Std,Anytime  ,70.0,London Kings Cross,York,2024/01/24,7:15 AM,09:05:00,09:05:00,ON TIME  ,,FALSE
cd8eab94-a0d2-49ce-94f9,"February 10, 2024",07:15:13,Online,Credit Card,,Std,Off-Peak,26.0,London Paddington,oxford,02/10/2024,7:45 AM,09:15:00,9:15 AM,On Time,,N
a1618bab-e793-491e-bc6a,03/02/2024,19:25:56,Station,Credit Card,,Standard,Advance,7.0, London Euston, Birmingham New Street  ,15-02-2024,17:45:00,7:05 PM,19:05:00,On Time,N/A,N
c5853af5-c2ec-4ca2-bef0,2024-02-11,2:52 AM,STATION,Contactless,Adult  ,STANDARD,off-peak,7.0,London Euston,Birmingham New Street  ,2024/02/11,4:15 AM,05:35:00,05:35:00,on time,,0
894b32c1-4a56-4fe9-89f7,19-03-2024,5:27 AM,Online,,,standard,anytime,25.0,london paddington  ,READING,03/19/2024,06:45:00,07:45:00,07:45:00,On Time,,no
3ea408d0-7dea-4e17-b5b7,14-03-2024,12:40 AM,ONLINE,CC,DISABLED,Standard,Off-Peak,£35.00,London Kings Cross,YORK,14-03-2024,2:00 AM,3:50 AM,03:50:00, On Time,,no
4d3d8782-e1f2-48d8-881a,12/01/2024,8:54 PM, Station  ,CC,,Standrd,Off-Peak  ,-, London Kings Cross  , York,2024/01/12,22:15:00,00:05:00,00:05:00,On-Time,,No
a8e71d37-6919-4965-bd7c,09/03/2024,09:21:35,Online,credit card,, Standard,Off-Peak,n/a,london euston,Birmingham New Street,2024-03-09,10:45:00,12:05:00,12:05:00,on time,,
ec73c90b-7e1a-4d01-8f59,2024-02-03,07:53:57,Online,credit card  ,,Standrd,Advance,35.0,London Kings Cross,york,11/02/2024,06:15:00,08:05:00,8:05 AM,OnTime,,N
e362aa61-c4c4-4584-be6f,08/02/2024,11:20:13,Station,Contactless  ,NULL,STANDARD,Advance,13.0, London Paddington  ,reading,26/02/2024,09:45:00,10:45:00,10:45:00,On Time,,No
5fd133a2-4742-47bc-b515,03/03/2024,18:47:53,Online  ,Credit Card,disabled,Standard, Off-Peak,N/A,Manchester Piccadilly  ,Liverpool Lime Street,2024-03-03,20:15:00,8:45 PM,8:45 PM,on time,,0
c0f88683-2379-4b6f-b084,02-04-2024,23:11:57, station,Credit Card,,Standard,Advance,£7.00,London Euston, Birmingham New Street  ,03-04-2024,21:30:00,10:50 PM,22:50:00,ON TIME,,FALSE
26a50103-3525-4cd8-9820,2024-02-28,08:19:23,Online, Credit Card  ,, Standard,advance,18000.0,London Paddington,Oxford  ,03/01/2024,7:45 AM,09:15:00,9:15 AM,OnTime,,false
648a195c-8308-4354-9112,04/25/2024,17:25:07,Online, Credit Card,DISABLED,Standard,anytime,£43.00,London St Pancras, Wolverhampton,04/25/2024,6:45 PM,20:15:00,20:15:00, On Time,,No
0607464f-46e1-482d-8903,2024-02-03,08:25:10,Online,CC,,Standard  ,Advance,13.00 GBP,London Paddington,Reading,09-02-2024,07:45:00,8:45 AM,08:45:00,On Time  ,,false
f4876fc7-3582-409a-a2e5,2024-01-10,08:06:22,Online, debit card  ,,Standard,Advance,72000.0,London Euston,Manchester Piccadilly,2024-01-11,6:30 AM,08:20:00,08:20:00,On Time  ,,0
0ccaa2b1-cb2d-4648-8249,11-02-2024,08:23:51,online,Credit Card  ,,Standard,Advance,£13.00,LONDON PADDINGTON,reading,2024-02-18,07:45:00,08:45:00,08:45:00,ON TIME,,0
a0759111-0bf1-4c72-86d5,26/01/2024,2:30 PM, Station,,,Standard  ,Anytime,3.0,Manchester Piccadilly,Liverpool Lime Street,26-01-2024,16:00:00,4:30 PM,16:30:00,On Time,,No
8c6528f1-87ce-466c-b313,06/04/2024,5:47 PM,Station,Creditcard,,STANDARD,Off-Peak,4.0,Manchester Piccadilly,liverpool lime street,04/06/2024,19:15:00,19:45:00,19:45:00,On Time,,No
fd95cf6c-ae09-42cd-adfc,06-04-2024,23:07:36,Station,Credit Card,, Standard,Advance,13.0,London Paddington,Reading  ,04/07/2024,9:30 PM,22:30:00,22:30:00,on time,,n/a
40273B35-3829-40C0-A97A,04/06/2024,08:27:21,Online, Credit Card,,standard  ,Advance  ,13.0, London Paddington,Reading,2024/04/07,7:45 AM,08:45:00,8:45 AM,On Time,,FALSE
4d56270d-4645-4207-9f45,2024-01-12,05:53:49,Station,Contactless,ADULT,Standard,Advance,4.0,London Euston,Birmingham New Street,01/13/2024,04:15:00,05:35:00,5:35 AM,ON TIME,,N
3124e1f6-1a76-47bb-a5e8,04/03/2024,23:52:20,Station,CREDIT CARD,, Standard,Advance,35.0,London Kings Cross,York,"March 05, 2024",22:15:00,00:05:00,12:05 AM,On Time,,FALSE
9d3ffeb0-9cf6-4102-8e44,"March 22, 2024",5:31 PM,STATION, Contactless,None,Standard,Advance,2.0,MANCHESTER PICCADILLY, Liverpool Lime Street,2024/03/23,16:00:00,16:30:00,,Cancled,Signal Failure  ,no
77e55f516902471ea926,23/01/2024,3:47 AM,Online,Credit Card,disabled  ,Standard,Off-Peak,13.0,London Paddington  ,Reading,23/01/2024,05:15:00,06:15:00,06:15:00, On Time,,false
764e0ce9-a153-4cd9-81f7,2024-01-28,16:24:57,STATION  ,Credit Card,,Standard, Off-Peak,10.0,London Euston, Birmingham New Street,2024-01-28,5:45 PM,19:05:00,7:05 PM, On Time,,FALSE
123084CE-CF07-4D99-96C5,2024-03-12,17:07:17,Online,Creditcard,DISABLED,standard,Advance  ,4.0,London Euston, BIRMINGHAM NEW STREET,2024-03-13,15:30:00,4:50 PM,16:50:00,On Time,,0
e8eff800-7349-49a2-9456,16-04-2024,15:18:33,station,Contact less,,Std,Anytime  ,70.0,London Kings Cross,York,2024/04/16,5:45 PM,7:35 PM,19:35:00,On Time,NULL,no
ddf1815f-0c23-4ce4-9453,02/04/2024,10:57 AM,Online,Contactless,,standard, ADVANCE,8.0,London St Pancras,BIRMINGHAM NEW STREET,08-02-2024,09:15:00,10:35:00,10:35:00,ON TIME,,
9f91f7ef-6b5b-42fc-b18b,12-03-2024,05:35:40,Online,CONTACTLESS,,Standard,Advance,£13.00, London Paddington,reading,03/13/2024,04:00:00,05:00:00,05:00:00,On Time,,false
7309AD5A-3293-4ECB-B430,2024-04-12,17:59:34,online,Contactless,Adult,Standard,Advance,NULL,birmingham new street, MANCHESTER PICCADILLY,04/13/2024,16:15:00,5:35 PM,17:35:00,On Time,n/a,None
B0C921A7-72E6-4BEE-93BF,03/14/2024,12:33:09,STATION,Contactless,,Standard  ,advance,3.00 GBP,Manchester Piccadilly,Liverpool Lime Street,15-03-2024,11:00 AM,11:30:00,2:26 PM,Delyed,Staff Shortage,N/A
8456fa53-6c93-42ba-943e,19-04-2024,06:30:07, Station,-, Adult,Std,ADVANCE,None,Liverpool Lime Street, London Euston,20-04-2024,05:00:00,7:15 AM,07:15:00, On Time  ,,no
fecf6bee-b709-417f-ac1d,2024-02-13,5:09 PM,STATION  ,Contactless  ,,Standrd,Advance,13.0,READING,London Paddington,2024-02-17,15:30:00,15:55:00,15:55:00,On Time,,false
e27e03f9432b4a619e94,03/12/2024,15:13:50,Station,Credit Card,,Standard,Anytime,25000.0,London Paddington,Reading,2024-03-12,5:45 PM,18:45:00,6:45 PM,On-Time,,0
52091538-7005-4d0c-851d,"February 11, 2024",3:56 AM, ONLINE  ,Contactless  ,Adult,Standard  ,Advance,8.0,London Paddington, Reading,12-02-2024,02:15:00,03:15:00,03:15:00,ON TIME,,NULL
b0863477-0175-4c8f-a8e8,2024-01-28,10:02:14,Station,Contactless,,Standard,Advance,77.00 GBP,liverpool lime street,London St Pancras,2024/01/29,08:30:00,11:00 AM,11:00 AM,On-Time,,N
1fd5fd79-361c-461f-901f,2024/01/24,14:36:27, STATION  , Debit Card,ADULT,standard  ,Anytime  ,9.0,London Euston,Birmingham New Street,2024/01/24,4:00 PM,17:20:00,17:20:00,On-Time,,FALSE
2c2b44d6-4142-4305-b9bc,01/07/2024,08:29:38,STATION,Contactless,,STANDARD,Off-Peak,53.0, London Kings Cross,york,07-01-2024,09:45:00,11:35:00,11:35 AM, On Time  ,,0
5ef16853-9b12-47ec-82c1,2024/04/25,9:31 AM,Station, Credit Card  ,, standard,Off-Peak,-10.0,London Euston,Birmingham New Street,2024-04-25,11:00 AM,12:20 PM,,On Time,,
cd924233-23c1-4a7b-958d,20-03-2024,3:34 AM,Online  ,Contactless, adult, Standard  , Off-Peak,65.0,London Kings Cross  ,Liverpool Lime Street,20/03/2024,5:00 AM,07:15:00,7:15 AM,On Time,,false
f60ed938-17e4-4631-9604,2024-03-08,9:02 AM,Online, Credit Card,, standard,Advance,34.0,York,Peterborough,2024-03-09,07:30:00,8:40 AM,,Cancelled,-,No
dc28d74b-8965-43e9-a97e,09/03/2024,10:28:43,Online  ,contactless,,Standard,OFF-PEAK,12.00 GBP,London St Pancras, Birmingham New Street,"March 09, 2024",11:45:00,13:05:00,13:05:00,ON TIME,,FALSE
dcbdad16-bb51-400d-b0f2,23/01/2024,15:44:38,Station,Credit Card,,Standrd,ADVANCE,13.0,London Paddington,Reading,"January 24, 2024",14:00:00,15:00:00,3:00 PM,On Time,,false
26ce7b55-4c21-4af2-8bd1,2024-04-12,8:26 AM,Online,CREDIT CARD,,Std,Advance,35.0,London Kings Cross,York,13/04/2024,07:45:00,09:35:00,,On Time,,0
2143f4c4-cdce-449d-85d9,2024-03-14,02:07:28,Station,CREDIT CARD,,Standard, Off-Peak  ,4000.0, MANCHESTER PICCADILLY,liverpool lime street,2024-03-14,3:30 AM,4:00 AM,04:01:00,Delayd,Weather Conditions,n/a
097b7a7e-962f-45a0-9bc3,2024-01-17,19:35:31, online  ,NULL,,STANDARD,Advance,£9.00,Reading,SWINDON,18/01/2024,17:45:00,18:30:00,18:30:00,On Time,n/a,false
14dd16589e984d1a861f,2024-03-17,7:19 AM,ONLINE,Contactless,,STANDARD,Advance,35.0,london kings cross,York,2024-03-18,05:45:00,7:35 AM,07:35:00,on time,,0
04D78329-0C4E-433D-9196,22-01-2024,8:29 PM,Online,Credit Card,,Standrd,ADVANCE,8.0,London St Pancras,birmingham new street,01/23/2024,18:45:00,20:05:00,20:05:00,On Time,,-
242a4bc3-69b1-4f81-96de,04/14/2024,17:41:25,station,CREDIT CARD,,Standard,Off-Peak,12.0,London St Pancras, Birmingham New Street,14/04/2024,7:00 PM,20:20:00,8:20 PM,On Time,,false
d3e42e94-3eea-4e5f-93c5,01/07/2024,09:05:06,ONLINE,Creditcard,,Standard,Advance  ,N/A,York  ,PETERBOROUGH,01/08/2024,07:30:00,08:40:00,08:40:00,On-Time,,N
1413fdaa-0460-41cc-be99,02-04-2024,09:51:38,Station,Credit Card,Adult,Standard,Off-Peak,8.0,London St Pancras,Birmingham New Street,02-04-2024,11:15:00,12:35:00,12:35:00,On Time,,No
b9f75acc-bb3c-434f-a134,25-03-2024,10:26:28,ONLINE, Credit Card,DISABLED,first class,Off-Peak,27.00 GBP, London Paddington,reading,2024-03-25,11:45:00,12:45 PM,None,on time,,N
1deaef32-4d84-45d3-ba0d,2024-04-17,7:40 PM,Station,Credit Card,,Standard,ADVANCE  ,3.0, Manchester Piccadilly, liverpool lime street  ,04/18/2024,17:45:00,6:15 PM,18:15:00,On Time,n/a,FALSE
ad199b35-be98-45cc-b05b,12-03-2024,6:31 PM, Station,Credit Card,,FIRST CLASS,Off-Peak  ,£41.00,London Paddington, Reading,12/03/2024,20:00:00,21:00:00,9:00 PM,On Time,,N
5a81d0f3855b472aae76,2024/03/20,20:27:06,Station, Credit Card,,Standard  ,advance,5.0,Birmingham New Street  ,stafford,2024-03-21,17:45:00,6:15 PM,18:15:00,On Time,None,FALSE
3e450322-d3a0-463b-955d,16-02-2024,09:00:22,ONLINE,Credit Crad,disabled,standard,Advance,23.0,London Kings Cross,York,2024-02-21,07:30:00,09:20:00,09:20:00,On Time,,N
452320e9-a181-4457-821d,02/01/2024,20:18:10,Online  ,Credit Card,,STANDARD,Advance,8.0,London St Pancras,Birmingham New Street,2024-01-03,18:45:00,20:05:00,8:05 PM,on time  ,,No
f4275190-27df-4666-b5d7,11-03-2024,12:32 AM,Online,Credit Card,,Standard  ,Off-Peak,128.0,MANCHESTER PICCADILLY,London Paddington,03/11/2024,02:00:00,4:15 AM,None,On Time,,false
4be87b25-955c-477f-8be0,15/03/2024,6:33 AM,station,CREDIT CARD  , Adult,Standard,advance,50.0,Liverpool Lime Street,london euston,03/16/2024,5:00 AM,07:15:00,07:15:00,OnTime,,0
70d45438-2be8-47b8-820e,2024-01-22,20:22:25,Station,Contactless,,Standard,ADVANCE,,London Kings Cross,York,05-02-2024,17:45:00,19:35:00,None,DELAYED,signal failure,N
a99154dbaa4d4a5b89ab,16-02-2024,05:29:35,Online,Contact less,,STANDARD,Advance,7.0,London Euston,BIRMINGHAM NEW STREET,2024-02-17,03:45:00,05:05:00,5:05 AM,On-Time,,no
30fe59e8-0e84-4ba0-906c,26/01/2024,05:54:53,Station,CONTACTLESS,adult,Standard,Advance,4.0,London Euston,Birmingham New Street,01/27/2024,4:15 AM,05:35:00,NULL, on time,,No
996C22FC-5B57-48DE-B4C2,2024-03-21,8:21 PM,online  ,Credit Card,, Standard  ,Advance,8.0,London St Pancras,BIRMINGHAM NEW STREET  ,2024-03-22,18:45:00,20:05:00,8:05 PM,On Time,N/A,FALSE
c6a7077e-4632-423a-828f,2024-04-28,00:02:26,Online, Contactless,, Standard,Off-Peak,-3.0,liverpool lime street,manchester piccadilly,2024-04-28,01:30:00,02:00:00,02:00:00,ON TIME,,FALSE
8ac42679-bd72-4ea2-8847,25-03-2024,03:16:56, Station,Creditcard,N/A,Std,Advance,£8.00,LONDON ST PANCRAS,birmingham new street,03/26/2024,01:45:00,03:05:00,03:05:00,On Time,,No
46cf1d28-8608-4457-b77a,2024-02-12,01:24:56,Online, Contactless,,Standard,Off-Peak,n/a, Manchester Piccadilly, Liverpool Lime Street,2024-02-12,02:45:00,03:15:00,03:15:00,ON TIME,,N/A
F2263DEA-8999-4AB5-8CA1,2024-03-19,18:44:03,ONLINE,Credit Card,,Standard,advance  ,35.0,London Kings Cross,York  ,20/03/2024,5:00 PM,18:50:00,6:50 PM,on time  ,,0
0ca5fce2-fdc2-4cfb-ab14,2024-01-04,16:06:36, station  ,credit card,,Standard,ANYTIME,5.0,Manchester Piccadilly,Liverpool Lime Street,2024/01/04,17:45:00,18:15:00,19:09:00,Delayed,Weather Conditions  ,false
aca88b9d-5f17-4036-bb1a,2024-01-16,14:49:37,Online  ,NULL,,STANDARD,ANYTIME,-70.0,London Kings Cross,York,"January 16, 2024",16:15:00,18:05:00,6:05 PM,OnTime,,
ce3b4abd-2bad-4ee2-be0b,2024-02-16,00:32:59,Online,Contactless,Disabled  ,standard,Advance,£24.00,London Kings Cross,Edinburgh Waverley  ,"February 28, 2024",16:00:00,20:20:00,8:20 PM,On-Time,,No
0dc7ca03-0bc3-42d0-9401,03/13/2024,20:01:26,Station,credit card,, Standard,Off-Peak  ,19.0,LONDON PADDINGTON,reading,2024-03-13,21:30:00,22:30:00,22:30:00,on time,N/A,no
DA5CD3F8-C17F-4F10-9CC9,08/01/2024,04:47:32,Online,Debit Card  ,Senior,Std,anytime,17.0,LONDON PADDINGTON, Reading,2024/01/08,06:15:00,07:15:00,7:15 AM,On-Time,,N
ae475a05-cc83-4da9-aa63,2024-03-31,07:48:53,Online,Contact less,SENIOR  , Standard,Off-Peak,-,MANCHESTER PICCADILLY,Liverpool Lime Street,31/03/2024,9:15 AM,09:45:00,09:45:00,On Time,,N
96d1f95e-8e96-4e39-9a70,04/11/2024,17:43:21,station  , credit card,Adult,Standard,ADVANCE,4.0,LONDON EUSTON  ,Birmingham New Street,2024-04-12,16:00:00,17:20:00,N/A,On Time  ,,FALSE
32e3b7a8-a383-47ee-96a0,07-02-2024,03:45:11, ONLINE,Contact less,,standard,Off-Peak,10.0,LONDON EUSTON,Birmingham New Street,02/07/2024,05:15:00,6:35 AM,06:35:00,On Time,,N
56563016-7769-40a7-a60e,2024-04-07,23:39:28,Online,CC,,Standard,Advance,7.0,London Euston, Birmingham New Street  ,2024/04/08,22:00:00,23:20:00,11:20 PM,On Time,,0
16bf49f8-a263-42aa-953b,04/03/2024,2:50 PM,Station,Contactless,Senior, standard,Advance,2.00 GBP,Manchester Piccadilly,LIVERPOOL LIME STREET,04-04-2024,1:15 PM,13:45:00,1:45 PM,On Time,,false
6fef4242-cf7d-4eec-aaf2,2024-04-09,18:56:23,online,Credit Card,,Standard,ADVANCE,35.0,LONDON KINGS CROSS,York,04/10/2024,17:15:00,7:05 PM,7:05 PM,ON TIME,,no
83412d25-e822-47c4-b6ce,2024-02-10,09:02:52,ONLINE,Credit Crad,,Standard,Advance,8.0,London St Pancras,Birmingham New Street  ,18-02-2024,07:30:00,08:50:00,08:50:00,on time,,No
c05645f3626347b0aab1,04-03-2024,16:49:19,STATION,n/a,,Standard,Anytime,NULL,London St Pancras,Birmingham New Street,03/04/2024,18:15:00,19:35:00,19:35:00,On Time,,0
0218cd14-24ed-446d-89ba,2024-04-11,05:24:32,Online,Contacless,,Standard  ,Advance,35.0,London Kings Cross,york  ,12/04/2024,03:45:00,05:35:00,5:35 AM,OnTime,,no
9969de76-27a3-4f61-afdf,14/02/2024,5:04 AM,Online  ,Debit Crad,,Standard, anytime,143.0,London Euston,manchester piccadilly,14-02-2024,06:30:00,8:20 AM,8:20 AM,ON TIME,,false
f14a85a6-8c2c-47dd-b6dd,2024/04/16,6:31 AM, station, Credit Card,,Std,Anytime,151.0,Liverpool Lime Street,london euston,2024-04-16,08:00:00,10:15 AM,,cancelled,STAFFING,false
b1cb74af-bcb8-4861-a693,03/26/2024,8:22 PM, Online,Credit Card,,First Class,Advance,54.00 GBP,London St Pancras,BIRMINGHAM NEW STREET,27/03/2024,18:45:00,20:05:00,,Cancelled  ,Traffic,No
eb6075aa-0aba-4130-bf7e,2024-02-13,5:51 AM,Station,contactless  , Adult,Standard  ,Advance,4.0,LONDON EUSTON,Birmingham New Street,2024/02/14,04:15:00,05:35:00,05:35:00,On Time  ,,n/a
09b56538-629d-4621-9d44,22-04-2024,17:45:53,Online,Contacless,Adult  ,First Class,Advance,6.0,Manchester Piccadilly,Liverpool Lime Street,23/04/2024,16:15:00,16:45:00,4:45 PM,On Time,,N
87869c59-ac1e-4d65-a9dc,2024-02-14,6:32 PM,STATION, Credit Card,,Standard,Advance,3000.0,Manchester Piccadilly,Liverpool Lime Street,02/15/2024,17:00:00,17:30:00,5:30 PM,On-Time,,n/a
0a020ef7-06de-4997-bb5f,2024-03-14,15:40:07,Station,CC,N/A,Standard,Advance,13.0, London Paddington,Reading  ,2024/03/15,14:00:00,15:00:00,15:00:00,On Time,,no
A2A88CCD-E857-4220-8E9E,2024-03-15,13:45:11,ONLINE,CC,,Std,Off-Peak,n/a,london st pancras, BIRMINGHAM NEW STREET,15-03-2024,15:15:00,16:35:00,16:35:00,On Time,,no
59803a82-5a04-4f21-8dee,18-02-2024,13:35:25,Online  ,,,standard,Advance,3.0,Liverpool Lime Street,Manchester Piccadilly,2024/02/24,12:00 PM,12:30 PM,12:30:00,On-Time,,0
0e2e0c57-57b0-4a28-bd5e,02-01-2024,10:48:48,Online,credit card,,First Class  ,Advance,106.0, London Kings Cross,Liverpool Lime Street,01/03/2024,09:15:00,11:30:00,11:30:00,On-Time,,N
1ebf0db3-4254-471a-b8b0,09-02-2024,20:46:07,STATION,Contacless,,STANDARD,Off-Peak,10.0, London Euston,birmingham new street,2024/02/09,22:15:00,11:35 PM,23:35:00,On Time,,no
fb92a918-fc2f-43d2-b8c7,04/20/2024,13:28:21, online,CC,Senior,Standard, Off-Peak,3.0,Manchester Piccadilly, LIVERPOOL LIME STREET,20-04-2024,14:45:00,15:15:00,15:15:00,On Time,,FALSE
BF7F8930-7A28-48F2-9DCB,08/04/2024,6:02 AM,Online  ,, Disabled  , Standard,Anytime,14.0, YORK, Wakefield,08-04-2024,07:30:00,07:55:00,08:01:00,Delayd,Staffing,FALSE
b1497d3c-7c45-4720-8d6e,17-04-2024,20:12:59, Station,Credit Card  ,,STANDARD, OFF-PEAK,19.0,London Paddington,READING,17-04-2024,9:30 PM,10:30 PM,10:30 PM,ON TIME,,FALSE
8DAD7CDB-DBBE-4B59-8354,01/29/2024,5:24 PM,Online,,Disabled  ,First class ,Advance,n/a, LONDON KINGS CROSS,York,2024-01-30,15:45:00,17:35:00,NULL,On Time,,0
004a4485-68eb-4943-82c8,2024-04-04,7:56 AM,Online  ,contactless,senior, Standard,OFF-PEAK,3.0,Manchester Piccadilly,Liverpool Lime Street,2024/04/04,09:15:00,09:45:00,9:45 AM,On Time,,0
13B9CB5C-884E-492E-BAE1,14/02/2024,08:55:20,Online,CREDIT CARD,, Standard  ,Advance,NULL,london euston,Birmingham New Street  ,02/16/2024,07:15:00,08:35:00,08:35:00,On Time  ,,None
77804cd8-e623-4def-802e,2024-01-05,7:16 AM,Online,Credit Card  ,,Standard,Anytime,25.0,london paddington  ,Reading,2024-01-05,07:45:00,8:45 AM,08:45:00, On Time,,false
d224b5d3-27ab-434a-a71e,2024-02-07,23:29:34,ONLINE,Contactless,,Standrd,Advance  ,-7.0,london euston  , Birmingham New Street,2024-02-23,21:45:00,23:05:00,None,On-Time,,0
200c6f41-dff8-4075-a5a3,09/01/2024,17:24:13,Online,CREDIT CARD,Adult,Standard,Advance,5.0,London St Pancras,Birmingham New Street,10/01/2024,15:45:00,17:05:00,17:05:00,On-Time,,0
ac85fd97-b13f-4a98-951e,06/04/2024,14:11:08, Online,Credit Card,Disabled,Standrd,Off-Peak,£7.00,London Euston,Birmingham New Street,06-04-2024,15:30:00,16:50:00,,CANCELLED,Technical Issue,None
c742fc99-f70e-4861-8fd5,2024-03-25,17:44:24,Station,Credit Card,Adult,1st Class,Advance,35.0,London Euston,Birmingham New Street,26/03/2024,4:00 PM,17:20:00,17:20:00,On Time  ,,no
2ecf7a17-ff94-4d37-9101,2024-03-17,07:46:43,Station,CREDIT CARD  ,,Standard,Off-Peak,5.0,Liverpool Lime Street,manchester piccadilly,2024-03-17,09:15:00,09:45:00,9:45 AM,On Time,,N
fc320530-03ce-474c-ab58,01/29/2024,09:40:40,Online,Contact less,,Standard  ,Off-Peak,5.0,manchester piccadilly  ,Sheffield,2024-01-29,11:00 AM,11:45 AM,11:45:00,On Time,-,no
ef8bc028-4628-48ea-99be,2024-04-17,07:31:48,Online,Contactless,,Standard,Off-Peak,£4.00,Manchester Piccadilly,liverpool lime street,2024-04-17,09:00:00,09:30:00,09:30:00,On-Time,,no
ED191028-4A46-44CD-98F8,11-04-2024,1:15 AM,Online  ,Credit Card,Senior,Std,Advance,4.0,London Euston  ,Birmingham New Street,2024-04-12,23:45:00,1:05 AM,01:05:00,On Time  ,,no
17f312a5-823e-43b4-a3fe,13-01-2024,17:17:31, Online,Credit Crad,, Standard,off-peak,10.0,Birmingham New Street  ,Nuneaton,2024/01/13,18:45:00,19:05:00,19:05:00,On Time,,false
21f58485-9d48-42f4-afaf,2024-03-04,12:08:49,Station,Contactless,,Standard,Advance  ,7.0,London Euston,Birmingham New Street,2024-03-05,10:30:00,11:50:00,,CANCELLED, Traffic,No
e26f0558-84f9-48fb-b344,2024/04/14,07:47:30,ONLINE,Contactless, Senior,Standard,Off-Peak,£3.00,Manchester Piccadilly,Liverpool Lime Street  ,2024-04-14,09:15:00,09:45:00,09:45:00,on time,,no
dca4239b-5ecf-42c5-b344,2024-04-10,22:35:59,Online,Contactless,,Std,Advance  ,7.0,London Euston  , Birmingham New Street,11/04/2024,21:00:00,22:20:00,22:20:00,On Time,,No
cc3f5c46-c5fe-46f2-a991,02/03/2024,21:48:07,station  ,Credit Card,Adult  ,Standard,Advance,NULL, Oxford,bristol temple meads,"February 15, 2024",20:15:00,21:30:00,21:30:00, On Time,,FALSE
190c6059c2724bbc8906,05-03-2024,9:56 PM,Online, Credit Card,None,Standrd,Advance,2.0,manchester piccadilly,liverpool lime street  ,2024/03/06,20:15:00,8:45 PM,20:45:00,On Time,,N
3d52682f-8b28-4d39-968e,10/02/2024,20:59:48,Station,Contactless,,STANDARD,off-peak,10.0, London Euston,Birmingham New Street,02/10/2024,22:15:00,11:35 PM,23:35:00,On Time,,
1ff2032b-8c32-4c0b-85e4,"February 10, 2024",05:28:10, Online,Contactless  ,,Standrd,Advance,35.0,London Kings Cross  ,York,2024-02-11,03:45:00,05:35:00,05:35:00,OnTime,,No
68b26fe3-2a87-47d5-ba74,2024/03/29,05:07:35,ONLINE,Credit Card  , Disabled,Standard,Anytime,29.0,Birmingham New Street,London St Pancras,2024/03/29,06:30:00,07:50:00,07:50:00, On Time,,0
8e83f267-242a-4cc1-9a33,03/11/2024,07:50:15,Online,Contactless, Disabled,Standard,Off-Peak,8.0,London St Pancras,Birmingham New Street,2024-03-11,09:15:00,10:35:00,10:35:00,ON TIME,,FALSE
90d7bc60-31e9-47d6-8021,13/01/2024,18:24:38,Online  ,Credit Card,,Standard,Off-Peak,2000.0,manchester piccadilly,Liverpool Lime Street,01/13/2024,18:45:00,19:15:00,19:15:00,ON TIME,,no
a64362e1-b6fe-4f25-a92f,13-04-2024,7:48 AM,Online,Debit Card,N/A,Standard,Advance,8.0,LONDON PADDINGTON,Reading,2024-04-14,06:15:00,07:15:00,,cancelled,Staff Shortage,N
fbb8bee6-2b89-4457-9f63,02-01-2024,17:21:32, ONLINE,Credit Card  ,,Standard,Anytime,£10.00, Birmingham New Street, Tamworth  ,02-01-2024,18:45:00,7:05 PM,19:05:00,On Time,,false
d4bcc214-7556-4d20-b5ff,"March 25, 2024",3:58 PM,Station,CONTACTLESS,,Standard  ,advance,13.0, london paddington,Reading  ,03/26/2024,14:15:00,15:15:00,15:15:00,OnTime,,No
ad0f9779-f0b4-49de-ae13,2024/01/28,6:42 AM,Online,,Disabled,Standard  ,Off-Peak,NULL,London Euston,Manchester Piccadilly  ,2024/01/28,08:00:00,09:50:00,9:50 AM,On Time,,false
c9ca6a86-76f4-42c1-93b6,2024-03-07,04:59:50,Online,Debit Card,senior,standard,Anytime,,London Paddington,Reading,07-03-2024,06:15:00,7:15 AM,7:15 AM,On Time,,false
0c129f4a-9728-4698-bd17,2024/01/27,17:49:28, Station,Contactless,ADULT,STANDARD  ,advance,N/A,London Paddington,Reading  ,2024/01/28,4:15 PM,17:15:00,17:15:00,On Time,,no
369F2329-B8E2-4606-AB88,2024-04-17,19:28:28,Online,Credit Card,SENIOR,Standard,Advance,£2.00,Manchester Piccadilly,Liverpool Lime Street,2024-04-18,18:45:00,19:15:00,19:15:00,On Time,,N/A
906e126f-8ce6-416c-b411,02/20/2024,5:12 AM,online, Credit Card,DISABLED,standard, Anytime,29.00 GBP,Birmingham New Street,London St Pancras,02/20/2024,6:30 AM,07:50:00,07:50:00,On Time,,N
69cdb563-810a-4b8f-ab86,2024/03/28,02:46:21, Station,Contact less,N/A,Standard,Off-Peak,7.0, London Euston,Birmingham New Street,03/28/2024,04:15:00,5:35 AM,05:35:00,On-Time,,N
901fc8c1-f43c-43e3-97fe,23-02-2024,09:19:33,Station  ,Contact less,, Standard,off-peak,5.0, liverpool lime street  , manchester piccadilly,23/02/2024,09:45:00,10:15:00,,On Time,,FALSE
49321a03-8066-4c54-a5a5,2024-01-14,14:26:59,Online,Credit Card,Disabled,Std,OFF-PEAK,7.0,london euston  ,Birmingham New Street,2024/01/14,15:45:00,5:05 PM,,Cancelled,Technical Issue,0
6e1e814b-bbc9-40fb-94d6,2024-02-22,10:43:01,Online,Contact less,,standard,Advance  ,3.0,Manchester Piccadilly,LIVERPOOL LIME STREET,2024-02-23,09:00:00,09:30:00,09:30:00,On Time  ,,N
94104b6d-3322-4494-b04b,2024-03-02,17:26:40,online,Credit Card,,standard, Off-Peak,10.0,Birmingham New Street,Nuneaton  ,2024/03/02,18:45:00,19:05:00,19:05:00,On Time  ,,0
d94d7470-a0a2-4472-b044,18-03-2024,17:25:17,Online,Debit Crad,Senior  ,Standard,ANYTIME,5.00 GBP,Reading,Didcot,2024-03-18,18:45:00,19:00:00,7:00 PM,ON TIME  ,,0
9fccb8d4-1bea-4421-b146,28-03-2024,18:06:27, Station,CREDIT CARD,Adult  ,standard  ,Advance,4.0,Birmingham New Street,Liverpool Lime Street,29-03-2024,4:30 PM,6:00 PM,6:00 PM,On Time,,FALSE
5616c280-9e60-4b9e-b6d8,2024-02-09,14:24:48,Online, credit card,Disabled,Standard,Off-Peak,£7.00,London Euston,Birmingham New Street,2024-02-09,15:45:00,17:05:00,17:05:00,On Time,,No
a38a9226-5774-4ce7-8e31,"February 10, 2024",7:26 PM,Online,Credit Crad,Senior,Standard,Advance,16.0,LONDON ST PANCRAS,Leicester,2024/02/13,18:45:00,7:45 PM,19:45:00, On Time  ,,0
210fad22-39c0-4ba8-b44a,2024-03-19,4:47 AM, Online,Credit Card,Senior,Std,Anytime  ,3.0,Manchester Piccadilly,Liverpool Lime Street,03/19/2024,06:15:00,6:45 AM,06:45:00, On Time  ,,No
25c28970-b884-4c21-a231,04/18/2024,2:38 PM,STATION,Creditcard,ADULT,Std,Anytime,9.0,London Euston  ,Birmingham New Street,2024-04-18,4:00 PM,17:20:00,17:20:00,OnTime,-,false
ebeeb76c-8982-4cca-889f,2024-03-26,05:12:09,Online,debit card,,Standard, Anytime  ,143.0,London Euston,Manchester Piccadilly,26/03/2024,6:30 AM,08:20:00,8:20 AM,On Time,,no
6cbb2e1fb0f34409a694,"January 23, 2024",04:31:46,Online,Credit Card,Adult,Standard,advance,51.0,Liverpool Lime Street,London Paddington,2024-01-24,03:00:00,5:30 AM,05:47:00, Delayed  ,Staff Shortage,Y
2f2dc6a5-6e24-4f0b-8ed0,14/04/2024,01:06:18,Online,CC,,Standard  ,Off-Peak,5.0,Liverpool Lime Street,Manchester Piccadilly  ,2024-04-14,11:30 PM,00:00:00,n/a,ON TIME,,N
02197c13-e637-4fc2-8a75,04/20/2024,05:25:23,Station,n/a,ADULT,Standard, OFF-PEAK,35.0,London Kings Cross, York  ,2024-04-20,06:45:00,08:35:00,08:35:00,OnTime,n/a,FALSE
330b898ccf204fff92f1,2024/02/19,15:11:03,Station,Contact less,Senior,Std,ADVANCE,2.0,Manchester Piccadilly,LIVERPOOL LIME STREET,2024-02-26,1:30 PM,14:00:00,14:00:00,ON TIME,,FALSE
99123c49-0131-4cf9-a2a5,2024-02-20,04:47:39,Online, Credit Card  ,Senior  ,Standard,Anytime,£3.00,Manchester Piccadilly,liverpool lime street,20/02/2024,06:15:00,06:45:00,6:45 AM,on time,n/a,false
CB3920CE-554A-4222-85BB,01/18/2024,17:19:49, Online,Credit Crad,None,standard,anytime,11.0,Liverpool Lime Street,Crewe  ,2024-01-18,18:45:00,7:20 PM,7:20 PM,ON TIME,,N
25be6b35-c729-46b0-a224,09-02-2024,18:37:21,STATION  ,Credit Card,,Standrd,off-peak,12.0,London St Pancras,Birmingham New Street,09-02-2024,20:00:00,21:20:00,9:20 PM,On Time,,false
fd48ec8a28114378b4ae,09-03-2024,12:07:43,Station,credit card,,STANDARD,Off-Peak,53.0,London Kings Cross  ,york  ,2024-03-09,1:30 PM,15:20:00,3:20 PM,on time,,0
2f1a41d4-130c-46d0-a8af,01/20/2024,2:53 PM,Online,Contactless,,Std, off-peak  ,£11.00,BIRMINGHAM NEW STREET  ,Manchester Piccadilly,20/01/2024,16:15:00,17:35:00,17:35:00,On Time,,false
d8dbf7bb-4510-478d-b837,2024-02-19,7:47 AM,Online, DEBIT CARD, senior,Standard,advance,3.0,Reading,Didcot,2024-02-27,6:15 AM,06:30:00,, Cancelled,-,true
b8613db0-19d9-45a7-abb0,2024-03-20,12:34 AM,Station,CREDIT CARD,,standard,OFF-PEAK,5.0,liverpool lime street  ,Manchester Piccadilly,"March 20, 2024",02:00:00,02:30:00,02:30:00,on time,,No
c305530e-8c85-43b1-b1f3,2024-01-24,05:51:25,Station,CONTACTLESS,Adult, Standard, Advance,4.0,London Euston,Birmingham New Street,"January 25, 2024",04:15:00,05:35:00,,On-Time,,no
E214BF2D342B42E09E14,2024-03-31,14:53:06,Online,Contactless,Adult  ,Standard,Off-Peak,2.0,Manchester Piccadilly  ,Liverpool Lime Street,2024/03/31,16:15:00,16:45:00,16:45:00,On Time,,No
56babf20-9f87-4bf9-848f,"March 26, 2024",12:14 AM,STATION,Credit Card,ADULT,STANDARD  ,Advance,56.0,Manchester Piccadilly,london euston,27-03-2024,10:30 PM,12:20 AM,00:20:00,On Time,,false
3116b006-823f-4bcc-b014,04/29/2024,8:27 PM, station,NULL,Adult, standard, Advance,5.0,london st pancras,Birmingham New Street,2024-04-30,18:45:00,20:05:00,,Cancelled,SIGNAL FAILURE,0
17c10299-3a92-4c84-8869,03/05/2024,5:51 PM,Online,Contactless,Adult,Standard,Advance,None,Manchester Piccadilly,LIVERPOOL LIME STREET  ,06/03/2024,4:15 PM,16:45:00,,ON TIME,,n/a
c0e327d2-07fd-49ba-ac5d,22/04/2024,20:03:13,Station,credit card,,STANDARD,Off-Peak,19.0,London Paddington,Reading,2024-04-22,21:30:00,22:30:00,22:30:00,On Time,,no
25657b1f-05ba-4476-ad9e,2024-04-06,06:30:23,Online,Credit Card,Adult,First Class,Off-Peak,10.0,Manchester Piccadilly,liverpool lime street  ,06/04/2024,08:00:00,08:30:00,08:30:00,On-Time,,FALSE
f2903853-04d7-4ac0-ab5f,2024-02-22,13:17:17,Online, CONTACTLESS,,STANDARD,Advance,8.0,London St Pancras  , birmingham new street,2024-03-01,11:45 AM,1:05 PM,13:05:00,On Time,,N
5f1e5bc1-6419-4d30-a7bf,19-04-2024,5:07 AM,ONLINE  ,-,Disabled,Standard, Anytime  ,43.0,London St Pancras, Wolverhampton,19/04/2024,06:30:00,08:00:00,08:00:00, On Time,,no
0b4c2efc913c4f9889fb,04/23/2024,14:45:51, Online,Credit Crad,, STANDARD,Anytime,6.0, LIVERPOOL LIME STREET,Manchester Piccadilly,2024/04/23,4:15 PM,16:45:00,n/a, On Time,,FALSE
a2a0e51d-180d-4280-a325,2024-03-16,07:50:02,online,Contact less,Adult,FIRST CLASS,Off-Peak,N/A, Manchester Piccadilly,liverpool lime street,16-03-2024,09:15:00,09:45:00,09:45:00,On Time,,no
720D9973-9DE6-40FC-8C77,04/26/2024,09:50:39, Online, Credit Card,Adult,STANDARD,Off-Peak,3.0,Liverpool Lime Street,Manchester Piccadilly,04/26/2024,11:15 AM,11:45 AM,12:26:00,Delyed,Technical Issue,N
f9efc4a8a4c746bdad6d,23-03-2024,20:29:06,Station,Contact less,,standard,Advance,35.0,london kings cross  ,York,03/24/2024,18:45:00,8:35 PM,20:35:00,on time,,FALSE
b74f5449-e6f3-41a6-bc6a,2024/02/11,9:37 AM,STATION  ,Credit Card,,Standard,Advance,76.0,LIVERPOOL LIME STREET,London Euston,12-02-2024,08:00:00,10:15:00,10:15:00, On Time,,N
80a79840-a6da-48ba-99b7,2024/04/23,6:00 AM, Online,NULL,,Standard,anytime,18.0,Reading,swindon,04/23/2024,07:30:00,08:15:00,None, On Time,None,false
5e7f993c-aeb8-4562-9ade,2024-04-07,5:29 PM,online,Contactless,,1st Class,off-peak,41.0,London Paddington,Reading,"April 07, 2024",18:45:00,19:45:00,19:45:00,On Time,,no
8c6fcff1-c400-4429-a1bc,28-01-2024,14:41:10, Station,Credit Card,Adult,Standard  ,Off-Peak,35.0,london kings cross, york,28-01-2024,4:00 PM,17:50:00,17:50:00,On-Time,,false
b6d7ba2375784e019fa6,2024-03-26,01:35:38,Online,Contactless,NULL,Standard  ,Advance,2.0,Manchester Piccadilly,Liverpool Lime Street,2024/03/27,12:00 AM,00:30:00,00:30:00,On Time,,FALSE
fbd4fecc-a617-4534-adc4,2024-04-30,01:50:35,Online,Credit Card,,Std,Off-Peak,,Liverpool Lime Street,manchester piccadilly,2024-04-30,3:15 AM,03:45:00,03:45:00,OnTime,,no
e16e7ad6-ec06-45e9-bc10,2024-01-12,21:26:45, Online,Creditcard,,STANDARD,Advance,3.0,Liverpool Lime Street  ,Manchester Piccadilly,2024/01/13,7:45 PM,8:15 PM,20:15:00,On Time,,false
47f43d71-8282-4d0a-a467,07/01/2024,17:28:57,Station,Contact less,,Standard,Advance,3.0,Manchester Piccadilly,Liverpool Lime Street,08/01/2024,15:45:00,16:15:00,16:15:00,On Time,,false
d22159f5-edfa-4dd7-ab21,18/02/2024,18:32:21,Station,contactless,,Standard, advance,21.0,Birmingham New Street,LONDON EUSTON,02/19/2024,17:00:00,18:20:00,18:20:00,ON TIME  ,,0
56c97765-d9d7-4492-ac8c,2024-03-20,14:38:41,Station  ,,NULL,Standard,Anytime,9.0,London Euston, birmingham new street,2024-03-20,16:00:00,17:20:00,5:20 PM,On Time,,FALSE
9dd9cd96-b9f9-4497-ac2b,13-03-2024,2:37 PM,STATION,Credit Card,,First class ,Anytime,19.0,Manchester Piccadilly,liverpool lime street,13-03-2024,16:00:00,4:30 PM,16:30:00,on time,,No
795376f9-b532-4709-a18d,2024-02-19,12:03 PM,Station  ,Debit Card,Adult  ,Standrd, Advance,7.0,Birmingham New Street,Manchester Piccadilly,28/02/2024,11:15:00,12:35:00,12:52 PM,Delayd,Technical Issue  ,true
d6cb9645-9499-406d-8df1,29/01/2024,07:53:14,online,Creditcard,senior,Standard,Advance,-, Manchester Piccadilly,LIVERPOOL LIME STREET,"January 30, 2024",06:15:00,06:45:00,06:45:00,ON TIME  ,,N/A
10f41afb-726c-4987-8f9d,2024-01-02,8:45 PM, station,-,,Standard,Off-Peak,53.0,London Kings Cross, York,02/01/2024,22:15:00,00:05:00,00:05:00,OnTime,,no
9a44e7ef-d6b2-4882-ad38,12/02/2024,15:15:33,Online,contactless,,Standard, ADVANCE,9.0,LIVERPOOL LIME STREET,Sheffield,13-02-2024,13:45:00,15:00:00,15:00:00,on time,,N
e6d5e108-12f6-4419-90f6,13-03-2024,17:32:33,Station,, Adult,Standard,Advance,4.00 GBP,London Euston,Birmingham New Street,2024/03/14,16:00:00,17:20:00,17:40:00,Delayd, SIGNAL FAILURE,Yes
d54f8ea6-f031-48df-9a5c,2024-03-09,06:35:09,Station,CREDIT CARD,,standard,Off-Peak,113.0,Liverpool Lime Street,london euston,09-03-2024,08:00:00,10:15:00,10:53:00,Delayed,technical issue,no
8a54e940-1905-43d2-8a32,2024-03-08,05:07:54,Station,Credit Card  ,,Standard,ADVANCE,84.0,Manchester Piccadilly,london euston,2024-03-09,03:30:00,05:20:00,05:21:00,Delayed  , Weather Conditions,FALSE
4e8c00e4-9e07-4f1d-a169,2024-03-20,04:59:39,Online,credit card, senior,STANDARD, Anytime,3.0,manchester piccadilly,liverpool lime street,20/03/2024,06:15:00,06:45:00,06:45:00,On Time,,0
CEEB9E7E-4E39-4196-8847,01/31/2024,4:09 PM,Station,Credit Card,,First Class,Anytime,19.0,Manchester Piccadilly, LIVERPOOL LIME STREET,2024-01-31,5:45 PM,18:15:00,19:24:00, delayed,,0
a9f9298e-4f84-49a9-9596,21-01-2024,14:51:00,Online, Credit Card,,Std,OFF-PEAK,53.0,London Kings Cross  ,York  ,21-01-2024,16:15:00,18:05:00,18:05:00,OnTime,,N
0a2c5732-91bc-4a85-8f55,16/03/2024,7:18 AM,Online,NULL,,standard  ,Off-Peak,19.0,London Paddington,Reading,2024-03-16,07:45:00,08:45:00,08:45:00, On Time,,0
88dedf4c-96c4-46aa-a738,14-04-2024,10:53 AM,Station,Debit Card,Adult, Standard,Off-Peak  ,11.0, Birmingham New Street,manchester piccadilly,04/14/2024,11:15 AM,12:35:00,12:47 PM,Delayed  ,Technical Issue,true
0492aa6a-f764-4aa8-8263,03/06/2024,18:45:47,online,Credit Card,,Standard  ,Advance,35.0,LONDON KINGS CROSS,York  ,07-03-2024,5:15 PM,7:05 PM,19:05:00,On Time  ,,0
096688e1-7d09-4e41-8e20,12/02/2024,18:59:23,station,CC,, Standard, Off-Peak,5.0,Manchester Piccadilly,Sheffield,"February 12, 2024",20:15:00,21:00:00,21:00:00,On Time,N/A,0
c2328503-08c5-436d-b050,2024/02/05,12:04:23,online,Credit Card  ,,Standrd,off-peak,10.0, London Euston,Birmingham New Street  ,05/02/2024,1:30 PM,14:50:00,14:50:00, On Time  ,,N
3a65f41c-66ec-4914-9c17,16/04/2024,08:25:17,Station,Credit Card  ,,Standard,Advance  ,3000.0, LIVERPOOL LIME STREET,Manchester Piccadilly,2024-04-17,06:45:00,07:15:00,07:15:00,On Time,,false
80c94ddd-7159-496a-ad9b,2024-04-07,07:37:57,Station,Contactless, Adult,standard,advance  ,11.0,Oxford  ,Bristol Temple Meads  ,2024-04-08,06:00:00,7:15 AM,07:15:00,On Time  ,,No
0f72bce8d611408aa4c1,2024-03-05,7:53 AM,Online,Debit Card,Senior,Standard,Advance,3.0,Reading, didcot,03/06/2024,06:15:00,06:30:00,6:30 AM,On Time,,N
07a66961-93fc-48a0-932a,2024-02-15,6:05 AM,Online  ,Creditcard,,Std,Anytime,70.0,London Kings Cross,york  ,2024-02-15,07:30:00,09:20:00,9:20 AM,On Time,,FALSE
c7cf098f-5c44-43d8-b01a,02/21/2024,20:34:37,STATION,Contactless,,Standard,Off-Peak,12.0, London St Pancras  ,Birmingham New Street,21-02-2024,10:00 PM,23:20:00,23:20:00,On Time,,N
25657B1F-05BA-4476-AD9E,06-04-2024,06:30:23,ONLINE  ,credit card,N/A,1st Class, OFF-PEAK,10.0,Manchester Piccadilly,Liverpool Lime Street,2024-04-06,08:00:00,08:30:00,08:30:00,On-Time,,0
06687a35-7204-48fe-ac0c,2024-04-12,06:43:20,STATION,Credit Card,,STANDARD, Anytime,151.0, LIVERPOOL LIME STREET  ,London Euston,2024/04/12,08:00:00,10:15:00,11:15:00,Delayed,Weather  ,false
0c491d8e-cf61-4fe5-b295,04/07/2024,10:25:19,Online,contactless,-,STANDARD,Advance,£13.00,London Paddington,Reading,2024-04-08,08:45:00,9:45 AM,09:45:00,On Time,,false
7dea49e9-33e4-47ad-9597,03/18/2024,20:15:23,Online,None,,standard,Advance  ,7.0, Birmingham New Street,nuneaton,19/03/2024,6:45 PM,7:05 PM,19:05:00, On Time,,no
8c0eac1d-68f1-4369-aa4e,04/10/2024,7:38 AM,Online,CREDIT CARD,,Standrd,Off-Peak,10.0,London Euston,birmingham new street,"April 10, 2024",09:00:00,10:20:00,10:20:00,On Time,,0
7415bde6-8f5b-4e8d-ae93,03/07/2024,13:23:00,Online  ,Contactless,None,1st Class,Advance,£57.00, london kings cross  ,York,2024-03-08,11:45 AM,13:35:00,13:35:00, On Time,,N
2C76AF33-41D7-46C3-8A7F,25-03-2024,22:49:12, Online,Credit Card,,First Class, Advance,None,LIVERPOOL LIME STREET,Manchester Piccadilly  ,03/26/2024,00:15:00,00:45:00,00:45:00,on time,,0
618abefc-d6ae-4116-9808,13-02-2024,20:16:15,ONLINE,Credit Card,,Std,ADVANCE,8.0,LONDON ST PANCRAS,Birmingham New Street,2024-02-14,18:45:00,20:05:00,20:05:00,OnTime,,no
1110e5a9-4633-44a0-b550,01/24/2024,20:23:31,online,Credit Card,,Standard,Advance,8.0,London St Pancras,BIRMINGHAM NEW STREET,2024/01/25,18:45:00,8:05 PM,20:05:00,On-Time,None,0
058d8f6d-e270-4ec7-9aa7,2024-04-06,03:38:19,Online,CC,adult, Standard,Advance  ,5.0,London St Pancras,Birmingham New Street,07-04-2024,02:00:00,3:20 AM,03:20:00,OnTime,,No
7A23D38D-6EAD-42EE-ABF0,03/26/2024,15:18:05,Online,N/A,,First class ,Advance  ,10.0, Liverpool Lime Street  ,manchester piccadilly  ,27-03-2024,13:45:00,14:15:00,2:15 PM,on time,,false
b4e0035f-61df-4b19-b174,2024-03-31,12:03:41,Station,Contact less, Senior,STANDARD,Off-Peak,3.0,Manchester Piccadilly,Liverpool Lime Street,2024-03-31,13:30:00,14:00:00,14:00:00,On Time,,N
3a8494c5-6f09-4954-9666,19/01/2024,5:47 PM,Online,NULL, adult,Std,Advance,8.0,LONDON PADDINGTON,Reading,20-01-2024,16:15:00,17:15:00,None,on time,,-
bb89e680-be96-4e28-be02,09-04-2024,06:38:08,station,Credit Card,,Std,Anytime,151000.0,Liverpool Lime Street,London Euston  ,09/04/2024,08:00:00,10:15:00,10:27 AM,Delayed  ,Weather,no
20c117be-0ae3-4bb9-a20d,02/02/2024,16:09:12,Station  ,Credit Card,,Standard  ,Advance  ,13.0,London Paddington,READING,09/02/2024,2:30 PM,3:30 PM,15:30:00,On-Time,,No
1b522912-b5e1-4dfc-ae90,28-03-2024,10:22:38,Online,CONTACTLESS,,Standrd,ADVANCE,3.0,Manchester Piccadilly, Liverpool Lime Street,29-03-2024,08:45:00,09:15:00,None,On Time,,N
1fbbf904-b74b-45e9-9e59,2024-04-12,21:51:56,Online,Credit Crad,Adult,Standrd,Advance,8.0,London Paddington,Reading,13-04-2024,20:15:00,9:15 PM,21:15:00, On Time,,FALSE
ee522db0-2430-4434-8671,06-04-2024,14:50:45,Online,Credit Card,Adult,Standard,ADVANCE,2.0, Liverpool Lime Street, MANCHESTER PICCADILLY,2024-04-07,13:15:00,13:45:00,1:45 PM,On Time,,No
8c9dc9de-fee6-4395-a2be,12-03-2024,6:15 PM,ONLINE,Credit Card, Senior,STANDARD  , Anytime  ,31.0,London St Pancras  ,Leicester,2024-03-12,18:45:00,19:45:00,19:45:00, ON TIME,,0
65fd0825-c211-401d-a88a,10/04/2024,09:35:36,ONLINE,CONTACTLESS,,standard,Off-Peak,5.0,MANCHESTER PICCADILLY,Sheffield,04/10/2024,11:00:00,11:45 AM,11:45:00,On Time,,false
8DC866AD-7005-4986-B46A,2024-01-24,11:52 PM,Station,None,, Standard  ,Advance  ,35.0,London Kings Cross,York,25-01-2024,10:15 PM,00:05:00,00:05:00,On Time,,FALSE
dcec0523-62a7-4f63-a4c3,2024-01-26,07:41:34,online,Contact less,DISABLED, Standard,Anytime  ,n/a,London Kings Cross,EDINBURGH WAVERLEY,01/26/2024,16:00:00,20:20:00,20:20:00, On Time,NULL,FALSE
1f5f96cc-ad59-45a6-bb5a,"January 15, 2024",08:22:26,Online,credit card,, standard,ADVANCE,13.0, LONDON PADDINGTON  ,Reading,16/01/2024,7:45 AM,8:45 AM,08:45:00,On-Time,,0
05f7a669-6a67-421a-87ae,08/01/2024,16:18:26,station,Contactless,,Standard,Advance,35.0,London Kings Cross,York,01/09/2024,14:45:00,4:35 PM,16:35:00,On Time,,FALSE
48da17c4-9206-4e2e-8bfb,2024-01-08,03:32:06, Online  ,Credit Card,,1st Class,Advance,57.0,London Kings Cross, York,09-01-2024,02:00:00,3:50 AM,03:50:00,On Time,n/a,0
9d8a56d4-9865-4dbd-b0d3,27-04-2024,6:30 AM,Station,Credit Card,,First class ,Off-Peak,176.0,Liverpool Lime Street, LONDON EUSTON,27/04/2024,08:00:00,10:15:00,10:15:00,on time,,0
15e5e50f-b7bd-4262-a549,"April 28, 2024",14:41:07,ONLINE,N/A,,Standard,Advance,35.0,london kings cross, York,29-04-2024,13:00:00,14:50:00,14:50:00,OnTime,,N
772AD547-D64B-4EE4-8CA4,2024-04-18,06:36:33,STATION,CC,,Standard  ,Anytime,151.0,Liverpool Lime Street,London Euston,2024-04-18,08:00:00,10:15:00,10:45:00,delayed, Weather,FALSE
8f2d3d0c-8e11-4b02-9a67,2024/02/09,17:27:35,online,credit card,Disabled,Std,Advance,4.0,London Euston,BIRMINGHAM NEW STREET,2024-02-24,15:45:00,17:05:00,17:05:00,ON TIME,,false
1ba63cdb-3c5f-4568-8e36,2024-01-27,15:21:19,Station,,None,Std,Off-Peak  ,8.00 GBP,birmingham new street,Stafford,01/27/2024,5:45 PM,18:15:00,18:15:00,ON TIME,,No
BD0C86FB-5E88-46AA-AA92,2024-04-08,6:11 AM, Online,Creditcard,,Standrd,Anytime  ,18000.0, Reading,Swindon,08/04/2024,07:30:00,08:15:00,08:15:00,On Time,,false
ec9f9867-cd5e-42c3-82ca,2024-01-21,3:31 AM,Online  ,Credit Card,,First class ,ADVANCE,10.0, Liverpool Lime Street,Manchester Piccadilly,22-01-2024,02:00:00,2:30 AM,2:30 AM,On Time,,0
db9d55b7-5f7e-482e-a090,2024-03-18,03:00:11,Online, Contactless,Disabled  , STANDARD,Advance,2.0,liverpool lime street,Manchester Piccadilly,03/19/2024,01:30:00,02:00:00,02:00:00,On Time,,FALSE
1d544725-271f-4700-aef7,15-03-2024,09:41:35,Station,Credit Card  ,,standard,ADVANCE,76.0,Liverpool Lime Street,London Euston,2024-03-16,8:00 AM,10:15:00,10:47:00,delayed  , Weather,No
a109169b-f5c6-41f4-b9a8,12-01-2024,15:06:09,STATION,Credit Card,NULL,Standard  , Anytime,7.0,Birmingham New Street, Liverpool Lime Street,12-01-2024,16:30:00,6:00 PM,18:00:00,On Time,None,false
63bb3e78-348a-4cdf-b84b,"February 10, 2024",08:22:05, Online  ,Credit Card,,Standard,ADVANCE,,London Paddington,Oxford,11/02/2024,07:45:00,9:15 AM,09:15:00,ON TIME  ,,N/A
85cdc6ad02fe4f96a295,11/02/2024,12:11:12,Online, Contactless,Adult,Standrd,Off-Peak,4.0, Manchester Piccadilly, Sheffield,2024-02-11,13:30:00,2:15 PM,14:15:00,On Time,n/a,FALSE
38f66fb8-baae-4622-8b36,04/02/2024,8:21 PM,Online  ,credit card,,Standard,Advance,8.0,LONDON ST PANCRAS,Birmingham New Street,2024-02-15,6:45 PM,20:05:00,8:05 PM,on time,,FALSE
42857b03-8d6f-4341-84f1,04/23/2024,17:58:08,Online,CONTACTLESS,Adult,Standrd,Advance  ,2.0,Manchester Piccadilly, Liverpool Lime Street,2024/04/24,4:15 PM,16:45:00,4:45 PM,On Time  ,NULL,FALSE
27bd740b-c534-4107-8fc3,22-03-2024,13:11:52,Station,Credit Card,None,Standard  ,OFF-PEAK,19.0,London Paddington,READING  ,03/22/2024,2:30 PM,15:30:00,15:30:00,on time,,FALSE
472b85b7-f272-4cbc-9310,07/01/2024,09:38:29,Online,Credit Card,,Standard,Advance,-8.0,London St Pancras,Birmingham New Street,"January 08, 2024",8:00 AM,09:20:00,9:20 AM,On Time,,NULL
119d0211-fdbb-4c87-ae35,02/14/2024,21:47:52,ONLINE  , Credit Card, adult  ,standard,Advance,8.0,London Paddington, Reading,"February 21, 2024",8:15 PM,21:15:00,21:15:00,On-Time,,0
1117c49a-ade7-4152-b949,2024-01-05,9:40 AM,online,Credit Card,Adult,Standard,Advance,,London Euston,Manchester Piccadilly,2024-01-06,08:00:00,09:50:00,09:50:00,On Time,n/a,false
dd908732-c44e-4daa-b5ad,2024-01-02,5:22 PM,online  ,CC,disabled,Standard,Anytime,43.0,LONDON ST PANCRAS,Wolverhampton  ,2024-01-02,6:45 PM,20:15:00,20:15:00,ON TIME,,0
8f493891-1cd5-4877-9c23,07-01-2024,6:35 PM, Station,Credit Card,Disabled,Standard,Advance,48.0,London Euston, Manchester Piccadilly,2024/01/08,17:00:00,18:50:00,18:50:00, ON TIME,,FALSE
e47d5bdc-eb08-4ad6-aaec,20/03/2024,08:26:27,Online,CREDIT CARD  ,,Std,ADVANCE,18.0,London Paddington,oxford,21/03/2024,07:45:00,9:15 AM,09:15:00,on time,,0
860de888-c861-4ff2-a531,01-01-2024,9:52 PM,STATION,CONTACTLESS,,Standard,Advance,None, Liverpool Lime Street,Manchester Piccadilly,2024-01-02,20:15:00,8:45 PM,20:45:00,OnTime,,no
f45f220f-ac1e-45fe-b732,18/01/2024,20:32:08,Station, CONTACTLESS,,Standard,Advance  ,35.0,london kings cross,York,19/01/2024,17:45:00,19:35:00,19:35:00,On Time,,NULL
9c820b2d-d2a5-466c-91d0,03/12/2024,04:06:44,Online,Contact less, Adult,Standrd,off-peak,NULL,Manchester Piccadilly,liverpool lime street,2024/03/12,05:30:00,06:00:00,06:00:00,OnTime,,no
c0cf17ec-4015-4c95-a24a,01/14/2024,20:23:19,ONLINE,CC,,Standrd,Advance,8.00 GBP,london st pancras,Birmingham New Street,2024/01/15,18:45:00,8:05 PM,20:05:00, on time,,0
2274bf4d-6b5b-454a-941d,"April 12, 2024",14:54:44,station,n/a,,Standard,Advance,2.00 GBP,Manchester Piccadilly,Liverpool Lime Street,2024-04-13,13:15:00,13:45:00,1:45 PM, On Time,,false
edde1a82-dad6-4deb-914f,2024/01/22,07:59:52,Online, contactless,Senior,Standard,OFF-PEAK,,Manchester Piccadilly,LIVERPOOL LIME STREET,22/01/2024,09:15:00,09:45:00,9:45 AM,On Time,,No
f1704811-d65c-4326-8bb8,04/27/2024,8:02 AM,Online,Debit Card,,Standard,advance,72000.0,London Euston, Manchester Piccadilly,2024-04-28,06:30:00,08:20:00,08:20:00,On Time,,No
825dee35-eee4-48af-bc7a,18-03-2024,12:44:36,Station,Credit Card,,Standrd,OFF-PEAK,19.0,LONDON PADDINGTON,reading,2024/03/18,14:00:00,15:00:00,15:00:00,on time,,N
dbf94197-3713-4709-97e6,03/24/2024,08:21:20,Online,CONTACTLESS,,Standard,Advance,8.0,London St Pancras, BIRMINGHAM NEW STREET  ,03/25/2024,06:45:00,08:05:00,08:05:00,On Time,,FALSE
774b4037-17aa-4d7b-8e93,04/15/2024,6:39 AM,Online  ,,,STANDARD,Anytime,11.0,Reading,Oxford  ,04/15/2024,08:00:00,8:25 AM,08:25:00,On Time,,false
53523dbf-797e-4093-855a,2024-01-29,04:56:25,Online,CC, Senior  ,Standard  ,Anytime,3.0,MANCHESTER PICCADILLY,Liverpool Lime Street  ,01/29/2024,06:15:00,6:45 AM,06:45:00, On Time  ,,no
e70b48ce-018c-4f7f-9652,01/23/2024,19:22:29,Online,Credit Card,Senior, First Class,advance,6.0, manchester piccadilly  ,Liverpool Lime Street,01/24/2024,18:45:00,19:15:00,19:15:00,on time,N/A,FALSE
5b1fe97e-ba34-4a72-a2a8,01/15/2024,16:00:49,STATION,Credit Card,None,standard,Anytime,£5.00,Manchester Piccadilly,Liverpool Lime Street,15-01-2024,17:45:00,18:15:00,18:15:00,On Time  ,,no
0d563d6c-1cf4-49f8-a180,01/04/2024,16:10:56,Online,CC,,Standard, ANYTIME,£18.00,Reading,Swindon,04-01-2024,5:45 PM,18:30:00,18:30:00,On-Time,,No
24f1095c-3b94-4600-8ae7,2024/03/08,2:17 AM,Online,Contactless,,Standard,Off-Peak,10.0,london euston,Birmingham New Street,08-03-2024,03:45:00,05:05:00,05:05:00,ON TIME,,N
aa36a0db-1269-46e6-9f4c,03/22/2024,06:05:04,online,Credit Card,,Standrd, Anytime,18.0,READING  , SWINDON,2024-03-22,7:30 AM,08:15:00,08:15:00,On Time,,false
616873921c9d4e6ea464,2024-02-01,09:30:29,station,CONTACTLESS  ,,Standrd,Off-Peak,£10.00,London Euston,birmingham new street,2024/02/01,11:00:00,12:20:00,1:05 PM,delayed,Staff Shortage,FALSE
6d75dbd8-f1a2-45a5-bff4,15-02-2024,08:23:15, ONLINE,n/a,-,Std,Advance,,London Paddington,Reading,16-02-2024,06:45:00,07:45:00,07:45:00,ON TIME,,FALSE
a63829c7-b368-4e24-a7a5,2024-04-11,03:22:13,Online  , CONTACTLESS,,Std, Advance,8.0,York  ,Durham,2024-04-12,01:45:00,02:35:00,02:35:00,On Time,,no
d63c80e6-e914-4a57-a420,26-04-2024,17:22:46,online  ,Credit Card,,STANDARD, ANYTIME,-13.0,Birmingham New Street  ,NUNEATON,2024-04-26,6:45 PM,19:05:00,19:05:00,On Time,,N
17731bb5-b9b8-4ca3-8e1e,04/08/2024,10:29:40,Online,Credit Crad, ADULT,Standard,ADVANCE,2.0,Manchester Piccadilly,Liverpool Lime Street,2024-04-09,8:45 AM,9:15 AM,09:15:00,On Time  ,,NULL
d208979bc53340fa919a,23/03/2024,15:09:35,Online, Contactless,Adult,Standard  , advance,5.0,London St Pancras,BIRMINGHAM NEW STREET,24-03-2024,13:30:00,2:50 PM,14:50:00,On Time,,false
99cb4496-f69d-4757-bf52,26-02-2024,15:02:07,Station,DEBIT CARD,,Standard  ,Off-Peak,43.0,edinburgh waverley, LONDON KINGS CROSS,02/26/2024,3:30 PM,7:50 PM,20:03:00, Delayed,Staffing  ,yes
76d185a2-0dc0-4b76-be53,03/15/2024,09:00:14,Station,Credit Card,disabled,First Class,Off-Peak  ,-10.0, Liverpool Lime Street,MANCHESTER PICCADILLY,15/03/2024,10:30:00,11:00 AM,11:00:00, On Time,NULL,N
5608f68d-0995-4e1f-a11a,2024/03/28,08:10:09,Station,credit card  ,Disabled,STANDARD  ,Advance,15.0,Birmingham New Street,London St Pancras,2024-03-29,06:30:00,7:50 AM,7:50 AM,On Time,,FALSE
c742596a-9d77-4f66-b0a7,03/15/2024,13:00:30,Station,CC,,Standard,Advance,7.00 GBP,London Euston,BIRMINGHAM NEW STREET  ,2024-03-16,11:30 AM,12:50:00,12:50 PM, On Time,,0
ab9c4516-44f3-4dd7-89e9,2024-02-21,1:29 PM,ONLINE,Credit Card,Senior,Std, Advance,23.0,London Kings Cross, York,27/02/2024,09:30:00,11:20:00,11:20:00,on time,,N
53122d58-3fde-4182-a2cc,02/01/2024,11:59:17,STATION,Contactless,Senior  ,Standard,off-peak,3.0,MANCHESTER PICCADILLY  ,liverpool lime street,2024-02-01,13:15:00,13:45:00,13:45:00,On Time,,no
889C8D97-2124-4D76-8A54,01/20/2024,14:33:17,Station,Credit Card,,Standard,Off-Peak,53.0, London Kings Cross  ,YORK,01/20/2024,16:00:00,17:50:00,5:50 PM,ON TIME,,no
3ed03373-4b89-4e41-a0ac,04/28/2024,07:46:58,ONLINE,n/a,,Standard,off-peak,5.0,Liverpool Lime Street,MANCHESTER PICCADILLY,2024-04-28,9:15 AM,09:45:00,09:45:00,on time,,no
5217b009-8b42-4c8f-aad4,2024-03-09,3:17 PM,Station,CONTACTLESS,N/A,Standrd,Off-Peak,53.0,London Kings Cross,York,03/09/2024,17:45:00,19:35:00,19:35:00,on time,,N/A
67b6186d-00ca-4061-8cc0,12/02/2024,07:21:22,Online  ,Credit Card,, standard,Advance,13.0,London Paddington,Reading  ,2024-02-13,05:45:00,06:45:00,06:45:00,OnTime,,N
319e8154-dbd4-41db-9ddc,01/24/2024,17:40:50,Station,Credit Card,,Standard,Off-Peak,-12.0,London St Pancras,Birmingham New Street,2024/01/24,19:00:00,8:20 PM,20:20:00,on time  ,,false
28551CA7-0DB2-4CD9-992D,02-03-2024,06:43:07,Online  ,credit card,Disabled,STANDARD,OFF-PEAK,, London Euston,Manchester Piccadilly,03/02/2024,08:00:00,09:50:00,9:50 AM,on time  ,,FALSE
5d82ae73-abf2-42da-b9d5,2024-04-27,12:43 PM,Station,Contactless,,first class,Advance,10.0,MANCHESTER PICCADILLY,liverpool lime street,2024-04-28,11:00:00,11:30:00,12:30:00,Delyed, STAFF SHORTAGE,
b75d59f0-1dae-42c4-8396,03/22/2024,7:45 AM,online, Credit Card,NULL,Std,Advance,3.0,Manchester Piccadilly,liverpool lime street  ,"March 23, 2024",07:15:00,07:45:00,07:45:00,On Time,,false
53c726c6-1eea-4eab-8194,11/04/2024,00:09:11,Online,n/a,,Standrd, Off-Peak  ,5.0,Liverpool Lime Street,Manchester Piccadilly,2024-04-11,01:30:00,02:00:00,02:00:00,OnTime,,FALSE
eed1b484-3abe-4bc7-a3ce,09/04/2024,10:22 AM,ONLINE,Contact less,NULL,Standard,Off-Peak,10.0,London Euston,Birmingham New Street,2024/04/09,11:45:00,13:05:00,n/a,On Time,,FALSE
d7ade98c-aa9e-4799-8af0,01/22/2024,19:41:26,Station,CREDIT CARD  ,,Standard,Advance,3.0,Manchester Piccadilly,Liverpool Lime Street,2024-01-23,17:45:00,6:15 PM,19:25:00,Delayed,Staffing  ,FALSE
b83413fd-d21d-454f-8c2c,02/16/2024,11:39 AM,Station,credit card,,STANDARD,Advance  ,, Manchester Piccadilly,Liverpool Lime Street  ,02/28/2024,10:00 AM,10:30 AM,10:30:00,on time,,false
fd4f0a27f3b14f5fa1de,13-01-2024,20:31:28,station,NULL,,Standrd, advance  ,35.0,London Kings Cross,York,02-02-2024,17:45:00,19:35:00,,CANCELLED,Weather Conditions,No
12bcc4ae-10e8-4ab1-bf6c,01/28/2024,11:12 PM,Station,CREDIT CARD,,Standard,ADVANCE,6.0,Birmingham New Street,Liverpool Lime Street,2024-01-29,21:30:00,23:00:00,11:00 PM,on time  ,,N
528d20ef-5f36-4cab-be68,18/04/2024,09:28:19,Station,Creditcard,,Standard,OFF-PEAK,£5.00,Liverpool Lime Street,Manchester Piccadilly,"April 18, 2024",10:45:00,11:15:00,11:15:00,On Time,,0
f29300c5-94fb-4f2a-a348,20/01/2024,03:06:20,Online, Credit Card,,Standard,Off-Peak,33.0,Birmingham New Street, LONDON ST PANCRAS,20-01-2024,04:30:00,05:50:00,5:50 AM,OnTime,,no
e1238f22-500e-4abd-bd78,01/12/2024,06:37:19,STATION,Credit Card,,Std,Anytime,151.0, Liverpool Lime Street,London Euston,01/12/2024,8:00 AM,10:15:00,10:15:00,OnTime,,false
4e8a6e9e-8301-4f6c-81f1,21/01/2024,18:20:35,ONLINE,Credit Card,SENIOR  ,Standard,Off-Peak,2.0,manchester piccadilly,Liverpool Lime Street,21-01-2024,18:45:00,19:15:00,19:15:00,ON TIME,,false
b14e8b11-3587-4cdc-8fc2,2024/03/28,13:29:39,Online,Credit Card,None,standard  ,advance,23.0,London Kings Cross,York,2024/03/29,09:30:00,11:20:00,11:20:00, on time,,
d7e1428a5c9141ee9ba7,04/01/2024,9:41 AM,online,Contact less,,Standard,advance  ,13.0,London Paddington,Reading,2024-01-05,08:00:00,9:00 AM,9:00 AM,OnTime,,FALSE
853516b2-5478-4592-93f3,05/03/2024,07:41:37,Online  ,Contacless,,Standard  ,Advance,3.0,Manchester Piccadilly,LIVERPOOL LIME STREET,06-03-2024,06:00:00,6:30 AM,06:30:00, On Time,,FALSE
5e25673a-2d48-429b-a9f8,30-04-2024,07:15:49,Online,credit card,,Standard,Anytime  ,70.0,London Kings Cross,YORK,30/04/2024,8:45 AM,10:35:00,10:35:00,on time  ,,No
3801b739-a53b-44e1-9b72,2024-01-20,3:06 PM,ONLINE,Contact less,adult  ,Standard  ,Advance,N/A,Manchester Piccadilly,sheffield,21-01-2024,13:30:00,14:15:00,2:15 PM,On Time  ,,no
eaa4d466-7183-43e5-91a3,2024/04/07,05:53:14,Online  ,debit card  ,,Standard  ,OFF-PEAK,£53.00,London Kings Cross,York,04/07/2024,07:15:00,09:05:00,9:05 AM,On Time,,false
ba617d11-4835-4a5e-a900,"February 14, 2024",17:31:05, Station,Credit Card,Adult,Std,Advance,4.0,london euston,birmingham new street,2024-02-19,16:00:00,5:20 PM,17:20:00,on time,,No
a704baeb-9773-43ee-8ae1,2024-04-06,6:40 PM,station, CREDIT CARD,,Std, Advance,3000.0,manchester piccadilly  ,Liverpool Lime Street  ,04/07/2024,17:00:00,5:30 PM,5:30 PM, ON TIME,,no
3d4fc60e-52fb-4e8c-ac64,2024/01/24,09:47:44,Station  ,Credit Card, Disabled,FIRST CLASS, advance  ,35.00 GBP,London Euston,Birmingham New Street,25-01-2024,8:15 AM,09:35:00,9:35 AM, On Time,,FALSE
1DB20ABB-72CB-4075-A0D7,23-02-2024,03:01:00,Online,CONTACTLESS  ,Disabled  , Standard  ,Advance,2.0,LIVERPOOL LIME STREET,MANCHESTER PICCADILLY  ,2024-02-26,01:30:00,02:00:00,,on time,,FALSE
d60d4071-76b3-4db5-a2ef,22/04/2024,18:12:17,online, credit card,Senior,Standard  ,anytime,31.0, London St Pancras,Leicester,2024/04/22,18:45:00,19:45:00,19:45:00,On Time,,false
b69829bc-d712-40a3-898a,2024-03-12,5:11 AM,Online  ,Credit Card,Disabled,Standard,Anytime,7.0, York,Doncaster  ,"March 12, 2024",6:30 AM,07:00:00,7:50 AM,DELAYED, Staffing,N
468de3e9-3bec-4186-a645,15/02/2024,08:25:17, Online  ,-,,Standard,Advance  ,8.0,london st pancras,Birmingham New Street,2024/02/27,06:45:00,8:05 AM,08:05:00,On Time,,No
1eb63cee-583d-4c08-8d4c,2024-01-18,5:02 PM,Station,Contactless,,Standard,Anytime  ,25.0,London Paddington,reading  ,2024-01-18,18:30:00,19:30:00,19:30:00, on time,,false
7062b2d0-1a9e-4dd6-93db,05/02/2024,14:06:11,Online,Credit Card,ADULT  ,STANDARD, Advance,5.0,London St Pancras  ,birmingham new street,06-02-2024,12:30:00,13:50:00,13:50:00,On Time,,NULL
084db1b2-a8e7-4216-9398,01/21/2024,03:45:35,Online,Credit Card, Disabled,first class  ,Off-Peak,27.0,london paddington,Reading,2024-01-21,5:15 AM,06:15:00,,ON TIME,,No
96a4a537-1c68-4e6d-b544,2024/02/05,07:45:32,Online  ,Debit Card, Senior  ,Standard,Off-Peak,3.0,Manchester Piccadilly  ,Liverpool Lime Street,2024-02-05,09:15:00,09:45:00,,Cancled,Signal Failure,no
ef579bc8-c330-4256-8f84,2024-04-08,07:19:07,Online,Creditcard,,Standrd, Anytime,-70.0,LONDON KINGS CROSS,york,08-04-2024,07:45:00,9:35 AM,09:35:00,On Time,,0
6b108f90-304b-4fe6-8a49,2024-02-02,2:38 PM,Station,,,first class,Anytime,20.0,LIVERPOOL LIME STREET,Manchester Piccadilly,02/02/2024,4:00 PM,4:30 PM,16:30:00,OnTime,,N
1c895359-748c-423b-b553,28-01-2024,10:28:40,Station,Credit Crad,senior  ,Standard,Advance,4.0, London Euston,Birmingham New Street,14-02-2024,09:45:00,11:05:00,11:05 AM,On Time,,false
ff7455e2-9600-4e45-9f1c,02/07/2024,7:56 AM,Station  , Contactless,,First Class,Advance,57.0,London Kings Cross,York,2024-02-08,6:15 AM,8:05 AM,08:48:00,Delyed,TECHNICAL ISSUE,no
3fd82f0c-57b9-433b-a89b,03-02-2024,17:37:41,Station,CREDIT CARD,ADULT  ,standard,ADVANCE,-4.0,London Euston, BIRMINGHAM NEW STREET,2024/02/29,16:00:00,17:20:00,18:13:00,Delayed,Signal Failure,Yes
4c322498-47ea-47bb-b043,02/11/2024,17:31:22,Online,Contact less,,Standard  ,Off-Peak,n/a,London Euston,Birmingham New Street,11-02-2024,19:00:00,20:20:00,20:20:00, On Time,,0
5b028b96-142c-4195-b999,2024-02-01,00:40:16,station,Contactless,, Standard, OFF-PEAK,, Liverpool Lime Street, manchester piccadilly,01-02-2024,02:00:00,02:30:00,, On Time  ,n/a,No
2a6b300b-285b-49ba-a567,2024-04-13,22:40:14,Online, Credit Card, Senior,Standrd, Advance,-2.0, liverpool lime street  ,MANCHESTER PICCADILLY,14/04/2024,00:00:00,00:30:00,,on time,,FALSE
03340db6-d952-4827-a9c0,2024/03/24,05:19:49,Station  ,Credit Card,,Standard,Off-Peak,5.0,liverpool lime street,Manchester Piccadilly,03/24/2024,06:45:00,07:15:00,07:15:00, on time  ,,no
96c1a4fa-06b3-4f40-9d1e,2024-03-15,05:51:46,Station,Contactless,NULL, Standard, Advance  ,,London Euston, Birmingham New Street,"March 16, 2024",4:15 AM,5:35 AM,05:35:00,On Time,,false
aee27b1e-aa2d-4bb7-95e9,2024-04-28,18:28:43,Online,Contacless,NULL,Standard,Advance,,Manchester Piccadilly,Liverpool Lime Street,29-04-2024,16:45:00,5:15 PM,17:15:00,On-Time,,false
acb9f1bb-ced0-417b-8c61,04/20/2024,11:38:52,Online  ,Contactless,,Std,Off-Peak,None, London Kings Cross,YORK,04/20/2024,1:00 PM,14:50:00,2:50 PM,on time  ,,no
9c998370-25f2-4070-8ad2,2024-03-03,07:34:27,Online,CONTACTLESS,,standard,Off-Peak,19.0, London Paddington,Reading,2024-03-03,09:00:00,10:00:00,10:00 AM,On Time,,no
DA6E633FF323482AAA59,04/19/2024,13:43:47,Station, Debit Card,,Std,Off-Peak,10.0,london euston,Birmingham New Street  ,2024-04-19,15:00:00,4:20 PM,16:20:00,On Time,,NULL
89e41df0-3865-40d2-a1c1,2024-04-27,23:10:55,Station,CREDIT CARD,-,Standard, Advance,13.0,London Paddington,Reading,28/04/2024,21:30:00,22:30:00,10:30 PM,On-Time,,N
3c6f5d5b-a8ed-465a-9c90,09-03-2024,05:44:32,Online,Creditcard,,first class, Off-Peak,88.0,Birmingham New Street,London St Pancras,09/03/2024,7:00 AM,8:20 AM,08:20:00,On Time,,no
159cf2c3-230f-46bc-a09c,03/07/2024,7:52 AM,Station,Contactless,NULL,Standard,Advance,35.0,london kings cross, York  ,08/03/2024,06:15:00,08:05:00,N/A,ON TIME,,No
6c0367be-cc7c-4e46-b53b,01/26/2024,12:55 AM, station  ,Credit Card,Disabled, Standard, Off-Peak,7000.0,London Euston,BIRMINGHAM NEW STREET,2024-01-26,02:15:00,03:35:00,03:35:00,ON TIME,,
fe8ba629-8815-40fc-a16a,2024-03-17,19:26:45,Online  ,credit card,Senior,Standard  ,Advance  ,16.0, London St Pancras,leicester,18/03/2024,18:45:00,19:45:00,19:45:00,On Time,,no
9e0d6bc7-5245-4296-81a2,2024-04-26,09:45:31,Online,Credit Card,Adult,Standrd,ADVANCE,5.0,london st pancras  ,Birmingham New Street,"April 27, 2024",08:15:00,09:35:00,09:35:00,on time,,FALSE
0ad47f30-add9-4e61-a443,19-02-2024,01:24:40,Station  , Contactless,,Std,Advance,21000.0,Birmingham New Street  ,London Euston,02/20/2024,23:45:00,01:05:00,01:05:00,On-Time,,FALSE
ece75c3d4efa4384a819,28/01/2024,19:27:19,station,Credit Crad,N/A,Standard  ,Advance,£23.00, london kings cross,York,2024/01/29,5:45 PM,19:35:00,19:35:00,On Time  ,,no
5abb28ba-a770-4033-a881,2024-01-18,14:37:51,Station,Debit Card,Disabled,Standard,Anytime,11.0,London St Pancras,Birmingham New Street,2024-01-18,16:00:00,17:20:00,5:20 PM,ON TIME,None,no
1b9a4046-3968-411f-82b0,2024-03-15,21:33:21,Station, Credit Card,NULL,Standard,Advance,13.0,London Paddington,Reading  ,03/16/2024,20:00:00,9:00 PM,21:00:00,OnTime,,FALSE
4655d9d96c4c470f8fd8,01/15/2024,18:59:48,Station,contactless,,Standard,Advance,None,Liverpool Lime Street,Manchester Piccadilly,16-01-2024,5:15 PM,17:45:00,17:45:00,On Time,,0
5c539565-07d6-4d3c-adc2,11-03-2024,15:46:22,Station,Creditcard,Adult,Standard,Advance,2.0,Manchester Piccadilly,Liverpool Lime Street,2024-03-12,2:15 PM,14:45:00,14:45:00,On Time,,0
16d404cd-fb9d-45e7-b4b6,28/01/2024,16:11:04,station,Credit Card,,standard,Off-Peak,4.0, manchester piccadilly,LIVERPOOL LIME STREET,01/28/2024,17:45:00,18:15:00,18:15:00,ON TIME  ,,FALSE
dcfc6f2d6acc424188c4,2024-01-25,6:32 PM,Online  ,Credit Crad,Adult, Standard,Off-Peak,7.0,London Euston  ,Birmingham New Street,01/25/2024,20:00:00,21:20:00,21:20:00,On Time,,0
57da8684-68a8-426a-afdb,04/14/2024,13:53:24,Station,contactless,,Standard  ,ADVANCE,£35.00,LONDON KINGS CROSS,York,04/15/2024,12:15:00,14:05:00,14:05:00,On Time,,no
b5563897-5ea9-4d30-91d8,2024-01-23,13:22:16,Online,Contact less,,STANDARD,Advance  ,7.0,London Euston, Birmingham New Street,24-01-2024,11:45 AM,13:05:00,,ON TIME  ,,0
3a892b9d-c34e-45e0-8029,03/17/2024,07:54:28,ONLINE,Debit Crad, Adult,Standard, Off-Peak,3.00 GBP,MANCHESTER PICCADILLY,Liverpool Lime Street,2024/03/17,9:15 AM,09:45:00,09:50:00,Delayed,n/a,N
0ab733aa-df2b-461b-b234,01/10/2024,01:11:11,Online,Credit Card,,Standard,Advance,3.0,Liverpool Lime Street,Manchester Piccadilly,2024-01-11,23:30:00,00:00:00,00:00:00,On Time,,N
f72ea4f8-2037-48d6-968f,2024-01-25,09:51:30, Station  ,credit card,,FIRST CLASS  ,off-peak,14.0,Manchester Piccadilly,liverpool lime street,25-01-2024,11:15:00,11:45:00,11:45:00,On Time,-,No
465ded16-22b3-4205-8c1b,20/01/2024,03:01:53,STATION,Contactless,,standard,Off-Peak  ,12.0,London St Pancras,Birmingham New Street,2024-01-20,04:30:00,05:50:00,05:50:00,On-Time,N/A,no
fa3851ee-9036-4169-b7a1,04/23/2024,2:47 AM,Station  ,contactless,ADULT,Std,OFF-PEAK,7.0,LONDON EUSTON, Birmingham New Street,2024-04-23,04:15:00,05:35:00,05:35:00,OnTime,,FALSE
b868204d-cf51-4016-8aef,14/04/2024,19:35:40,Station,Credit Card,,Standard,Advance,3.0,manchester piccadilly,Liverpool Lime Street,15-04-2024,17:45:00,18:15:00,,Cancelled,weather,yes
da10b7e1-30b5-4d7a-9177,22-03-2024,7:33 AM,Station,N/A,Adult,Standard,Off-Peak,10.0,manchester piccadilly, Leeds  ,2024-03-22,9:00 AM,09:45:00,11:56:00,Delayd,signal failure,0
10b4f28c-ab38-4671-8f87,2024/03/10,7:18 AM,Online,CREDIT CARD,,Standard, Off-Peak,-26.0,LONDON PADDINGTON  ,Oxford,10/03/2024,07:45:00,9:15 AM,9:15 AM,ON TIME,,FALSE
d4cae15e-e2de-45da-823a,13/03/2024,19:36:42,Station,Credit Card,,Standard,advance,3.0,Manchester Piccadilly,Liverpool Lime Street,14-03-2024,17:45:00,18:15:00,18:15:00,OnTime,,no
69ecbcd6-784a-4da1-809e,2024-01-16,07:17:28,Online,Credit Card  ,,Standard, Anytime  ,35.0,london paddington,oxford  ,2024-01-16,07:45:00,09:15:00,09:15:00,On Time,,0
f96e5892-3e07-4d6a-ad54,15-04-2024,13:36:29, Online,credit card,,standard,Off-Peak,12.0,LONDON ST PANCRAS,birmingham new street,"April 15, 2024",15:00:00,16:20:00,4:20 PM,OnTime,,N
30b9305db4554f249f85,2024/01/12,15:41:12, STATION  ,Credit Crad,,standard,Anytime,,Liverpool Lime Street, MANCHESTER PICCADILLY,01/12/2024,17:00:00,17:30:00,17:30:00, On Time,,N
7c7dec6d-4bd3-418c-b4d1,2024-01-31,03:17:54,ONLINE,Contactless,, STANDARD,Advance,8.0, York,DURHAM,02/01/2024,01:45:00,2:35 AM,,Cancelled,Staffing  ,Yes
e9cc1f00-7351-4f9c-8701,2024/03/04,8:08 AM,Online  , Contactless,SENIOR,First Class,Advance,,Birmingham New Street  , london paddington,05/03/2024,6:30 AM,8:00 AM,08:00:00,on time,,false
857ca80d-9a3c-4c44-969d,01/20/2024,13:33:14,Online,Contactless,,Standard,ADVANCE,8.0,London St Pancras, Birmingham New Street,2024-01-21,12:00:00,13:20:00,1:20 PM,on time,NULL,0
f270ade3-a2bc-42e3-800b,03/19/2024,08:04:06,Online, Credit Card,,Standard,Advance,3.0,Manchester Piccadilly  ,Liverpool Lime Street  ,20-03-2024,06:30:00,07:00:00,7:00 AM,On Time,,No
e696633b-727c-4047-931f,"April 12, 2024",05:45:09,online, Contactless,N/A,Std,anytime,13.0,LONDON EUSTON, birmingham new street,2024-04-12,07:15:00,08:35:00,08:35:00,On Time,,false
6e8eb758-802f-43ae-b70e,2024/03/29,3:32 AM,online,Credit Card,,Standard,Advance,-35.0,London Kings Cross,york,03/30/2024,02:00:00,03:50:00,03:50:00,On Time  ,,No
be826c41-d24e-4086-8550,01/02/2024,10:51:36,Station,Debit Crad,Adult,Standard,Off-Peak  ,3.0,Liverpool Lime Street,Manchester Piccadilly,2024-01-02,11:15:00,11:45:00,12:17:00,Delayed,TECHNICAL ISSUE  ,-
0F82C06E-6B83-4335-9DA4,2024-04-18,17:27:59,Online,Contactless,, First Class,ANYTIME,£19.00, Manchester Piccadilly  , Liverpool Lime Street  ,18/04/2024,18:45:00,19:15:00,19:15:00,ON TIME,,no
e1dbbabe-755f-4340-9ff9,01/08/2024,8:13 AM,Online,CREDIT CARD,Disabled, Standard  ,Advance,15.0,Birmingham New Street,London St Pancras,2024-01-09,06:30:00,07:50:00,07:50:00,On Time,,FALSE
8e616ca5-2c22-4003-9ff0,03/14/2024,6:42 PM,Station,Contacless,,Standard,Advance  ,21.0,Birmingham New Street,London Euston,2024-03-15,17:00:00,18:20:00,6:20 PM,on time,,no
2a873031-b573-4558-a850,03/03/2024,07:22:13,Online,,NULL,Standard,Off-Peak,26.0,LONDON PADDINGTON,Oxford,2024-03-03,7:45 AM,09:15:00,09:15:00,On Time,,N
19fe17db-a9eb-43a4-adc0,2024-02-29,12:40:42, Station,Credit Card,,STANDARD  ,advance,8.0,LONDON ST PANCRAS,Birmingham New Street,01-03-2024,11:00:00,12:20 PM,12:20:00,ON TIME,,FALSE
ca7acdd6-d7b5-4864-9434,2024/04/12,00:56:52,Station,Contact less,,Standard,off-peak,19.0,London Paddington,Reading,2024-04-12,23:15:00,12:15 AM,00:15:00,OnTime,,N
0f150b7f-417f-43ec-8ed9,2024/01/10,9:36 AM,Station,,,Standard,Advance  ,76.0,Liverpool Lime Street,London Euston,"January 11, 2024",08:00:00,10:15 AM,11:07:00,Delayed,Weather,no
2cbd003b-0d5f-4597-a73e,2024-04-08,18:31:49,station,Credit Crad,,Std,Off-Peak,19.0,London Paddington,Reading,04/08/2024,20:00:00,9:00 PM,NULL,on time,,
a8987a79-1558-4c70-8677,11/03/2024,17:27:49,Online  ,Creditcard,,Standard  ,anytime,-,London St Pancras,Birmingham New Street,11-03-2024,18:45:00,20:05:00,20:05:00,on time,,0
3d024f29-a208-49a5-a68c,14/04/2024,16:23:59,Station  ,CC,,Standard  ,Off-Peak,10.0,london euston,Birmingham New Street,2024-04-14,17:45:00,19:05:00,,On Time,,0
89e258f6-ea5f-4d22-9136,04/01/2024,6:01 AM,ONLINE,NULL,,Standard  ,ANYTIME,18.0,READING,SWINDON  ,2024/04/01,07:30:00,8:15 AM,8:15 AM, On Time,,no
966c4406-9662-4577-b4b6,04/01/2024,15:34:03,Online,,Adult, STANDARD,advance  ,-5.0,London St Pancras  ,BIRMINGHAM NEW STREET,01/05/2024,2:00 PM,15:20:00,15:20:00,On-Time,,no
82ED7D61-B27E-496B-AE23,2024/04/23,06:05:33,Online, CREDIT CARD,,Standrd,Anytime,6.0,London Paddington,London Waterloo,2024-04-23,07:30:00,9:00 AM,09:00:00,ON TIME,,0
8725220e-eec4-4a35-8352,14-02-2024,15:53:38, online,Contactless,Disabled,Standrd,Anytime,17.0,london paddington,Reading,14/02/2024,17:15:00,6:15 PM,18:15:00,OnTime,,None
14438433-e54b-46a6-9827,03/05/2024,04:58:19,ONLINE,Debit Card,Senior, Standard,Anytime,17.0,London Paddington,Reading,05/03/2024,06:15:00,07:15:00,,CANCELLED,NULL,0
0b9591b1-a495-4e21-b1cc,15/02/2024,09:39:47,Station,Credit Card,,Standard,advance,76.0,LIVERPOOL LIME STREET,London Euston,16-02-2024,08:00:00,10:15:00,None,delayed  ,Weather,no
393d9468-a895-4fe4-ba6a,13-03-2024,11:59:27, station,Contacless,,STANDARD,OFF-PEAK,10.0,London Euston,BIRMINGHAM NEW STREET,2024-03-13,13:15:00,2:35 PM,2:35 PM,on time,,no
ad199b35-be98-45cc-b05b,12/03/2024,6:31 PM,Station,Credit Card,,First Class  ,off-peak,41.0,London Paddington,Reading,2024-03-12,8:00 PM,21:00:00,21:00:00,On-Time,,FALSE
94da8178-b618-40c1-a5b8,11/03/2024,5:51 AM,station,None,ADULT,STANDARD,advance,4.0,London Euston  ,BIRMINGHAM NEW STREET,03/12/2024,04:15:00,05:35:00,NULL,On Time,,No
6d374e20-fa1a-4bc7-bf47,01-04-2024,12:08 AM,Station  ,CREDIT CARD  , ADULT  ,standard,Off-Peak,£17.00,Oxford  ,Bristol Temple Meads,01/04/2024,10:30 PM,23:45:00,23:45:00, ON TIME,,false
7e9317db-1573-49a0-84d2,2024-02-01,04:59:32,Online,Credit Card  ,SENIOR,first class  ,Anytime,13.0,Manchester Piccadilly,LIVERPOOL LIME STREET,01/02/2024,06:15:00,06:45:00,06:45:00, on time,,FALSE
9ACC5B61-FFC8-4A8C-859E,2024/02/06,2:44 PM,online, Contactless,, Standard,advance  ,£3.00,Manchester Piccadilly  ,Liverpool Lime Street,21-02-2024,13:00:00,13:30:00,13:30:00,On Time,,false
68E7DF73-497F-4738-8AF5,06/04/2024,20:54:01,Station,credit card  ,Adult,Standard  ,Off-Peak,7.0,London Euston,BIRMINGHAM NEW STREET,2024-04-06,10:15 PM,23:35:00,, Cancelled,Technical Issue,Y
0f4250f6-0028-46dd-bd12,2024-03-03,09:31:53,Station, Credit Card,NULL, Standard,Advance,76.0, Liverpool Lime Street,london euston,2024-03-04,8:00 AM,10:15:00,10:56:00,Delayed,weather,NULL
f3c09b68-e3db-45b1-9cfc,02/05/2024,13:20:48,Station, Contactless,,Standard,Advance,7.0,London Euston, Birmingham New Street,02/26/2024,11:45:00,13:05:00,13:05:00,ON TIME,,no
20057d68-ae56-4035-b08b,04/25/2024,15:51:47,Online,N/A,Senior,Standard,Anytime,None,London Euston,BIRMINGHAM NEW STREET  ,25-04-2024,17:15:00,18:35:00,18:35:00,On Time,,false
3c6244bc-86c9-48ab-ac85,12-01-2024,6:57 PM,Online,CREDIT CARD,,STANDARD,advance,35.0,London Kings Cross  ,York,2024/01/13,17:15:00,7:05 PM,19:05:00,on time,,No
5bce6ee2-77dc-493b-ab52,2024-03-25,07:49:24,online,Creditcard,SENIOR,First Class,Advance  ,6.0,manchester piccadilly,liverpool lime street,26-03-2024,06:15:00,6:45 AM,06:45:00,On Time  ,,FALSE
d592e13a-2913-499b-901d,03-02-2024,10:31:43, Online,Credit Card,,Standard,Advance,-7.0,London Euston,birmingham new street,08-02-2024,09:00:00,10:20:00,10:20 AM,on time,,false
bdc5ba02-6627-4a22-b12d,2024/02/09,11:57:14,station  ,Debit Card,adult,First class , Advance  ,7.0, Liverpool Lime Street,manchester piccadilly,02/20/2024,11:15:00,11:45:00,12:24:00, Delayed,NULL,1
5ee68118-da2e-46f7-bbf0,2024-01-28,14:12:42,online,contactless,Disabled, STANDARD  ,Advance,£4.00,LONDON EUSTON,Birmingham New Street  ,2024-01-29,12:30:00,13:50:00,13:50:00,OnTime,,false
00c3730e-186a-4b21-b4f2,2024-03-09,07:48:47,Online,Contactless,Disabled,Standard,Off-Peak,8.0,London St Pancras,Birmingham New Street,09-03-2024,09:15:00,10:35:00,10:35:00,On Time,,no
ebac6d70-9e20-4fe6-92d3,01/02/2024,12:22 AM,Online  ,,,STANDARD,Off-Peak,11.0,York,durham,02/01/2024,01:45:00,02:35:00,,cancelled,staffing,0
55c2b377-0d5c-49bf-a273,04/19/2024,5:57 PM,online,Contactless,Adult,Standard,Advance,16.0, London St Pancras, Leicester,2024/04/20,16:15:00,17:15:00,17:15:00,On-Time,,FALSE
d62f0d04-fc0d-4fdb-92ad,24-01-2024,05:08:46,Online,CREDIT CARD,disabled,standard  ,Anytime,43.0,london st pancras,Wolverhampton,01/24/2024,06:30:00,08:00:00,08:00:00,On Time  ,N/A,0
f0af694a-c145-4cc0-8e61,24-04-2024,20:24:26,STATION,credit card,,Standard, Advance,5000.0,BIRMINGHAM NEW STREET,STAFFORD,25/04/2024,17:45:00,6:15 PM,18:15:00,On Time,,FALSE
598286F5-947C-4017-9639,02/20/2024,08:02:07,Station,CREDIT CARD,,standard  ,Advance,3.0,MANCHESTER PICCADILLY,Liverpool Lime Street,2024/02/21,06:30:00,07:00:00,07:00:00,on time,,No
1c659679-649d-4dc3-9e4d,2024-02-03,01:15:14,Online,Credit Card  ,,Std, Off-Peak,5.0,Manchester Piccadilly  ,SHEFFIELD,2024-02-03,2:45 AM,03:30:00,03:30:00,ON TIME  ,,no
6fa811e9-06cc-46f2-a402,2024-04-27,12:59 AM,Online,Credit Crad,,Standrd,off-peak  ,10.0, LONDON EUSTON,Birmingham New Street,2024-04-27,2:15 AM,03:35:00,,Cancelled,,FALSE
A8F4B360-0B45-4052-9549,17/01/2024,00:48:36,Online,CREDIT CARD  ,,Standard,Off-Peak,10.0,london euston, Birmingham New Street,01/17/2024,02:15:00,03:35:00,3:35 AM, On Time,,no
a5a46de1-ebf7-4540-9208,01/31/2024,00:20:57,Station,Creditcard,, Standard,Off-Peak,£12.00,London St Pancras,Birmingham New Street  ,2024-01-31,1:45 AM,03:05:00,3:05 AM,On Time,,N
f5dda6b6-abc8-43a0-90bf,03/23/2024,14:41:21,Station  ,debit card, Disabled,Standard, Off-Peak  ,7.0,London Euston,Birmingham New Street,2024-03-23,4:00 PM,17:20:00,5:20 PM,OnTime,,
e927487b-218b-4c04-b8f3,2024-03-29,17:15:37, ONLINE,Credit Card,,Std,Anytime  ,16.0,London St Pancras,Birmingham New Street,29-03-2024,18:45:00,8:05 PM,8:05 PM,ON TIME,,false
78C4313C-8825-4770-8D22,2024/03/12,12:12:00,STATION,CREDIT CARD,,standard  , OFF-PEAK,-4.0,manchester piccadilly,Liverpool Lime Street,"March 12, 2024",1:30 PM,14:00:00,14:00:00,OnTime,,no
8a8fa4d0-b79c-44cc-846f,10-01-2024,08:13:05,Online, Debit Card,,Standard,Advance,,LONDON EUSTON,Manchester Piccadilly,2024-01-11,06:30:00,08:20:00,None,On Time  ,N/A,no
b9f79810-1579-4e2c-933f,28-01-2024,5:57 PM,Online  ,Contactless,Adult, STANDARD,Advance,,manchester piccadilly,Liverpool Lime Street  ,29-01-2024,16:15:00,16:45:00,16:45:00,On Time,,N
67a80886-8d9e-4515-8a16,2024/01/09,6:32 AM,Station,Credit Card,,FIRST CLASS,Anytime,,liverpool lime street,London Euston,"January 09, 2024",08:00:00,10:15:00,10:47:00, delayed,TECHNICAL ISSUE,false
740270a3-bf5e-4637-aed9,02/15/2024,10:46 AM,Online,debit card,Adult, Standard, Advance,2000.0,Manchester Piccadilly,LIVERPOOL LIME STREET,"February 16, 2024",09:15:00,09:45:00,,Delayed,WEATHER,No
a4f87077-9ab9-4ed9-97e2,20-04-2024,13:19:56,Online  ,NULL,,Std,Advance,£8.00, London St Pancras,Birmingham New Street,04/21/2024,11:45:00,1:05 PM,13:05:00,On Time,,FALSE
957254ae-2751-4836-ba33,14-02-2024,7:15 AM, STATION  ,Credit Card,,Standard,Advance,3.00 GBP,Manchester Piccadilly,Liverpool Lime Street,2024/02/26,05:45:00,6:15 AM,N/A,On Time,,NULL
63ED8AF8-8532-4E9A-9CDC,15-02-2024,05:37:06,ONLINE,Contactless  ,,standard  , Advance,13.0,London Paddington,Reading,2024/02/16,04:00:00,5:00 AM,05:00:00,on time,,No
20279b83-f296-4a79-8cbf,2024-01-10,00:13:06,Online  ,CREDIT CARD,,STANDARD,Off-Peak,£5.00,Liverpool Lime Street,MANCHESTER PICCADILLY,10/01/2024,10:30 PM,23:00:00,23:00:00,ON TIME,,No
0060fa70-9ec0-40fc-93ed,01/15/2024,12:11:52,station  ,N/A, Senior  , Standard,off-peak  ,3.0, MANCHESTER PICCADILLY,Liverpool Lime Street,2024/01/15,13:30:00,14:00:00,14:00:00, On Time,,no
0d50157b-cec3-4b2b-b46c,26/04/2024,12:43 PM, Station, Contactless,,First Class, Off-Peak,41.0,London Paddington,READING,2024-04-26,14:00:00,3:00 PM,15:00:00, ON TIME,,no
6ccf697d-5d4e-4090-b917,2024/01/31,06:39:29,Online,Contacless,,Std,anytime,11.0,Reading,Oxford,2024-01-31,08:00:00,08:25:00,08:25:00,ON TIME  ,,FALSE
43458b517be54710beef,2024-04-13,14:07:22,Station,Contactless,,Standard,Off-Peak,19.0, London Paddington,Reading,04/13/2024,15:30:00,16:30:00,16:30:00,On Time,,No
FCCE4800-2337-4177-98FA,22-04-2024,5:47 AM,Station,Contactless,adult,Standard,Advance  ,4.0,London Euston,Birmingham New Street,23/04/2024,04:15:00,05:35:00,5:35 AM,On Time,,No
8797BCF8-F525-4260-9A9A,2024-01-15,08:24:05,Online,Credit Card,,First Class,advance,32.0,London Paddington,Oxford  ,16-01-2024,07:45:00,09:15:00,09:15:00,On Time,,N
c649e499-4d79-472b-af21,06/03/2024,01:15:29,Online,Contactless, Disabled,First Class,Advance  ,7.0,YORK,Durham,2024-03-07,11:45 PM,12:35 AM,00:35:00,On Time,,No
fc518bb3-5164-4b17-af03,04/03/2024,20:15:40,Online,Creditcard,,Standard,advance,NULL,BIRMINGHAM NEW STREET,Coventry,2024-04-04,18:45:00,19:05:00,7:05 PM,On Time  ,,false
3BAEE9F4-06B3-4E3A-8C45,01/05/2024,16:28:59, Online,CC, senior, STANDARD,Advance,2.0,Manchester Piccadilly,liverpool lime street,2024-01-06,14:45:00,3:15 PM,15:15:00,On Time,,0
91179fa3-99d6-4fc1-9ec1,21-01-2024,09:05:49,online,Credit Card,Adult,Std,Off-Peak,£8.00,London St Pancras, BIRMINGHAM NEW STREET,21/01/2024,10:30:00,11:50:00,11:50 AM,OnTime,-,No
44C14DCC-3DDD-46A3-A589,2024/02/20,3:13 AM,Online,Contactless  ,Disabled,Standard,Advance,2.0,Liverpool Lime Street,Manchester Piccadilly  ,02/21/2024,01:30:00,02:00:00,02:00:00,On Time,,0
5569331d-bda0-435d-8da9,02-03-2024,08:26:34,Station,Credit Card,, Standard,ADVANCE,13.0,London Paddington,READING  ,03-03-2024,06:45:00,07:45:00,07:45:00,On Time  ,,No
7C25E9DA-1A93-40F2-A016,09-02-2024,13:48:28, Station,CREDIT CARD  ,,Standard, Advance,8.0, London St Pancras,birmingham new street,20-02-2024,12:15:00,1:35 PM,,CANCELLED,Signal failure,No
26b4eb06-955f-4ecc-b83d,06-02-2024,18:08:53,Station,N/A,,Standard  ,ADVANCE,35.0,London Kings Cross,York,02/27/2024,16:30:00,18:20:00,18:20:00,On Time,,0
921ca671-6815-4949-a006,03/31/2024,15:45:38, Station,Contactless  ,,Std, off-peak,5.0,liverpool lime street,Manchester Piccadilly  ,2024-03-31,5:15 PM,5:45 PM,17:45:00,OnTime,,no
15f3ecc4-6ff7-4b2c-a405,18/03/2024,05:50:29,station,CONTACTLESS,Disabled  , FIRST CLASS,Advance,7.0,Liverpool Lime Street, Manchester Piccadilly,19/03/2024,04:15:00,04:45:00,04:45:00,On Time,N/A,-
2cd23aec-7f61-49e5-88f5,2024-03-09,00:09:52,Online,,,Standard,Off-Peak,19.0, London Paddington,reading,09/03/2024,01:30:00,02:30:00,None,OnTime,,0
190D3697-CC22-46BC-8F0D,31-03-2024,01:48:01,Station, Credit Card,DISABLED,First Class,Off-Peak,27.0,London Paddington, Reading,2024-03-31,3:15 AM,04:15:00,04:15:00,OnTime,,false
5576625b-a7da-45ee-abe1,27-04-2024,16:16:43,Online,CREDIT CARD,DISABLED,Std,OFF-PEAK,8.0, London St Pancras,BIRMINGHAM NEW STREET,2024/04/27,17:45:00,19:05:00,7:05 PM,On Time,N/A,no
2e5c32af-36d0-4494-ab8e,01/19/2024,12:04:11, ONLINE,contactless, Adult,Standard, ADVANCE,2.0, MANCHESTER PICCADILLY,Liverpool Lime Street,2024-01-20,10:30 AM,11:00:00,11:00 AM,On-Time,,FALSE
d11159b3-fdd3-4057-8c3c,08-04-2024,17:34:31,Station  ,Credit Card,NULL,standard,ADVANCE,4.0,London Euston,birmingham new street,2024/04/09,16:00:00,17:20:00,6:03 PM,Delayd,Signal failure  ,Y
04d91a17-546f-445e-88a7,01/28/2024,3:50 PM,Online,Contactless,Adult,STANDARD, Advance,2.0, MANCHESTER PICCADILLY,liverpool lime street,29-01-2024,14:15:00,14:45:00,14:45:00,On Time,,no
deff7071-1db2-4786-a0da,"March 05, 2024",9:41 AM,Station  ,Credit Card,,STANDARD,Advance,76.0,Liverpool Lime Street  ,London Euston,03/06/2024,8:00 AM,10:15:00,10:51:00,DELAYED,WEATHER,no
08f63fb8-c573-407f-bcad,02/11/2024,10:50:41,Online  ,None,Senior,Standrd,Advance,n/a,Manchester Piccadilly,Liverpool Lime Street,02/20/2024,09:15:00,09:45:00,09:45:00,OnTime,,FALSE
88BAE369-8B01-4136-B4ED,"March 06, 2024",14:34:40,online,CONTACTLESS,-,Standrd,advance,3.0,Manchester Piccadilly  ,Liverpool Lime Street  ,03/07/2024,13:00:00,13:30:00,13:30:00,On-Time,,0
cac6f478-f7b9-4700-910e,2024-03-22,17:23:13,Online, Credit Card,, Standard  ,Anytime,16.0,London St Pancras,Birmingham New Street,2024-03-22,18:45:00,20:05:00,20:05:00,On-Time,,false
06e81dab-aeb0-4415-9659,03-03-2024,07:37:39,Online,CONTACTLESS,,standard,ADVANCE,3.0,Manchester Piccadilly  , Liverpool Lime Street  ,03/04/2024,06:00:00,6:30 AM,06:30:00, ON TIME,,No
b15fbf1a-5629-47ad-9b22,03/21/2024,17:39:03,Online,Contacless,,Standard  ,Off-Peak,£10.00,LONDON EUSTON  ,Birmingham New Street,2024-03-21,19:00:00,8:20 PM,20:20:00,On Time,,false
199941D0-D11B-4EFE-8DE4,03/31/2024,00:31:26,Station,-,,Standard,Off-Peak,4.0,Manchester Piccadilly,Liverpool Lime Street,2024/03/31,02:00:00,02:30:00,02:30:00,On Time,,No
ae105a04-f432-4129-ab00,2024-04-27,06:33:05,station  ,credit card,,Standard,Off-Peak  ,113.00 GBP,liverpool lime street,London Euston,2024-04-27,08:00:00,10:15:00,NULL,On Time,,N
552fa15e-c7b6-4ef4-90da,12-01-2024,7:36 PM,Station, Credit Card,,Std,Advance,-5.0,Birmingham New Street  ,TAMWORTH,2024-01-13,5:45 PM,18:05:00,18:05:00,On-Time,,N
6136df2f-f5e6-4f3f-ba7c,2024-01-18,20:24:53,online, Credit Card,,Standard,ADVANCE,5.0,Birmingham New Street,Tamworth,2024-01-19,18:45:00,19:05:00,19:05:00,OnTime,n/a,N
e5fc2f1e-3806-4bff-a272,17-03-2024,14:02:06,Station,Credit Card  ,,Standrd,Advance,3.0,Manchester Piccadilly,LIVERPOOL LIME STREET,"March 18, 2024",12:30:00,13:00:00,None,On Time,,FALSE
8cf9cded-25a7-4bdb-a489,02/01/2024,09:28:47,STATION  ,Credit Card,,Standard  , Advance,35.0,London Kings Cross, York,01/03/2024,07:45:00,09:35:00,9:35 AM,On Time,,
a500d5df-03be-490e-a88d,06-04-2024,07:18:32, ONLINE,CREDIT CARD,,Standard,off-peak,53.0,London Kings Cross,York,2024-04-06,07:45:00,09:35:00,,Cancelled,Traffic  ,false
f6e7d388-7981-4e0a-b166,2024-03-20,08:29:57,Online  ,Credit Card  ,,First Class,Advance,10.0,Manchester Piccadilly,LIVERPOOL LIME STREET,2024-03-21,07:45:00,08:15:00,8:15 AM,On Time,N/A,N
856cbca7-fde0-4ffa-8bf0,2024-04-18,6:31 AM,Station, Credit Card,,Standrd,anytime  ,151.0,Liverpool Lime Street,London Euston,18-04-2024,08:00:00,10:15 AM,10:45:00,Delayed,Weather,No
60b656a1-37a3-4b04-8998,09-01-2024,20:17:56,Online,Credit Card,senior,STANDARD, advance,6.0,LIVERPOOL LIME STREET,crewe,"January 10, 2024",6:45 PM,19:20:00,19:20:00,on time,,false
e2a864df-5ea4-4898-81cb,12-03-2024,20:18:01,online,CREDIT CARD,N/A,FIRST CLASS,Advance  ,11.0,Birmingham New Street,Tamworth,2024-03-13,18:45:00,19:05:00,19:05:00,ON TIME,,false
c54cb18a-f644-4613-b1fb,2024-03-10,17:43:50,Station,Contactless,Senior  ,Standard,Advance,2.0,Manchester Piccadilly, Liverpool Lime Street,03/11/2024,16:00:00,16:30:00,4:30 PM,On-Time,,no
e2137ef3-749d-4066-bfd9,2024-02-06,20:06:48,Online,None,ADULT,Standrd,Advance,2.0,Liverpool Lime Street,manchester piccadilly,2024-02-11,18:30:00,19:00:00,7:00 PM,On Time,,0
3d3c079d-8886-4dc3-9bc7,07-01-2024,9:03 AM, Online,credit card,,standard, Advance,-, london paddington  ,Manchester Piccadilly,08-01-2024,7:30 AM,9:45 AM,,Cancelled,Signal failure,false
b8b45a91-70c8-4132-8ea1,03/01/2024,04:51:10,Online,Debit Card,SENIOR,Standrd,Anytime,7.00 GBP,Reading,oxford,03-01-2024,06:15:00,06:40:00,6:40 AM,on time,,0
e264b4d7-a18e-4a21-82d6,2024/02/03,8:27 PM,ONLINE, contactless,,Standard, Advance,3.0,Manchester Piccadilly,liverpool lime street,05-02-2024,18:45:00,19:15:00,N/A, on time,,N
85bb584e2acd4dc2aae9,02/19/2024,7:43 AM,Station,CONTACTLESS,n/a,Standard,Off-Peak,12.0,Manchester Piccadilly,NOTTINGHAM,19-02-2024,09:00:00,10:00 AM,10:57:00,delayed,SIGNAL FAILURE,No
bbdebaec-bc1e-43b9-afc4,02/07/2024,19:33:01,Station,CC,,Standard,Advance,3.0, Manchester Piccadilly,Liverpool Lime Street,"February 08, 2024",5:45 PM,6:15 PM,19:16:00,DELAYED,Weather Conditions,no
4e8e0926-5211-4a6f-a2df,18-02-2024,07:53:01,Online,, Senior,Standard,Advance  ,-,LIVERPOOL LIME STREET,Crewe,02/27/2024,6:15 AM,6:50 AM,06:50:00,on time,,No
765b72c1-99e7-4cab-931a,2024-01-05,19:37:53,Online,CONTACTLESS,NULL,STANDARD,Off-Peak,10.0,London Euston,Birmingham New Street,2024/01/05,21:00:00,22:20:00,-, On Time,,0
34f02dca-d9b8-4fcb-bddf,2024/01/19,14:00:36, Station,CONTACTLESS,,Standard, Off-Peak,19.0, reading,London Paddington,01/19/2024,15:30:00,15:55:00,15:55:00,On Time,,no
146608FA-10A2-4217-AB11,14/01/2024,08:15:26,Station,CC,,Std,Advance  ,3.0, LIVERPOOL LIME STREET  ,manchester piccadilly,"January 15, 2024",06:45:00,07:15:00,07:15:00,On Time,,false
5e842563-806f-4e26-b9b9,17-01-2024,6:50 AM,Online,credit card,n/a, Standard, anytime,11.0,LONDON ST PANCRAS  ,BIRMINGHAM NEW STREET  ,17-01-2024,08:15:00,09:35:00,09:35:00,ON TIME,,0
4068740f246a4829829b,18/04/2024,08:02:02,Online,Credit Card,Disabled  ,Standard  ,Advance,15.0,birmingham new street, London St Pancras  ,19-04-2024,06:30:00,07:50:00,7:50 AM,OnTime,,FALSE
bf933538-7913-47ec-baed,24/01/2024,15:24:48, Station,Contactless  ,, Standard,Anytime  ,,LONDON KINGS CROSS, York,2024-01-24,17:45:00,19:35:00,,Cancelled,Weather,FALSE
19662e45-4373-43ea-bcb6,"April 02, 2024",1:31 PM,Online,Contact less,SENIOR,STANDARD  ,OFF-PEAK,N/A,London Paddington,Reading  ,02/04/2024,15:00:00,16:00:00,16:00:00,on time,None,N
9962bce9-83f2-49e9-93f2,01/15/2024,19:43:48,Online,CC,,Standard,advance,9.0, READING,SWINDON  ,01/16/2024,17:45:00,18:30:00,18:30:00, On Time,,false
a51732ac-4e30-48b6-8f12,06-03-2024,14:38:00,Station,Debit Card, Disabled, standard,ANYTIME,£11.00,London St Pancras,BIRMINGHAM NEW STREET,2024-03-06,4:00 PM,17:20:00,17:20:00,on time  ,,FALSE
9e32d005-58f5-4136-9b4c,21-03-2024,05:15:36,Online  ,Creditcard,,Standard,Anytime,16.0, London St Pancras  ,Birmingham New Street,03/21/2024,06:45:00,08:05:00,8:05 AM,On Time,,no
01ab004a-05ac-4ed0-a050,2024-02-01,06:38:32,Online, Contactless,,Standrd, Anytime  ,-,London Paddington,Reading  ,2024-02-01,08:00:00,09:00:00,,OnTime,,0
13c08006-137b-4e51-96c6,2024-03-13,09:14:35,online  ,Credit Card, Disabled,standard,advance,,york, Peterborough  ,2024-03-14,7:30 AM,08:40:00,n/a,On Time,,0
510ea352-2a9e-4787-baf4,02-02-2024,07:16:52, STATION, Credit Card,,Standard,Advance,N/A,london st pancras,Birmingham New Street,02/20/2024,5:45 AM,07:05:00,7:05 AM,On Time,,no
da94a992-0c6f-4d02-9df1,01/06/2024,17:30:59, STATION,CC,, STANDARD,Off-Peak,12.0, London St Pancras, Birmingham New Street,2024-01-06,7:00 PM,20:20:00,8:20 PM,On Time,,false
08d559a2-c258-456f-9cf7,24-03-2024,09:45:40,Online,Credit Card,,Standard,Advance,6.0,BIRMINGHAM NEW STREET,LIVERPOOL LIME STREET,03/25/2024,8:15 AM,9:45 AM,09:45:00,On Time,,No
9ba632d6-3ffd-4b09-8674,04/05/2024,05:00:15,Online,Credit Card,,STANDARD,Anytime,13.0,London Euston, BIRMINGHAM NEW STREET,2024-04-05,6:30 AM,07:50:00,07:50:00,on time,,FALSE
d2c33446-c979-4873-8097,28-01-2024,15:14:09,STATION,credit card  ,,Standard  ,OFF-PEAK  ,8.0,birmingham new street,STAFFORD,2024/01/28,17:45:00,6:15 PM,6:15 PM,On Time,,0
ce889fb0-d566-44c0-bbd5,28-01-2024,03:28:04,ONLINE  ,Credit Card,,Std,Advance  ,3000.0,LIVERPOOL LIME STREET,MANCHESTER PICCADILLY,2024-01-29,01:45:00,2:15 AM,n/a, On Time,,0
abbc1141-d8c2-4f26-a2c8,02/04/2024,09:40:00,ONLINE,CONTACTLESS,,STANDARD  , Off-Peak,12.0,London St Pancras,Birmingham New Street,04/02/2024,11:00 AM,12:20:00,12:20:00,On Time,,0
f87b6d14-8885-40fb-9af2,06-04-2024,10:23:56, Online,CREDIT CARD  ,Disabled  , Standard,Off-Peak,N/A,London Paddington, Reading,"April 06, 2024",11:45 AM,12:45:00,12:45 PM,On Time,,0
7e067c79-d6e5-4573-a6de,28-03-2024,07:26:53,online, Credit Card,,Standrd,Anytime,,London Paddington,Oxford,03/28/2024,07:45:00,09:15:00,09:15:00,On-Time,,no
64854bcd-320a-431d-b7c2,19/03/2024,20:34:18,STATION,Credit Card  ,,Standard,advance,5.0,Birmingham New Street,Stafford,03/20/2024,5:45 PM,6:15 PM,18:15:00,OnTime,,false
3cbbb6ed-9950-47d6-8999,10/03/2024,6:00 PM,Station,credit card,Adult,Std,ADVANCE,6.0, Liverpool Lime Street  ,Sheffield,2024-03-11,16:30:00,17:45:00,17:45:00,On Time,,0
8871694e-8a0a-48a1-a293,24-03-2024,06:19:00,Station  ,CREDIT CARD  ,,Standard  ,Off-Peak,N/A,London Kings Cross,York,24-03-2024,07:45:00,09:35:00,09:35:00,On Time,,FALSE
100f1146-9cb8-4385-ae1b,24/01/2024,5:05 AM,station,Credit Card,,Std,ADVANCE  ,84.0,Manchester Piccadilly,London Euston,01/25/2024,03:30:00,05:20:00,05:44:00,delayed,Weather Conditions,FALSE
ee093310-35d3-45f5-8a69,02/16/2024,07:49:28,Online,Debit Card,Senior  ,Standard,Advance,8.0,London Paddington,Reading,02/18/2024,06:15:00,07:15:00,07:15:00,On-Time,,FALSE
48d0d562-e23a-45d2-8c7e,07/01/2024,01:44:27,Online,Credit Card,,First Class,Off-Peak  ,15.0,Liverpool Lime Street,manchester piccadilly,07-01-2024,03:00:00,03:30:00,3:30 AM,On Time,,-
bdff1ccd-0d74-4cdd-8506,11-02-2024,04:54:29,Station,Contacless,,standard,OFF-PEAK,53.00 GBP,London Kings Cross  ,York  ,02/11/2024,6:15 AM,8:05 AM,08:05:00,on time,,No
7272ae80-9354-4eb5-82e3,05-03-2024,08:44:54, Online,Credit Card,,Standard  ,ADVANCE,13.0,London Paddington,reading,06/03/2024,07:00:00,08:00:00,8:00 AM,On Time,,FALSE
156529a5-24b4-4ed9-8150,"March 12, 2024",14:02:40,online,-,,Standard,Advance,3.00 GBP,Liverpool Lime Street  ,Manchester Piccadilly,03/13/2024,12:30:00,13:00:00,13:00:00,On Time,,0
9b7e0496-24bc-4895-8431,15/04/2024,9:39 PM,Station,CREDIT CARD,None,Standard,Advance,13.0,London Paddington,READING  ,16-04-2024,8:00 PM,21:00:00,9:00 PM,ON TIME,,FALSE
58ce2e19-6b4e-4e25-9f78,04/16/2024,16:35:22,Station,N/A,,First Class  ,Advance,27.0,London Paddington,reading,17/04/2024,15:00:00,16:00:00,16:00:00,On-Time,,N
e5c58db9-1162-46e6-80e1,"January 16, 2024",07:56:25,Online,Debit Card,N/A,STANDARD,Advance,8.0,london paddington,Reading,01/17/2024,6:15 AM,07:15:00,07:15:00, On Time,,N
6d10bf21-4161-4457-8c54,30/03/2024,15:07:30,Online,Contactless,Adult,standard,OFF-PEAK,N/A, Liverpool Lime Street,LEEDS,30/03/2024,16:30:00,18:00:00,18:00:00,On Time,,0
ac1364ce-3f7d-4b01-ae7e,01/10/2024,04:49:54,Online,Debit Card,Senior,Std,Anytime,,London Paddington,Reading,"January 10, 2024",06:15:00,07:15:00,,On Time,,N
ba87a7d2-40af-424a-b486,2024-03-23,8:11 AM,Online,credit card,disabled  ,Standard,Advance,15.0,Birmingham New Street  ,london st pancras,03/24/2024,06:30:00,07:50:00,7:50 AM,On Time,,N
d1e3b54a-e163-4b6a-9215,05/02/2024,6:14 AM,online,Credit Card,,STANDARD,ANYTIME,NULL,London Kings Cross,york,"February 05, 2024",07:30:00,09:20:00,9:20 AM,On Time,,N
be4d372d3a3f4236a2c6,07-01-2024,16:16:03, Station,NULL,,standard  ,Off-Peak,12.0,london st pancras,birmingham new street,2024-01-07,17:45:00,7:05 PM,19:05:00,OnTime,,0
3412a754-58fa-412d-8aaf,02-01-2024,9:36 PM,station, Credit Card,, Standard  ,advance,13.0,London Paddington,reading,03-01-2024,8:00 PM,21:00:00,9:00 PM,On Time,,no
edef0dba-89ac-4fed-a44a,2024-03-04,13:39:30,STATION, Credit Card,,standard,off-peak,19.0,London Paddington,Reading,04/03/2024,15:00:00,16:00:00,16:00:00,On-Time,,no
e581b404-eeb9-4aa1-9671,2024/04/16,15:51:32,Station,Credit Card,,standard,ADVANCE,8.0,London St Pancras,Birmingham New Street,04/17/2024,2:15 PM,15:35:00,15:35:00,On Time,,false
70953504-00e3-4193-be25,03/02/2024,20:12:39,STATION, Contactless,Adult,Standard,Advance  ,23.0,LONDON KINGS CROSS,York,2024-02-10,18:30:00,20:20:00,8:20 PM,ON TIME,,No
c4ee269e-e863-41f4-8cde,25-03-2024,15:47:52,Online,Contacless,,STANDARD,ANYTIME  ,,LIVERPOOL LIME STREET,MANCHESTER PICCADILLY,25/03/2024,17:15:00,17:45:00,17:45:00,On Time,,
0ace1fa4-ec34-4994-9918,2024/03/17,09:11:29,Online,Contactless,Adult,Standard,Off-Peak,3.0,Manchester Piccadilly, liverpool lime street,17-03-2024,10:30:00,11:00:00,11:00:00, On Time,,-
e095632e-6e82-4ef7-abb8,03/26/2024,06:32:13,Online,credit card,,STANDARD,Anytime,None,Reading,Birmingham New Street,26-03-2024,08:00:00,09:00:00,09:00:00,on time,,FALSE
e1dc7584-736d-4520-82b1,02/02/2024,14:20:00,STATION  ,Contactless,,Standard,advance,13.0,LONDON PADDINGTON,Reading,18/02/2024,12:45 PM,13:45:00,13:45:00,OnTime,,no
4c1e1874-b6c1-4cba-b649,2024-04-23,05:07:44,station, Contactless,,Standard,Advance,£33.00,birmingham new street,Reading,24-04-2024,03:30:00,05:00:00,05:00:00,OnTime,,no
ea86350c-dc9b-4c74-b07a,21-04-2024,08:25:30, ONLINE,CONTACTLESS,,Standrd,Advance,3.00 GBP,Manchester Piccadilly,Liverpool Lime Street,04/22/2024,06:45:00,07:15:00,7:15 AM, On Time,,FALSE
8e96d08d-03bb-48ec-a443,10/01/2024,7:33 PM,Station,Credit Card  ,,First class ,Advance,10.0,Manchester Piccadilly,Liverpool Lime Street,11-01-2024,17:45:00,18:15:00,18:15:00,On Time,,No
BB68B0D2-034C-49D4-BA6C,02/14/2024,12:42:12,Online,contactless,,STANDARD,Advance,8.0,London St Pancras,Birmingham New Street,2024/02/15,11:00 AM,12:20 PM,12:20:00,ON TIME,,no
1a6bfe91-2a4c-4432-baae,03/04/2024,08:16:40,station,n/a,Adult  ,standard  , ADVANCE,23000.0,LONDON KINGS CROSS  ,YORK,04/04/2024,6:45 AM,08:35:00,08:35:00,On-Time,,No
de59906b9d124964bdec,2024/03/09,12:22:27,Station, Credit Card,,First Class,advance,10000.0,liverpool lime street, Manchester Piccadilly  ,2024/03/10,10:45 AM,11:15:00,11:15:00,on time,,N/A
f62f906d-143b-4659-bbb5,15-04-2024,20:10:48, Station,Credit Card,,Standard  ,off-peak,£19.00,LONDON PADDINGTON,Reading,2024-04-15,21:30:00,22:30:00,22:30:00, on time,,no
7e8aca3a-837b-4900-acb8,14-01-2024,20:54:19,Station,credit card,,Standard,Off-Peak,19.0,London Paddington,Reading,14-01-2024,10:15 PM,23:15:00,23:15:00,on time,,no
2c49789a-7788-4a49-bd01,2024-02-04,21:53:57, Online,CREDIT CARD  ,,Standard,Advance,3.0,Liverpool Lime Street,Manchester Piccadilly  ,19-02-2024,20:15:00,20:45:00,20:45:00,On-Time,,FALSE
f7ff7eb2-5a90-4b62-8a55,2024-04-08,06:06:57,Online,CC,,Standard,Anytime,70.0,London Kings Cross,York,"April 08, 2024",07:30:00,9:20 AM,09:20:00, On Time,n/a,no
b598ab60-beeb-4a7e-a623,21-03-2024,08:08:00,Online,Credit Crad,Adult,1st Class,ADVANCE,35.0,London Euston,Birmingham New Street,2024/03/22,06:30:00,07:50:00,7:50 AM,On Time,,no
f18f32a6-5ebe-44bc-b22b,02/20/2024,23:01:45,Station,contactless,,Standard, Advance,13.0,London Paddington,reading,21/02/2024,9:30 PM,22:30:00,,Cancelled  ,Signal failure,false
b76f4fa9-5be9-4ae1-b5b2,2024/04/27,13:57:24, station,Credit Card,,Standrd,ADVANCE,-,LONDON ST PANCRAS,Birmingham New Street,28-04-2024,12:15 PM,13:35:00,13:35:00,ON TIME,,N
d2106ee0-7d27-4ad0-91b4,29/04/2024,21:54:12,Online,contactless  ,,Standard,Advance,36.0,Birmingham New Street,Edinburgh  ,2024/04/30,20:15:00,00:45:00,00:45:00,On Time,n/a,no
7b451c6c-02d9-48a8-9366,03-02-2024,2:14 PM, online  ,Credit Card, Adult,Standard,Advance,-5.0,London St Pancras  ,birmingham new street,25-02-2024,12:30 PM,1:50 PM,1:50 PM, On Time,,N
fb5ef2ca-2dd1-472d-9c5d,23/02/2024,12:41:11, Station,Contactless  ,, Standard,Advance  ,3.0,Manchester Piccadilly,LIVERPOOL LIME STREET,27/02/2024,11:00 AM,11:30 AM,14:13:00,DELAYED,Staff Shortage,0
614efe91-b785-48c7-9f5b,02-02-2024,8:19 PM,ONLINE,Creditcard,,Std,advance,8.0, London St Pancras,Birmingham New Street  ,2024-02-07,18:45:00,8:05 PM,None, On Time,,0
4da89ad7-174c-42fb-933a,03/05/2024,21:54:05,Station  ,Credit Card,,Std,Advance,3.0,Manchester Piccadilly,Liverpool Lime Street,2024-03-06,20:15:00,20:45:00,8:45 PM,On Time,,None
bca5e252-d115-489a-a879,2024-04-19,17:26:39,online,Contacless,,Standard  ,Anytime,5.0,Manchester Piccadilly,Liverpool Lime Street,19-04-2024,18:45:00,19:15:00,,Cancelled,,0
44ce22a4-3b5a-403c-98be,2024-02-04,6:37 PM, station, Credit Card  ,,Standard,Advance,3.0,Manchester Piccadilly  ,Liverpool Lime Street,2024-02-05,17:00:00,17:30:00,,ON TIME,,FALSE
e0f7f9d8-a381-4139-8011,2024/03/19,15:24:28,Online,CONTACTLESS  ,,Standard,Advance,-9.0,Liverpool Lime Street, Sheffield,20/03/2024,13:45:00,15:00:00,-, On Time,,no
d04d9641-d497-4a12-9cc6,16/01/2024,22:37:09,online,Contacless,Adult,Standrd,advance  ,2.00 GBP,Manchester Piccadilly,LIVERPOOL LIME STREET,2024-01-17,00:00:00,00:30:00,00:30:00,On Time,,0
62D9C0FD-45B1-4BFF-9EC0,08/02/2024,20:25:10, Online  ,Credit Card,,STANDARD  ,Advance,8.0, London St Pancras,Birmingham New Street,2024-02-15,18:45:00,8:05 PM,20:05:00,On-Time,,No
E51E68EE-6D60-48E8-BFE0,2024-03-04,1:18 AM,online,contactless  ,Disabled,standard  ,off-peak,N/A,York,Durham  ,03/04/2024,23:45:00,00:35:00,12:35 AM,On Time,N/A,false
5e76223a-6b32-471b-b6cf,2024-01-29,11:54 AM,Station,CC,,Std, Off-Peak  ,n/a,London Kings Cross,York,29/01/2024,1:15 PM,15:05:00,3:05 PM,On Time,,0
058ad2c2-900f-4018-a7ec,2024-02-14,09:55:46,Online,Creditcard,N/A,Standard, Advance  ,10000.0,manchester piccadilly, Leeds,02/17/2024,08:15:00,09:00:00,09:00:00,On Time,,No
d3e42e94-3eea-4e5f-93c5,2024-01-07,09:05:06,Online,Credit Card,, STANDARD,advance,-,York,peterborough,2024/01/08,07:30:00,08:40:00,08:40:00, On Time,,no
3BB99781-C7CC-4E24-BCA6,2024-01-28,18:24:39,Online,Credit Card,Senior,Standard, Off-Peak  ,£2.00,Manchester Piccadilly,Liverpool Lime Street,01/28/2024,18:45:00,19:15:00,,Cancelled,Staffing,FALSE
399b9252-17ee-4d6a-b357,11-02-2024,9:48 AM,Online  ,Credit Card, Adult,Standard  ,ADVANCE,5.0,london st pancras  ,Birmingham New Street,24-02-2024,08:15:00,09:35:00,09:35:00,On Time,,N
EA0DEBF7-26CD-4024-BF67,2024-01-19,10:48:27,Online,-,N/A,Std, Advance,8.0,London Paddington,reading  ,2024/01/20,9:15 AM,10:15 AM,10:15:00, on time,,N
a3a42b1b-bf7f-43d9-b63c,01/01/2024,01:10:20, Station  , contactless,,Standard,Off-Peak,10.0,LONDON EUSTON, Birmingham New Street,2024/01/01,11:30 PM,00:50:00,00:50:00,On Time,,No
d63e2164-951b-4071-9f70,22-01-2024,12:22:33,STATION,Credit Crad, adult  ,STANDARD,Advance,2.0,Manchester Piccadilly,Sheffield,23/01/2024,10:45:00,11:30:00,11:30:00, On Time,,N
33cd9298-989c-4927-9fcf,17/01/2024,00:31:25,Online,Credit Card  ,,Standrd, Off-Peak,19.00 GBP,London Paddington,Reading,2024-01-17,2:00 AM,03:00:00,03:00:00,On Time,,0
c03e5d7b276042deafb8,18/02/2024,16:08:50,station,CC,ADULT,Standard, Off-Peak,-7.0,London Euston,Birmingham New Street  ,2024-02-18,17:45:00,19:05:00,,On-Time,,No
2516892b-f0d2-4d38-8325,2024-03-02,17:47:43,Station,Credit Card,,Standard  ,Off-Peak,4.0, Manchester Piccadilly, liverpool lime street,2024/03/02,19:15:00,19:45:00,,Cancelled,Staff Shortage  ,FALSE
b5282897-9bad-42f9-842c,14-01-2024,2:01 PM,Station  ,CONTACTLESS,,Standard,Off-Peak,19.00 GBP,London Paddington  , Reading  ,2024-01-14,15:30:00,4:30 PM,16:30:00,On Time  ,,false
320be61d-d053-45b5-b2d7,2024-03-16,20:21:07,Station,Creditcard,,Standard  ,Advance  ,5.0,birmingham new street  , stafford,2024-03-17,5:45 PM,18:15:00,18:15:00,ON TIME,,no
e14ee570-f3af-4670-ab1c,2024-01-20,05:52:41,Online,CONTACTLESS  ,,standard,Advance,3.0,Manchester Piccadilly,liverpool lime street  ,01/21/2024,4:15 AM,04:45:00,04:45:00,On Time,,N
8954c1f3-30ae-40e0-b9f7,2024-01-11,02:21:52, ONLINE,Contact less,,Standard  ,OFF-PEAK  ,10.0,London Euston, birmingham new street,2024-01-11,3:45 AM,05:05:00,05:05:00,On-Time,,no
5ef5f22f-c87c-420e-bf23,31-03-2024,02:06:45,STATION,Credit Card,,Standard,Off-Peak,126.0, Manchester Piccadilly,London Euston  ,31/03/2024,3:30 AM,05:20:00,05:35:00,delayed,Weather Conditions,
441924c9-c008-4102-8b1d,16-04-2024,17:11:47,Station,Debit Crad,Adult,Std, anytime,112.0,Manchester Piccadilly,London Euston,2024/04/16,17:30:00,19:20:00,19:20:00,Delayed, Technical Issue  ,TRUE
f23d08f5-3320-4834-b4ee,2024/04/25,14:10:32,online,Contacless,, Standard,Advance,3.0,Liverpool Lime Street,MANCHESTER PICCADILLY,26-04-2024,12:30:00,13:00:00,13:00:00,On-Time,,0
af9f439c-3e70-4017-ba68,20-01-2024,12:07:29,Station  , Contactless,Senior,Std,OFF-PEAK,3.0,Manchester Piccadilly,Liverpool Lime Street,2024-01-20,13:30:00,2:00 PM,14:00:00,On Time,,N
c603cdd4-532a-4ad9-b9f4,2024-03-06,14:29:03,Online, Credit Card  ,,First Class,Advance,36.0,London St Pancras,Birmingham New Street,03/07/2024,12:45:00,14:05:00,14:05:00,On Time,,false
81BD123B-1683-47F3-996B,2024-04-14,06:36:04,Online, CREDIT CARD,Adult  ,Standrd,Off-Peak,-2.0,Manchester Piccadilly,liverpool lime street,04/14/2024,08:00:00,08:30:00,08:30:00,On Time,,N
6e0ce023-5926-4994-8c50,17-04-2024,11:02:20,Online  ,Contactless,,standard  ,Advance,None, Manchester Piccadilly,Liverpool Lime Street,04/18/2024,09:30:00,10:00:00,10:00 AM,On Time,,FALSE
cc13f63e-15e3-424a-9486,2024-01-30,06:10:24,Online,CREDIT CARD,, STANDARD,Anytime,18.0,Reading, Swindon,2024-01-30,07:30:00,08:15:00,08:15:00, On Time,,false
0335d069-a6d5-4f89-b46d,2024-01-26,05:40:46,ONLINE, Credit Card,,First Class, Advance  ,10.0,Liverpool Lime Street  , MANCHESTER PICCADILLY,01/27/2024,04:00:00,04:30:00,4:30 AM,On-Time,,FALSE
86367ed4-cbf5-45be-8f24,01/10/2024,19:14:14,online  ,None,,Standard,Off-Peak,8.0,Birmingham New Street  ,Liverpool Lime Street,10-01-2024,20:30:00,22:00:00,22:00:00,On Time,,0
14d1bb24-c951-4beb-9006,2024/04/07,15:22:29,ONLINE,CREDIT CARD,,STANDARD,Advance,3.0,Liverpool Lime Street  ,Manchester Piccadilly,08/04/2024,13:45:00,14:15:00,,Cancelled,Signal Failure,no
6466e47c-9624-4ff3-a434,2024-03-19,03:04:05,Online,CC,,Standard  ,Off-Peak,5.0,LIVERPOOL LIME STREET, Manchester Piccadilly,03/19/2024,04:30:00,05:00:00,05:00:00,On Time,,no
fcea2610-f49e-421f-9409,09/03/2024,01:10:01,Online  ,Contacless,, First Class,off-peak,-162.0,London Euston,Manchester Piccadilly,"March 09, 2024",02:30:00,04:20:00,04:20:00,On-Time,,0
873b4644-2db0-4f89-8874,13-02-2024,08:26:18,Online,Credit Card,,Standard,Advance,35.0, London Kings Cross,York,29-02-2024,07:45:00,09:35:00,09:35:00, On Time,,n/a
b65a89e5-ee7d-45df-9593,14-03-2024,16:19:05, Station  , Contactless,,Standard,Advance,35.0,London Kings Cross,York,"March 15, 2024",2:45 PM,4:35 PM,16:35:00,On Time  ,N/A,false
19e484acca7e49859309,03/12/2024,9:44 AM,Station,Credit Card,,Standard,Advance,8.0, LONDON ST PANCRAS,Birmingham New Street,2024-03-13,08:00:00,09:20:00,09:20:00,On Time,,0
d8b86d31-a390-454f-b098,06-02-2024,12:34 AM,Online,Contactless, Disabled,Standard,ADVANCE,24.0,London Kings Cross  , Edinburgh Waverley,02/09/2024,16:00:00,20:20:00,-,On Time,,No
9cc4b430-1f58-4946-ba37,01/21/2024,13:59:37,Station,n/a,,Standard,Advance,35.0,London Kings Cross,YORK,01/22/2024,12:15:00,14:05:00,14:05:00,OnTime,,No
19626f39-a2d6-4d4b-b49d,2024-04-12,5:04 PM,Online,-,Disabled,Standard  ,Advance,4.0,London Euston,Birmingham New Street,13-04-2024,15:30:00,16:50:00,16:50:00,On Time,,No
2114ff21-3671-4e03-b157,"April 03, 2024",9:59 PM,online,Credit Card,,Standrd,Advance,13.0,London Paddington,Reading,04/04/2024,20:15:00,21:15:00,21:15:00,on time,,No
E8FFBD87-D257-4846-833B,"March 12, 2024",5:14 AM,Online  ,Debit Card,,Standard,anytime,143.0,london euston,Manchester Piccadilly,2024-03-12,06:30:00,08:20:00,08:20:00,On Time,,N
c541d13f-dc4b-41a9-82cd,04/13/2024,20:10:57, Station,Contactless,,standard,advance,7.0,London Euston  ,Birmingham New Street,14/04/2024,18:30:00,19:50:00,, ON TIME,,FALSE
fe523d44-bcff-4e78-b5e9,03/14/2024,03:28:33,Online,Contactless,,Standard,Advance,8.0,YORK,Durham,03/15/2024,01:45:00,2:35 AM,,Cancelled,WEATHER,true
4957b470-ce65-4cdf-9a2b,2024/02/13,8:14 AM, online,Credit Crad, disabled  ,Std, Advance,,Birmingham New Street,London St Pancras,2024-02-19,06:30:00,07:50:00,07:50:00,ON TIME,,FALSE
82f3bdb3-72a4-437d-a7ae,04/21/2024,15:34:16, station,N/A,, Standard, off-peak,12.0,london st pancras,birmingham new street,2024-04-21,17:00:00,18:20:00,18:20:00,OnTime,,No
4b77e075-b31a-478e-bebd,"February 05, 2024",09:11:07,Station,Contactless,,standard,Advance,3.0,liverpool lime street,Manchester Piccadilly  ,2024-02-23,7:30 AM,08:00:00,08:00:00,ON TIME,,false
92a53caa-847c-4950-9dc7,24/03/2024,10:19:52,Online,Contactless,,First class ,Advance,10.00 GBP,Manchester Piccadilly  ,Liverpool Lime Street,2024/03/25,8:45 AM,09:15:00,09:15:00, ON TIME,,No
fe5df30a-2cc4-4b3a-b4d8,2024/03/11,08:11:15,ONLINE,Creditcard,,Standrd,advance,6.00 GBP,York,Doncaster,2024/03/12,06:30:00,7:00 AM,n/a,Delayed  ,STAFFING,FALSE
a6f6a234-c4d7-4d81-88fd,2024/01/18,08:00:38, online,Credit Card,Disabled,Standrd,Advance,21.0, London St Pancras  ,Wolverhampton,2024-01-19,6:30 AM,8:00 AM,08:00:00,On Time,,no
861765ea-fb18-4497-bf1d,2024-01-15,17:38:34,Station  ,Credit Card,Adult,Standard,advance,NULL,London Kings Cross  ,York,2024-01-16,16:00:00,5:50 PM,17:50:00,On Time,,0
55c1b4a1-142e-4c51-b11f,17/01/2024,05:17:57,Online,Contact less,,First Class,ANYTIME,19.0,manchester piccadilly,Liverpool Lime Street,01/17/2024,06:45:00,07:15:00,07:15:00,On-Time,,no
8d8b8246cb5f4d3b9503,01/19/2024,6:42 PM,STATION,,SENIOR  ,Std,Off-Peak,£21.00,Birmingham New Street,London Euston,01/19/2024,8:00 PM,21:20:00,21:20:00,ON TIME,,no
72a87ef8-072d-4ffc-b21c,25-04-2024,10:21 AM,Online,Credit Crad,,Standard,ADVANCE,2.00 GBP,MANCHESTER PICCADILLY,liverpool lime street,04/26/2024,08:45:00,09:15:00,9:15 AM,On Time,,No
de92738c-015f-43d0-b4b4,2024-02-02,04:52:46,online  ,Debit Card,Senior,standard,Anytime,47.0,London Kings Cross,York,2024/02/02,06:15:00,8:05 AM,08:05:00,On Time,,no
17f12f08-171a-4a02-983d,2024/03/10,10:35 PM,Station, Credit Card, disabled, Standard,Advance,2.0,liverpool lime street  ,Manchester Piccadilly  ,03/11/2024,00:00:00,00:30:00,,cancelled,Signal Failure,FALSE
efaeb1bd-8687-4b43-8141,04/06/2024,07:46:53,Online  ,Debit Crad,Senior,standard,Advance,£8.00,London Paddington, Reading,07/04/2024,06:15:00,7:15 AM,7:15 AM,On Time,,no
c7bd22e3-5631-44e4-a562,08/03/2024,05:07:11,Online,Contactless,,Standard  ,ANYTIME,70.0,LONDON KINGS CROSS,York,2024-03-08,6:30 AM,08:20:00,08:20:00,On Time  ,,No
5aad7928-1aab-4492-8711,2024/02/04,14:38:59,Station,N/A,,Standard,Off-Peak  ,£53.00,London Kings Cross  , York,"February 04, 2024",16:00:00,17:50:00,None,on time,,false
7c0035b8-0d02-4c4d-aea8,02/10/2024,15:26:44,Online, Contactless,,first class,Advance  ,£54.00,London St Pancras, Birmingham New Street,12-02-2024,1:45 PM,3:05 PM,15:05:00,OnTime,,
5f84611b-8555-44ef-a629,10/02/2024,20:27:34,ONLINE,CC,,Standard,Advance,£13.00,London Paddington,Reading,02/15/2024,18:45:00,19:45:00,n/a,On-Time,,N
5f2d9e66-07ac-438a-bda2,18-02-2024,12:32 AM, online,credit card  ,None, Standard,OFF-PEAK,£128.00,Manchester Piccadilly  ,London Paddington,18-02-2024,2:00 AM,04:15:00,n/a,On Time,,FALSE
dc5faeff-5d92-479e-bca4,03/22/2024,14:25:04,Station,Contactless,,First Class, OFF-PEAK,£86.00, london kings cross  ,YORK,22-03-2024,15:45:00,5:35 PM,17:35:00, On Time,,N
A09AAA5E-EB13-446C-9A49,"January 19, 2024",07:23:14,online,Credit Card,,Standard,anytime,35.0,london paddington  ,Oxford,19-01-2024,07:45:00,9:15 AM,09:15:00,On Time,,0
1ccc7322-2a81-48ab-bcdf,2024-03-05,8:25 PM,Online,Credit Card,,standard,Advance  ,8.0, London St Pancras,Birmingham New Street,"March 06, 2024",18:45:00,20:05:00,,Cancelled,signal failure,No
6a29bc51-14d2-405b-8b37,03/02/2024,6:30 AM,Station,Credit Card,Adult,standard,Advance  ,50.0,Liverpool Lime Street, London Euston,2024-02-07,5:00 AM,7:15 AM,,Cancelled  , technical issue,Y
06c03ab6-0283-4566-b86d,2024-02-21,20:29:31,Station,Contactless,,Standard,Advance,35.0,London Kings Cross,york,24-02-2024,17:45:00,19:35:00,19:35:00,On Time  ,,no
a6caf4cd-3759-4970-bc78,2024-01-26,10:44 AM,Station,CONTACTLESS,adult, First Class,advance,6.0,Manchester Piccadilly, Liverpool Lime Street,02/06/2024,09:00:00,09:30:00,N/A,Delayed, SIGNAL FAILURE,no
8b848994-4576-4d91-8dfd,2024-02-03,05:01:08,ONLINE,CREDIT CARD,,standard,Advance,3.0, Liverpool Lime Street,Manchester Piccadilly,08-02-2024,03:30:00,04:00:00,04:00:00,On Time,None,0
ee0ca98f-c1f3-49d0-821e,2024-02-23,09:38:11,Station,None,,First Class,Advance,£118.00,Liverpool Lime Street,london euston,2024-02-25,8:00 AM,10:15:00,11:10 AM,Delayed,Weather,no
a078aaff-4915-435c-a626,27-03-2024,17:20:28,Online,Credit Card,,first class,ANYTIME,21.0,Birmingham New Street,Tamworth,2024-03-27,18:45:00,19:05:00,7:05 PM,On Time,,FALSE
9855bfae-e376-4dd0-b61a,02/10/2024,06:00:12,ONLINE,NULL,,Standard,OFF-PEAK,53.0,London Kings Cross,York,10/02/2024,07:30:00,09:20:00,09:20:00,On Time,,0
3184919f-4817-4197-8937,27-03-2024,01:17:50,ONLINE,Contactless,-,Standard,Advance,5.0, YORK  ,Durham,03/28/2024,11:45 PM,00:35:00,N/A,On Time  ,,false
52864bce-ae31-43ff-879b,23-04-2024,14:35:30,Station,CC,Adult,STANDARD,Anytime,47.0, London Kings Cross,York,23-04-2024,4:00 PM,5:50 PM,17:50:00,on time  ,,no
7638725a-b54b-42c4-a2db,20-02-2024,11:43 AM, Online,Contactless,,Standard,Off-Peak,35.00 GBP,york,Edinburgh Waverley,02/20/2024,1:00 PM,15:30:00,3:30 PM,ON TIME,,No
9b58693f-cdac-459d-970a,02/07/2024,9:31 PM,Station,credit card,,standard,Advance,, london paddington,reading,2024/02/08,20:00:00,21:00:00,21:00:00, On Time,,No
0067D8F1-FFC7-409A-9849,2024-01-08,09:11:00,STATION,Contactless,,Std, Advance,3.0, LIVERPOOL LIME STREET  , manchester piccadilly,01/09/2024,7:30 AM,08:00:00,08:00:00,on time  ,,No
069655a3-bc44-4176-8bb1,01/02/2024,20:21:07,Online,Creditcard,, Standard,advance  ,8.0,London St Pancras,Birmingham New Street,2024-02-02,18:45:00,20:05:00,,cancelled,Signal failure,0
d003978c-6b40-48ab-a3b1,08-04-2024,01:27:57,Online,Contact less,disabled  ,STANDARD,OFF-PEAK,8.0, York,Durham,04/08/2024,11:45 PM,00:35:00,12:35 AM,On Time,,No
ec69138d-6f2c-4d5b-8ec0,2024-03-27,11:52:07,STATION,Credit Card  ,,STANDARD,Advance,,MANCHESTER PICCADILLY,Liverpool Lime Street,28-03-2024,10:15:00,10:45 AM,10:45 AM,On Time,,no
eaf4091f-e6ef-4dfd-b814,2024-01-24,07:52:26,ONLINE, Credit Card, Senior,Standard,Advance  ,2.0,Manchester Piccadilly, Liverpool Lime Street,"January 25, 2024",06:15:00,06:45:00,06:45:00,OnTime,NULL,false
A6A2892F-567E-4D37-8AE8,"January 25, 2024",6:29 AM,Online  ,Contactless,, Standard,Advance,3.0,Manchester Piccadilly,LIVERPOOL LIME STREET  ,2024/02/01,04:45:00,5:15 AM,05:15:00,On Time,,N/A
b63e157f-1244-4268-a41c,21-03-2024,1:18 AM,STATION,credit card,,Std,Advance,3.0, Liverpool Lime Street,Manchester Piccadilly  ,22/03/2024,23:45:00,00:15:00,00:15:00,On Time,,No
2A71EC34-B14B-4E86-B28A,2024/01/25,04:52:48,Online  ,Debit Crad,Senior,Standard,anytime,17.0,London Paddington,reading,01/25/2024,06:15:00,7:15 AM,07:15:00,On Time  ,n/a,N
a1684878-87ac-4390-ac87,"March 16, 2024",17:33:37,Station,Credit Card,Adult,Std, advance,4.0,London Euston  ,Birmingham New Street,2024-03-17,16:00:00,17:20:00,5:20 PM,OnTime,,N
600cbebb-fc47-478c-9618,16/04/2024,12:15:10,Online,Contactless,,Standard,Off-Peak,-128.0,Manchester Piccadilly,London Paddington,2024-04-16,1:45 PM,16:00:00,16:00:00,On Time,,0
cf507e8b-69c6-4097-ae18,"January 18, 2024",5:27 PM, Online,,Disabled,STANDARD  ,Advance,4.0,london euston,Birmingham New Street,2024-01-19,15:45:00,17:05:00,17:05:00, ON TIME,,N
55a53e39-43a7-4242-8cbf,14/03/2024,1:16 AM,Online,Credit Card,senior, Standard,Off-Peak,7.0,LONDON EUSTON,Birmingham New Street,2024/03/14,23:45:00,1:05 AM,01:05:00,On Time,,FALSE
cc742a5e-bce6-440e-96f1,2024-01-13,05:11:37,online,Credit Card,,Standard,Off-Peak,10.0,London Euston,birmingham new street,13/01/2024,06:30:00,07:50:00,07:50:00,On-Time,n/a,FALSE
a7c74878-4758-45bf-9144,2024/01/17,14:13:15,Station,Contact less,,STANDARD  ,Off-Peak  ,19.0,London Paddington,Reading,2024-01-17,15:30:00,16:30:00,16:30:00,on time,,no
792a47ab-c0b7-4e58-a433,2024-03-27,17:14:20, Station,Contactless,Adult,Standard,Anytime,26.0,birmingham new street  ,York,03/27/2024,18:30:00,20:15:00,n/a,On Time  ,,
934ab249-9ee1-4ed9-b993,12/04/2024,09:07:26,Online,Creditcard,,Standard,Advance,35.0,London Kings Cross,york  ,13/04/2024,7:30 AM,09:20:00,09:20:00,On Time,,No
970abe11-6f3c-4a2b-a416,02/04/2024,09:44:24,Station,Credit Card,, Standard  ,Advance,72.0,LONDON EUSTON,Manchester Piccadilly,04/03/2024,8:00 AM,09:50:00,9:50 AM,on time  ,NULL,false
144a0788-9384-4d7b-96d9,2024/02/15,12:31:47,STATION,credit card,,Standard,Off-Peak,19.0,london paddington, Reading  ,2024-02-15,2:00 PM,15:00:00,3:00 PM,On Time,,N
333ae356-1cf0-4669-a22e,2024/01/15,09:44:50,STATION,None,,First Class,Advance,57.0, london kings cross,York,2024-01-16,08:00:00,09:50:00,9:50 AM,on time,,No
f340815c-1d32-4680-83b7,29/04/2024,07:57:57, Station,Contactless,,STANDARD  ,Advance,£3.00,Manchester Piccadilly,Liverpool Lime Street,2024/04/30,06:15:00,6:45 AM,6:45 AM,OnTime,,false
c9146b69-a43f-4ee8-ad49,03-03-2024,07:26:19,Online  ,Credit Card,,Standard,Off-Peak,26.0,LONDON PADDINGTON,Oxford,2024/03/03,07:45:00,9:15 AM,09:15:00, On Time  ,,no
da3c4c0c-4426-4e1c-a28a,26-01-2024,00:48:39,Online,CONTACTLESS,Adult  ,Standard, Off-Peak,13.0,London Paddington,Reading,"January 26, 2024",02:15:00,3:15 AM,03:15:00, On Time,,N
1a7b10bd-c01c-444b-b7f7,"March 13, 2024",16:26:38, Station,Credit Card,,STANDARD,Anytime,-13.0,London Euston,birmingham new street,2024-03-13,17:45:00,7:05 PM,19:05:00, On Time,,No
01d397c9-3ca9-4843-9de8,04-04-2024,20:35:02,Online,CONTACTLESS,,first class  ,Off-Peak,£41.00, London Paddington,reading,2024-04-04,10:00 PM,11:00 PM,23:00:00,On Time,,FALSE
D786D4E5-937C-428B-A947,01/11/2024,08:05:22,Online,Credit Card,,FIRST CLASS,Advance,,London Euston  ,Birmingham New Street,2024-01-12,06:30:00,7:50 AM,,Cancelled,Staff Shortage,false
6c5f01bf-a21a-4933-919c,2024-01-23,22:41:41,Online,Credit Card,Senior,First Class,Advance,7.0,Liverpool Lime Street,MANCHESTER PICCADILLY,2024/01/24,12:00 AM,00:30:00,00:30:00,on time,,No
0277186e-0c2a-43e1-bb35,2024/03/17,06:20:56,Online,CREDIT CARD  ,,First class ,ADVANCE,57.0,London Kings Cross,York,2024-03-18,4:45 AM,06:35:00,,on time,,No
1b2e4987-7c20-4918-95b7,2024-03-17,22:43:19,ONLINE  ,Contactless,adult  ,Std,Advance  ,2.0,Manchester Piccadilly  ,Liverpool Lime Street  ,2024-03-18,12:00 AM,00:30:00,00:30:00,On Time  ,,No
ba4ebc49d894437e8055,05/02/2024,10:42:19, Online  , Contactless  ,,STANDARD,OFF-PEAK,5.0,Liverpool Lime Street,Manchester Piccadilly,2024-02-05,12:00 PM,12:30:00,12:30:00,OnTime,,No
ef76289f-b9e1-4e17-ad27,01/23/2024,19:32:54,Online,Credit Card,Disabled,Standrd,Advance,5.0, london st pancras,Birmingham New Street,2024-01-24,17:45:00,7:05 PM,19:05:00,On Time  ,,FALSE
0241e1f8-99fe-416a-b645,29-01-2024,18:03:59,station,Contact less,Adult,Standrd,Advance,6.0,Liverpool Lime Street,Sheffield,30/01/2024,16:30:00,5:45 PM,17:45:00,On-Time,,FALSE
fe162b1f-226e-4e42-be69,07/02/2024,08:28:18,Station  ,Contactless,Adult,Standrd,Advance,23.0, london kings cross  ,York  ,02/08/2024,06:45:00,8:35 AM,08:35:00,ON TIME,,N
f98bc6b0-285b-4f50-bc92,03/26/2024,13:40:34,Online,Contactless,,Standrd,Advance,£8.00, London St Pancras, Birmingham New Street,03/27/2024,12:00:00,13:20:00,13:20:00,OnTime,,N
5696DD25-13A4-4CCA-B43C,2024-01-16,05:25:17,Station,,,Standard,Anytime,,Liverpool Lime Street,Manchester Piccadilly,01/16/2024,6:45 AM,07:15:00,,CANCELLED,Traffic,0
694b57ef-84fc-4e71-8851,2024/03/18,5:56 PM,Online,Contact less,Adult,first class,Advance  ,£6.00,Manchester Piccadilly, Liverpool Lime Street,"March 19, 2024",4:15 PM,16:45:00,16:45:00,on time,n/a,FALSE
1dedac5d-b0df-474b-841c,2024-02-02,10:25:42,station,Contactless,,Standard,Off-Peak  ,10.0,London Euston,Birmingham New Street,02/02/2024,11:45:00,13:05:00,13:05:00,On Time,,no
3E688984-23B6-4865-A5C4,14/03/2024,15:05:26,Online,Contactless,Adult  ,Standard,Advance,5.0,London St Pancras,Birmingham New Street,15/03/2024,13:30:00,14:50:00,n/a, On Time,,0
537923d7-416b-4b19-96de,04/17/2024,05:35:01,Station,Contactless,Adult,Standard, Anytime,3.0,Manchester Piccadilly  , liverpool lime street,2024-04-17,07:00:00,07:30:00,07:30:00,On Time,,no
0fea137a-58d8-4d2e-b929,2024-03-10,3:45 PM,station,Contactless,,standard,Off-Peak,12.0,London St Pancras,Birmingham New Street,03/10/2024,5:15 PM,18:35:00,-,OnTime,,No
63199277-8106-4960-a845,2024/04/23,11:10:39,Online,CONTACTLESS,,STANDARD  ,Off-Peak,5.0, LIVERPOOL LIME STREET, manchester piccadilly,2024-04-23,12:30:00,13:00:00,13:00:00, ON TIME,,0
e0aefeabb6f946348c9d,2024-01-10,9:53 PM,Online,Credit Card  , Adult,Std,advance,8.0,LONDON PADDINGTON,Reading,01/11/2024,8:15 PM,21:15:00,21:15:00,OnTime,,FALSE
d1cc4da1-04ba-4157-a641,2024/02/09,04:04:46, Online,,, Standard,advance,72.0, London Euston,Manchester Piccadilly,"February 10, 2024",02:30:00,04:20:00,4:20 AM,On Time,,0
245f3f7a-59db-4ed7-8686,27/04/2024,17:49:19,Online, Contactless, adult, STANDARD,Advance,16.0, London St Pancras, leicester,2024-04-28,4:15 PM,5:15 PM,17:15:00,On Time,,FALSE
7073e5ee3d394b81b010,2024-04-20,5:15 PM,Station, Contactless,N/A,Standard,Advance,£35.00, LONDON KINGS CROSS,YORK,2024-04-21,15:45:00,17:35:00,17:35:00,On Time,,N
c09686fc-4165-48a5-8d14,2024/03/15,17:21:52,online  ,Contactless,,Std,Anytime,-5.0,Manchester Piccadilly,Liverpool Lime Street,2024-03-15,6:45 PM,7:15 PM,19:15:00,On Time,,0
6fa9a11a-37e0-4f50-8302,03/31/2024,17:15:15,Online,N/A,,Std,Off-Peak,£12.00,LONDON ST PANCRAS, Birmingham New Street,2024-03-31,18:45:00,20:05:00,8:05 PM,On Time  ,,false
fb59a6c4-ab2b-4e27-8316,25-01-2024,17:32:30,Station, Debit Card,N/A,Standard,Advance,4.0,London Euston,BIRMINGHAM NEW STREET,2024-02-01,4:00 PM,17:20:00,17:20:00, On Time,,N
31409fb0-b9c9-4b47-af77,2024-04-17,8:23 PM,Online,Creditcard,,Standard,Advance,7.0,BIRMINGHAM NEW STREET,Nuneaton,2024-04-18,6:45 PM,19:05:00,19:05:00,OnTime,,No
d8b333579dde47eca4ae,01/04/2024,8:02 AM,online,Debit Card,,Standard,Advance,72.0,London Euston,Manchester Piccadilly,2024/01/05,6:30 AM,08:20:00,NULL,OnTime,,N
dd4d4ea6-7620-4bdd-896b,2024-03-30,6:06 AM, online,Credit Card  ,n/a,Standard, off-peak,8.0, York,doncaster,2024-03-30,07:30:00,08:00:00,08:00:00,ON TIME,,N
6fc483600fb74abe8b68,19/02/2024,17:22:05,Online,Credit Crad,,Std,anytime,16.00 GBP,London St Pancras,Birmingham New Street,2024/02/19,18:45:00,20:05:00,8:05 PM,On Time  ,,false
63700099-04b1-4574-b4a7,2024-04-18,09:41:25,Online,Contacless,,Std, ADVANCE,6.0,reading,oxford,2024-04-19,08:00:00,08:25:00,8:25 AM,On Time,,None
2158bb18-5296-403a-bbd4,2024-04-19,04:53:18,Station,CREDIT CARD,,Standard,Advance,13.0,London Paddington,Reading,20-04-2024,03:15:00,04:15:00,04:15:00,On Time,,0
eb536575-25a5-4330-9c1f,23-02-2024,20:29:18,Online  ,Credit Card,,Std,Advance,5.0,Birmingham New Street,stafford,26-02-2024,18:45:00,7:15 PM,19:15:00,OnTime,,No
d2351822-c81c-4928-b83f,09-01-2024,21:49:40,Station,Credit Card,,Standrd,Advance,3.0, Manchester Piccadilly  ,LIVERPOOL LIME STREET,01/10/2024,20:15:00,20:45:00,, On Time,,0
ced32640-f72b-49dc-ad28,09-02-2024,19:34:35,ONLINE,credit card,SENIOR  ,Standard,ADVANCE,2.0,Manchester Piccadilly,Liverpool Lime Street,02/22/2024,18:45:00,19:15:00,19:15:00,ON TIME,,No
01745e46-c783-4203-94fc,04/06/2024,13:14:37,Station,Credit Card,,Standard,Off-Peak,19.0,London Paddington,Reading,04/06/2024,14:30:00,15:30:00,15:30:00,On Time  ,,false
32662d90-5e35-4b05-99a8,01/22/2024,10:01 PM,STATION,Contactless,, First Class,Advance,NULL,Liverpool Lime Street,Manchester Piccadilly,01/23/2024,8:30 PM,21:00:00,21:00:00, On Time,,false
e69fa9851ebd47beb18f,02/02/2024,09:33:23,Online,Contacless,,Standard,advance,13.0,London Paddington,Reading,13/02/2024,08:00:00,9:00 AM,09:00:00,On-Time,,No
945d596b-6917-4f5d-b89a,2024-04-06,13:15:42,station,Credit Card,,standard,Off-Peak,35.0,York, Edinburgh,06/04/2024,14:45:00,17:15:00,17:15:00,On Time,,N
57E622D3-8F5E-4D58-BA72,2024-01-31,14:42:49,STATION,Debit Card,disabled,Standard,Anytime,9.0,London Euston, Birmingham New Street,2024/01/31,16:00:00,5:20 PM,5:20 PM,OnTime,,
7fdad2f6-7596-4d6e-8eab,2024/04/19,22:43:20,Online,CREDIT CARD,Senior,Standrd,Advance,2.0,Liverpool Lime Street,Manchester Piccadilly,20-04-2024,00:00:00,00:30:00,00:30:00,OnTime,,N
07ee9c2e-e1fb-4ccb-9e58,02-02-2024,8:23 AM,Online,Credit Card,,standard,Advance,13.0,London Paddington,Reading,28-02-2024,07:45:00,08:45:00,8:45 AM,On Time,,N
c6520c8d-61bd-4b51-81e7,03/04/2024,8:05 PM,ONLINE,Credit Card, Adult,Standrd,Advance,-,Liverpool Lime Street,MANCHESTER PICCADILLY,2024-03-05,18:30:00,19:00:00,19:00:00,OnTime,,No
7d9288ab-f809-444c-8c3b,2024-02-22,09:32:45,station, Credit Card,,First Class,Advance,55.0,Birmingham New Street,London Euston,2024-02-27,8:00 AM,09:20:00,09:56:00,Delayd,WEATHER,FALSE
87d7ac1a-ce72-4b7b-899e,2024-02-04,06:36:03,Station,Credit Card,,Standard,ADVANCE,8.0, london st pancras,Birmingham New Street,2024-02-05,5:00 AM,6:20 AM,06:20:00,On Time,,No
38cac354-e3a7-48cb-a824,12/02/2024,18:56:25,Station,CONTACTLESS  ,,Standrd,Advance,3.0,liverpool lime street,Manchester Piccadilly,2024-02-13,17:15:00,17:45:00,5:45 PM,On Time,,N
2ec9eb58-13da-48b6-bacb,11/01/2024,21:33:55,STATION,credit card  ,,standard,Advance,13.0,LONDON PADDINGTON,Reading,12/01/2024,8:00 PM,21:00:00,9:00 PM,on time,,No
0c315bfe-5a04-4dd6-837b,2024/01/22,01:37:37,STATION,contactless,,Standard  ,Advance,8.0,London St Pancras,Birmingham New Street,23-01-2024,00:00:00,01:20:00,01:20:00,On Time,,0
85463a0e-faae-4493-ba45,2024-01-08,11:56:29, ONLINE,Credit Crad,,Standard,Off-Peak,10000.0,LONDON EUSTON,Birmingham New Street,01/08/2024,13:15:00,14:35:00,14:35:00,ON TIME,,false
b0c6902b-387c-4c56-985f,25/03/2024,7:32 PM,Station,Credit Card,,Standard,Advance,5.0,Birmingham New Street,TAMWORTH  ,2024-03-26,5:45 PM,18:05:00,6:05 PM,ON TIME,,N
b54823b3-dadf-4fbd-bdc7,2024-01-13,2:53 PM,Station,Contact less,Senior,Standard,advance,2.00 GBP,Manchester Piccadilly  ,Liverpool Lime Street  ,14-01-2024,13:15:00,13:45:00,13:45:00,ON TIME,,0
db1199dc-cd2e-4c39-becc,"January 29, 2024",01:09:12,Online  ,Credit Card,,Standard  ,advance  ,3.0,liverpool lime street  ,Manchester Piccadilly,01/30/2024,23:30:00,00:00:00,,CANCELLED,Traffic,TRUE
FCC5B804-D138-4B89-BE4F,03/05/2024,14:25:13,ONLINE, Credit Card,,First class ,Off-Peak,15.0,liverpool lime street,manchester piccadilly,05/03/2024,15:45:00,16:15:00,,Cancelled  ,Traffic,No
363fe271-a829-4b9c-b1c6,2024-02-06,21:39:13,Station,CREDIT CARD,,standard,Advance,13.0,London Paddington,READING,02/07/2024,20:00:00,9:00 PM,21:00:00,OnTime,,FALSE
23CF801A-9779-44D7-9FCC,2024-01-26,02:13:58,station,Contactless,N/A,Standrd,Advance,3.0,LIVERPOOL LIME STREET,Manchester Piccadilly,01-02-2024,00:30:00,1:00 AM,1:00 AM,on time,,FALSE
bad3731b-521b-4ec3-bba1,02/15/2024,8:26 PM,Station,Contactless,,Standard,Advance,8.0,London St Pancras,Birmingham New Street,02/16/2024,6:45 PM,20:05:00,20:05:00,On Time,n/a,0
32177b91-3108-4f8d-9427,03/05/2024,04:19:00,Station,Credit Crad,,Standrd,Advance,35.0,London Kings Cross,YORK,03/06/2024,02:45:00,04:35:00,, Cancelled,Signal Failure  ,Yes
cf2ba5c1-ded5-4bdc-96ca,2024-02-08,09:42:50, Station,credit card,,Standard,advance,76.0,Liverpool Lime Street,London Euston,09/02/2024,08:00:00,10:15:00,10:45:00, Delayed,Weather,false
9e856ab2-8895-49f2-ae9a,2024/01/14,10:54:40,Online  ,Credit Card,,Std,advance  ,13.0, LONDON PADDINGTON,READING  ,2024-01-15,9:15 AM,10:15:00,10:15:00,On Time,None,N
dd7484e7-d25b-48fd-960c,2024/04/02,2:43 AM,Online  ,,,Standard, off-peak,NULL,Manchester Piccadilly  ,Liverpool Lime Street,2024-04-02,04:00:00,4:30 AM,4:30 AM,On Time,,no
f4ca268d-7b26-469b-9a65,2024-01-10,8:03 AM, ONLINE,contactless,Senior,Standard, ADVANCE  ,N/A, birmingham new street  ,London St Pancras,11-01-2024,06:30:00,7:50 AM,07:50:00,On-Time,,FALSE
07b6c3bd-e0db-4047-9021,2024-04-12,00:55:42,Online,Credit Card,,STANDARD, Off-Peak,-10.0,London Euston, birmingham new street,12/04/2024,02:15:00,03:35:00,,Cancelled  ,Traffic  ,true
4ec5ebba-9027-4f7b-89e4,03/04/2024,16:40:15,Station  ,CC,, Standard,Anytime,16.0,London St Pancras,Birmingham New Street,2024-03-04,18:00:00,19:20:00,19:20:00, ON TIME,,0
94054bcf-67d6-4dc1-bae1,28-04-2024,20:30:48,STATION,Contactless,,Standrd,Advance,£35.00, London Kings Cross  ,YORK  ,29-04-2024,17:45:00,19:35:00,7:35 PM,On Time,,no
73725f7b-98ac-4ab8-a1e2,10-02-2024,7:44 PM,Station,credit card,, Standard, advance,3.0,Manchester Piccadilly,LIVERPOOL LIME STREET,2024-02-24,5:45 PM,18:15:00,None,on time  ,,N
410CC702-4FBB-4DD8-BB3E,04/21/2024,20:24:43,Online,Credit Card,, Standard, Advance,5.0,birmingham new street  , Stafford,04/22/2024,18:45:00,19:15:00,19:15:00,On Time  ,,N
2ab2a972-4945-425c-abb5,01/23/2024,17:18:50, Online,-,n/a,Standard,Anytime,n/a,London St Pancras, Birmingham New Street,01/23/2024,18:45:00,20:05:00,8:05 PM,ON TIME,,false
660341cb-8afd-4e7f-85af,04/03/2024,17:27:27, Online,Contactless  ,,standard, Advance,n/a,MANCHESTER PICCADILLY  , Liverpool Lime Street,2024/04/04,3:45 PM,16:15:00,16:15:00,On Time,,N
eff7119e-72ef-45ac-8367,17/02/2024,03:26:37,Online  ,N/A,,standard,Advance  ,35.0,London Kings Cross,York,23/02/2024,1:45 AM,03:35:00,3:35 AM, On Time,,N
9746d277eb6a49228fc5,2024-01-13,00:06:28,Station,Credit Card,,Standard,Off-Peak  ,£10.00,London Euston,Birmingham New Street,13-01-2024,10:30 PM,23:50:00,23:50:00,OnTime,,No
85ad996b-d110-4c32-b165,2024-02-03,12:20 AM,Online, Credit Card,,STANDARD,Off-Peak,-,OXFORD,Bristol Temple Meads,2024-02-03,01:45:00,03:00:00,03:00:00,On Time,NULL,No
6DA0D080-AD18-4644-A488,2024-04-08,07:55:23, Online,Credit Card,,First class ,Advance,10.0,Liverpool Lime Street,MANCHESTER PICCADILLY,09-04-2024,06:15:00,06:45:00,06:45:00,ON TIME,,false
4e99c707-b97d-4839-b45a,2024-04-20,12:07:39,Online,credit card,,Standard,ADVANCE  ,7.0, london euston,Birmingham New Street,21-04-2024,10:30:00,11:50 AM,11:50 AM, ON TIME,,0
c329cc61-a79a-4a8c-91ea,12-01-2024,23:06:44,Online,Contactless,,Standard  ,Advance,35.0,London Kings Cross,york,2024-01-13,00:30:00,02:20:00,,Cancelled, traffic,0
8d0acc2d-d37e-43a0-91dd,31/01/2024,14:31:37,Station  ,CREDIT CARD,Adult  ,Standard,Anytime,9.0,London Euston,Birmingham New Street,"January 31, 2024",16:00:00,17:20:00,17:20:00,ON TIME,,false
15e9c253-f2ce-4194-8a73,"February 02, 2024",12:35:01,Online,Contactless,,Standard,Advance,4.0,MANCHESTER PICCADILLY,Sheffield,03/02/2024,11:00 AM,11:45:00,11:45:00,On Time,,0
8705377c-ad51-40e0-a3da,20/02/2024,08:23:38,Online  ,NULL,,Standard,advance,18.0,London Paddington,Oxford,23-02-2024,7:45 AM,09:15:00,09:15:00,on time  ,n/a,no
6988aa75-059d-4bf3-a591,02/01/2024,04:53:39,ONLINE,None, Senior, Standard,Anytime,17.0,London Paddington  ,reading,2024-02-01,06:15:00,07:15:00,07:15:00,On Time,,false
8d509585-4ce2-4b7b-8ac2,"April 04, 2024",21:59:35,Station  ,Credit Card,None,First Class  ,advance,27.0,London Paddington,Reading,04/05/2024,20:15:00,9:15 PM,9:15 PM,On Time,,No
a7b84179-f36a-4213-a168,16/02/2024,12:38 AM,Online  ,Credit Card,,STANDARD,OFF-PEAK,5.0, Liverpool Lime Street  , manchester piccadilly,2024/02/16,02:00:00,02:30:00,2:30 AM,On Time,,FALSE
da6e633f-f323-482a-aa59,19/04/2024,1:43 PM,Station,DEBIT CARD,NULL,Standard,Off-Peak,10.0,London Euston,Birmingham New Street,19-04-2024,15:00:00,16:20:00,16:20:00,On Time,,false
3b55a7d7-a363-404b-b583,07-01-2024,3:38 AM, Online,Credit Card,,Standard,Advance,£8.00, LONDON ST PANCRAS,Birmingham New Street,2024-01-08,2:00 AM,03:20:00,03:20:00, on time  ,,None
79c26750-1d81-4343-b5fc,03/07/2024,7:39 PM,STATION,CREDIT CARD,, STANDARD,advance,£4.00,London Euston, Birmingham New Street,2024-03-08,17:45:00,19:05:00,7:05 PM,On Time,,no
ce618599-cf98-4e7b-9e5f,"April 06, 2024",17:28:51,Online,Credit Card,,Standard,Off-Peak,10.0,birmingham new street, Nuneaton,2024-04-06,18:45:00,19:05:00,7:05 PM,OnTime,,false
b8f33484-f1b6-4c98-8b65,2024-04-23,2:03 PM,Online  ,CREDIT CARD,DISABLED,STANDARD,Off-Peak,,London Euston,birmingham new street,2024/04/23,15:30:00,16:50:00,16:50:00,ON TIME  ,,false
ca6812e3-b637-4e88-82f6,2024/02/04,9:30 AM,Station,Credit Card,,Standard,Advance,76.00 GBP,Liverpool Lime Street  ,LONDON EUSTON  ,02/09/2024,08:00:00,10:15 AM,10:45:00,Delayed,Weather,no
a6f6a234-c4d7-4d81-88fd,18/01/2024,08:00:38,Online,Credit Card,DISABLED, STANDARD,ADVANCE,21.0,London St Pancras,Wolverhampton,01/19/2024,06:30:00,08:00:00,8:00 AM,ON TIME,,false
74108a8c-4d2f-4e68-bfcc,2024-02-29,05:04:28,Station,Creditcard,,Standard,Anytime,16.0,London St Pancras,birmingham new street,2024-02-29,06:30:00,7:50 AM,NULL, on time,,No
0B5C23C9-4E03-46AA-B6C2,03/11/2024,08:14:26,Online,-,,First Class,Off-Peak  ,14000.0,Manchester Piccadilly, Liverpool Lime Street,11-03-2024,9:30 AM,10:00 AM,10:00:00, On Time,,0
097488bf-8401-4a51-b855,2024/04/21,04:01:10,ONLINE,contactless,,Standard,Off-Peak,107.00 GBP,London Euston,manchester piccadilly,21-04-2024,05:30:00,07:20:00,07:20:00,on time,,false
2dbe29aa-ff11-4a2a-9930,"April 03, 2024",10:48:05,station,Contactless, Adult  ,Standard,Off-Peak,-,London Kings Cross,York,2024/04/03,12:15:00,14:05:00,2:05 PM,On Time  ,,false
58378EB4-FCAB-4344-A6CB,2024-02-08,7:39 PM,Station,Credit Card,Adult,Standard,ADVANCE,,London Euston,birmingham new street,2024-02-21,17:45:00,19:05:00,19:05:00,On Time,,no
d459046c-4ec7-4dff-9ffc,2024-04-25,3:21 PM,Station, Credit Card,,standard,Advance,9.0,LIVERPOOL LIME STREET,SHEFFIELD,26-04-2024,13:45:00,15:00:00,15:00:00,On Time  ,NULL,N
86a79ccb-c07f-4b44-907a,"April 22, 2024",09:33:47,Station,Credit Card,NULL,Standard,Advance,£76.00,LIVERPOOL LIME STREET,London Euston,23-04-2024,08:00:00,10:15:00,11:07:00,DELAYED,n/a,FALSE
ff32f67f-4f15-4198-9db2,16/04/2024,22:43:48,ONLINE, Credit Card,N/A,FIRST CLASS,ADVANCE,7.0,Liverpool Lime Street,Manchester Piccadilly,17-04-2024,00:00:00,12:30 AM,00:30:00, ON TIME,,false
c9b4b0da-5e58-4825-a3d8,02/16/2024,06:36:54,Online  ,CREDIT CARD,,Standard,Anytime,95.0,LONDON EUSTON,Manchester Piccadilly,16-02-2024,8:00 AM,9:50 AM,09:50:00,On Time,,no
4e71ba84-1ad4-4671-b32a,"April 16, 2024",17:21:08,Online  ,credit card,,First Class,Anytime,-107.0, London St Pancras  ,BIRMINGHAM NEW STREET  ,2024/04/16,18:45:00,8:05 PM,20:05:00,On Time,,No
BE65F4C5-F187-4E31-954C,02/03/2024,09:00:33, Online,Credit Card,,Std,Advance,35.0,london kings cross,York,02/04/2024,07:30:00,09:20:00,09:20:00,OnTime,,0
2aa6cc15-7b29-4002-b500,"January 28, 2024",18:10:00,Online,Credit Card  ,Senior,standard,Off-Peak  ,23.0,London St Pancras  ,Leicester,28-01-2024,18:45:00,19:45:00,19:45:00,On-Time,,no
67CE410F-0D1F-4CD6-9221,2024-03-03,14:58:52, Station  ,Contactless,n/a,standard  ,Advance,,Manchester Piccadilly,Liverpool Lime Street  ,2024/03/04,13:15:00,13:45:00,13:45:00,On Time,,no
e9c90aec-9847-489a-80fe,28/04/2024,10:22:07, Station,credit card  ,,Standard  ,Advance,4.00 GBP,London Euston  ,Birmingham New Street,2024-04-29,09:45:00,11:05 AM,11:05:00,On Time,,no
48cdb657-98d0-483d-9f99,2024-04-03,8:15 PM,online,Debit Card,senior,Standard,Advance,3.0,reading  ,Didcot,2024/04/04,6:45 PM,7:00 PM,19:00:00,On Time,,0
a362f516-db80-47fa-bbd9,02/20/2024,14:49:47,Station  ,Contactless,SENIOR,Std, Advance,£2.00,Manchester Piccadilly,Liverpool Lime Street,"February 26, 2024",13:15:00,13:45:00,13:45:00,on time,,N
8BCD433F-B048-403D-AADF,04/11/2024,3:11 PM,Online, contactless,-,First Class, Anytime,£27.00, Liverpool Lime Street,leeds,11-04-2024,16:30:00,6:00 PM,18:00:00,On Time,,No
a32c3562-72e8-4a32-867f,2024-03-27,04:49:56,ONLINE,DEBIT CARD, senior,STANDARD,Anytime,17.0,London Paddington,Reading,2024-03-27,06:15:00,07:15:00,n/a,On Time,,0
602796f5-c021-4c16-8b2f,2024-01-08,08:22:48, Online  ,Creditcard,,Standard,Advance,13.0,London Paddington  ,reading,09/01/2024,07:45:00,08:45:00,, Cancelled,staff shortage,No
0f48ec34-6acf-49b2-8450,2024-01-19,9:32 AM,station,CC,,Standard,advance,76.0, Liverpool Lime Street,London Euston,01/20/2024,08:00:00,10:15 AM,11:04:00, Delayed,Weather,No
cf7743ef-5f7f-4708-bee5,21-02-2024,14:39:26,Station  ,Credit Card,,Standard,Anytime,16000.0,London St Pancras,birmingham new street,02/21/2024,16:00:00,17:20:00,17:20:00,ON TIME,,no
816fde8b-c2c1-4517-ae23,2024-04-16,7:23 AM,Online  ,CREDIT CARD,,Standard,Anytime,35.0,London Paddington  ,Oxford,16/04/2024,07:45:00,09:15:00,09:15:00,on time  ,,No
bb8b92cd-6d8a-40a5-92ed,2024-04-26,07:55:24,ONLINE,n/a,senior,Standard,Advance,2.0,Manchester Piccadilly,Liverpool Lime Street,2024-04-27,06:15:00,06:45:00,06:45:00,on time,,no
16ce0017-5bbc-4127-a323,02/02/2024,05:24:10,Online  ,Contact less,, STANDARD,ADVANCE  ,35.0,London Kings Cross,York  ,02/03/2024,03:45:00,05:35:00,5:35 AM,ON TIME,,FALSE
a992d671-46d3-4b46-ac93,22/03/2024,11:36:50,Station,Contacless,,Standrd, advance,-3.0,Liverpool Lime Street,Manchester Piccadilly,2024-03-23,10:00:00,10:30:00,10:30:00,On Time  ,,N
1646CA5C-27D2-4BEC-AF1C,2024-03-02,4:21 PM, Online,CREDIT CARD,,Standard,Advance  ,3.0,Liverpool Lime Street,Manchester Piccadilly  ,03/03/2024,2:45 PM,15:15:00,15:15:00,ON TIME,,0
AEF1DB73-17C7-4D29-BD9D,04/06/2024,05:53:36,Online  , contactless,,Standard,Advance,3.0,Manchester Piccadilly,Liverpool Lime Street,07-04-2024,04:15:00,4:45 AM,04:45:00,On Time,,false
370BF652-280A-4459-9765,"March 17, 2024",20:04:49,Station,Contactless,Adult,FIRST CLASS  ,Advance,34.0,Birmingham New Street,Liverpool Lime Street  ,2024-03-18,6:30 PM,8:00 PM,20:00:00,On-Time,,No
ca41b64a-08b3-4e49-9dc7,03/01/2024,10:44:13, Station  ,Debit Card,Adult,Standard,OFF-PEAK,3.0,Liverpool Lime Street, Manchester Piccadilly,01/03/2024,11:15 AM,11:45:00,12:12:00,Delayed,Technical Issue,true
639c04b8-763c-4eae-a39f,03/16/2024,05:55:15,Online,Contactless,, Standard, Off-Peak,4.0,Manchester Piccadilly  ,LIVERPOOL LIME STREET,16/03/2024,7:45 AM,8:15 AM,,On Time,,false
18b0e048-4199-44d8-bd02,2024-03-28,3:41 AM,Online,Credit Card  ,,standard,Advance,12.0,MANCHESTER PICCADILLY  ,Nottingham,29/03/2024,02:00:00,03:00:00,3:00 AM,On Time  ,n/a,no
d07d8187-806a-4ebb-89ba,24-03-2024,17:24:24,Online  ,Credit Card  , Disabled,Standard,Off-Peak,None, LONDON ST PANCRAS  ,Wolverhampton,24-03-2024,18:45:00,20:15:00,8:15 PM,OnTime,,false
00e244d1-526b-4ebf-a641,2024-02-06,4:45 AM, Online  ,Debit Card,Senior,Standard,Anytime,17.0,London Paddington, Reading,2024-02-06,6:15 AM,7:15 AM,7:15 AM,ON TIME  ,,No
6838418a-ff05-4cef-bab2,2024-02-10,09:08:32,ONLINE, Credit Card,-,standard,Advance,34.0,York,Peterborough,2024-02-13,07:30:00,08:40:00,08:40:00,On Time  ,,No
cbebe3a6-2aba-444b-a78e,03/29/2024,00:30:16,Online,None,,Standard,off-peak,£19.00,LONDON PADDINGTON, Reading,03/29/2024,2:00 AM,03:00:00,3:00 AM, On Time  ,,0
a1b994ff-20e2-4be4-bfc8,2024-03-27,16:31:14,station,Credit Card,-,Standard  , Anytime,£25.00,LONDON PADDINGTON, Reading,27-03-2024,18:00:00,19:00:00,7:00 PM,ON TIME  ,,0
281999ab-24c0-443e-ba29,02/04/2024,3:26 AM,Station,Credit Card  ,, Standard,Advance  ,£8.00, london st pancras,Birmingham New Street,2024-02-12,1:45 AM,03:05:00,03:05:00, On Time,,No
d9037dc2-892e-4fdf-ba6f,16-03-2024,06:03:41,Online  ,credit card,SENIOR,First Class,Off-Peak,8.0,liverpool lime street,CREWE,03/16/2024,07:30:00,08:05:00,08:05:00,ON TIME,,N/A
0d831c4e-9a87-4fad-9c4f,2024-02-01,10:32 PM,Online,Contactless,,Std,Advance,7.0,London Euston  ,Birmingham New Street,02/09/2024,21:00:00,10:20 PM,10:20 PM,On Time,,no
639c04b8-763c-4eae-a39f,16/03/2024,05:55:15,Online  ,Contactless,,Standard  ,Off-Peak,None,manchester piccadilly,Liverpool Lime Street,16-03-2024,07:45:00,08:15:00,08:15:00,ON TIME,N/A,FALSE
75aecfac-1f61-4486-9d2e,26/04/2024,5:52 AM,Online,Credit Card,,Standard,Anytime,13.0,London Euston  ,Birmingham New Street,26/04/2024,7:15 AM,08:35:00,08:35:00, On Time,,No
e9a00501-b8a7-4f22-9b8c,2024-01-18,8:58 PM,Station,None,,standard,Off-Peak,53.0,LONDON KINGS CROSS,York,2024-01-18,22:15:00,12:05 AM,NULL,On Time,,false
9addeac7-b857-4232-b341,16/02/2024,9:44 AM, online,contactless,,Standard,Off-Peak,12.0,London St Pancras,Birmingham New Street,02/16/2024,11:00:00,12:20:00,12:20:00,On Time  ,,no
a0f3ab95-d6ef-4906-9503,2024-01-10,07:42:43,online,contactless,Disabled,Standard,ANYTIME,48.0,london kings cross, EDINBURGH WAVERLEY,10-01-2024,4:00 PM,20:20:00,20:20:00,On Time  ,,false
33cd9298-989c-4927-9fcf,01/17/2024,00:31:25,online,Credit Card  ,,Standard,Off-Peak,19.0, london paddington,Reading  ,01/17/2024,02:00:00,03:00:00,3:00 AM,On Time,,FALSE
5d2f2ce6-cd18-442a-8f63,2024-04-03,18:33:26,Online  ,NULL,n/a,Standard,Advance,7.0,london euston,Birmingham New Street  ,04-04-2024,17:00:00,18:20:00,18:20:00,on time,,No
5e897115-c742-47da-86ea,25-03-2024,18:06:54,Station,Credit Card,adult,First Class,Advance,34.0,birmingham new street,Liverpool Lime Street,03/26/2024,16:30:00,18:00:00,18:00:00,on time,,0
1b5e6cc3-3f7f-42ce-9a49,04/15/2024,16:50:36,Station,contactless,,Std,Anytime,107.0, READING, Liverpool Lime Street,15-04-2024,18:15:00,8:45 PM,8:45 PM,on time,,false
b1e94ecb-5d12-4d80-8260,03-02-2024,2:27 PM,ONLINE,credit card, disabled,Standard,Advance,8.0, London Paddington  ,Reading,02/10/2024,12:45 PM,13:45:00,NULL,ON TIME  ,,false
B4F85163-E27B-4638-BC62,2024-04-20,10:32:31, Online,Credit Card,,Standard,Advance,7.00 GBP, LONDON EUSTON,birmingham new street,2024/04/21,09:00:00,10:20:00,10:20:00, On Time,,false
B77373C9-4168-4811-B609,26-02-2024,14:39:54,Station,N/A,Senior,first class,Anytime,13.0,Manchester Piccadilly,LIVERPOOL LIME STREET  ,02/26/2024,4:00 PM,16:30:00,4:30 PM, On Time,,FALSE
cd488322-a03f-43ec-bad5,19/02/2024,08:23:16,Online,Contactless,,Standard,Advance,13.0, London Paddington,Reading,2024/02/23,6:45 AM,7:45 AM,, On Time,,no
c120e663-3246-44ce-8c23,24/04/2024,3:51 AM,Online,Credit Card,,standard, Advance  ,7.0,London Euston,Birmingham New Street,04/25/2024,02:15:00,03:35:00,03:35:00,On-Time,,no
8BAAA7E0-EA64-4351-B010,18-02-2024,20:25:48,STATION,Contactless,,Standrd,Advance,13.0,London Paddington,READING,19/02/2024,18:45:00,19:45:00,19:45:00,On Time,,No
BFB1A686-899F-4ABE-BB55,2024-02-10,6:43 AM,Station,CC,,Standard,Off-Peak,n/a,Liverpool Lime Street,london euston  ,2024/02/10,08:00:00,10:15:00,11:13:00,Delayed,,N
FB86FC39-C697-41AA-8110,2024-02-02,10:16:52,Station,Credit Card  ,Senior,First Class,Advance,35.0,London Euston,Birmingham New Street  ,03-02-2024,09:45:00,11:05:00,11:05 AM, On Time,,FALSE
f27aeae3-1f94-47ae-9c4c,2024-04-25,20:25:23,Online,Creditcard,,Standard,Advance,5.0,Birmingham New Street,tamworth,2024-04-26,6:45 PM,7:05 PM,19:05:00,OnTime,,false
53fc97e6-0af0-4a8b-b0ae,2024-01-04,10:36 PM,Online,contactless,Adult  ,Standard,advance,£2.00,Manchester Piccadilly, Liverpool Lime Street,01/05/2024,00:00:00,00:30:00,,On Time,,No
8067913F-5F68-4FE4-96E2,2024-02-21,08:25:06,online,Credit Card,,Standard,Advance,18.0, London Paddington,Oxford,02/25/2024,7:45 AM,09:15:00,09:15:00,On Time  ,,FALSE
b1d0ff8c-5d05-4afa-a992,"January 25, 2024",18:32:07, Station,Credit Card,Disabled,Standard,Advance,48.0,london euston  , Manchester Piccadilly,26/01/2024,17:00:00,6:50 PM,,cancelled,technical issue,1
bc524581-707c-4062-884d,26-03-2024,10:50:29,STATION,Credit Card,, Standard,Off-Peak,12.0,London St Pancras,BIRMINGHAM NEW STREET,26/03/2024,12:15 PM,1:35 PM,n/a,On Time,,
d8093847-20c1-4977-9269,2024-03-25,09:53:19,Online,-,Adult,Std,off-peak,NULL,London St Pancras,Birmingham New Street,25/03/2024,11:15:00,12:35:00,12:35:00,On Time,None,false
a92b0a99-028f-4cf8-b88b,2024-04-15,5:01 AM,ONLINE,Credit Card,,Standard,Advance,3.0,Liverpool Lime Street  ,MANCHESTER PICCADILLY,"April 16, 2024",03:30:00,4:00 AM,04:00:00,On Time  ,,N
8006f5cf-f084-442b-a7c9,02/08/2024,23:56:11,Station,Contactless,, Standard,Advance,7.0,london euston, Birmingham New Street,20/02/2024,22:15:00,23:35:00,23:35:00, On Time,,false
49cf0008-cdf2-41c3-9076,02/02/2024,4:29 PM,Station,n/a,,Standard,Anytime,13.0,LONDON EUSTON  ,Birmingham New Street,02/02/2024,17:45:00,19:05:00,7:05 PM,On Time,,false
26ba2d22-eefc-4e04-861a,2024-02-05,07:35:34,Station, Credit Card  ,Disabled, Standard,Advance,2.0,Liverpool Lime Street  ,Manchester Piccadilly,2024-02-07,6:00 AM,06:30:00,06:30:00,On Time,,no
C83459AC-850F-421B-9C34,02/02/2024,06:41:28,Online,contactless,Adult,Std, Advance  ,43.0, London Paddington, Liverpool Lime Street,2024-02-16,5:00 AM,7:30 AM,07:30:00,On Time  ,None,no
89d59c01-cf0a-4325-9692,03/22/2024,14:33:05,Station,Credit Card,Adult,Standard,Anytime,-9.0,LONDON EUSTON,Birmingham New Street,22/03/2024,4:00 PM,5:20 PM,5:20 PM,OnTime,,no
32edfb10-f504-4cbd-b3f7,13-02-2024,09:13:33,Online  , Credit Card,,Standard, Advance,35.0, London Kings Cross,York,02/14/2024,07:30:00,09:20:00,09:20:00,On Time,,no
1370E556-8353-4DCB-99C9,2024-03-10,14:03:40, Online,Contactless  ,None, Standard, Off-Peak,19.0,London Paddington  ,Reading,2024/03/10,15:30:00,4:30 PM,, on time,,false
a4eec55c-1199-4983-af67,20/02/2024,11:59 AM,Station,,Senior,standard,off-peak,3.0, Manchester Piccadilly,Liverpool Lime Street  ,2024/02/20,13:15:00,13:45:00,13:45:00,OnTime,,0
f43c31fd-6bc4-4a75-bfe2,2024-04-18,4:59 AM,Online,credit card,Senior,STANDARD,Anytime,3.0,manchester piccadilly,LIVERPOOL LIME STREET,2024-04-18,6:15 AM,06:45:00,6:45 AM,On-Time,,No
0b11e654-3930-480f-83d8,"March 03, 2024",07:52:04,Online,-,Senior, STANDARD,Advance  ,2.0,manchester piccadilly,Liverpool Lime Street,04/03/2024,06:15:00,06:45:00,06:45:00,On Time  ,,false
de14599e-6c9c-44ba-ad96,2024-02-01,13:10:50,ONLINE  ,Contactless,,Std, off-peak,4.0,MANCHESTER PICCADILLY,Liverpool Lime Street,02/01/2024,2:30 PM,15:00:00,15:00:00,On Time,,N
74e8ffe8-add8-4fe9-aaf5,11-02-2024,08:49:25, station,Contact less,adult,standard,Advance,£2.00,Manchester Piccadilly,Liverpool Lime Street,18/02/2024,7:15 AM,07:45:00,07:45:00,On Time,N/A,No
698d780117f24a0883b7,2024-02-04,02:49:42,online  ,Contactless,,Std,advance,,LONDON EUSTON,birmingham new street,27-02-2024,01:15:00,02:35:00,,Cancelled,signal failure,TRUE
bc59b050-55bb-42de-b0c2,04/04/2024,04:41:25,ONLINE,CC,Adult,Standrd,anytime,4.0,Liverpool Lime Street,Manchester Piccadilly,2024-04-04,06:00:00,6:30 AM,06:30:00,On Time,,FALSE
4be152f4-fc68-4ca6-a3d5,01/24/2024,00:37:35,Online,credit card,,Standard,Off-Peak,£17.00,MANCHESTER PICCADILLY  , NOTTINGHAM,24/01/2024,02:00:00,03:00:00,03:00:00,On Time,,FALSE
5d458cb4-ae3a-4481-9b82,01/18/2024,3:32 PM,Station,Contactless,Disabled, Standard,Anytime,11.0,London St Pancras,Birmingham New Street,01/18/2024,17:00:00,18:20:00,18:20:00,On Time,,no
36b67ba9-a5d5-444d-9f6e,2024/01/05,19:24:45,station,Credit Card,,Standard, Advance,35.0, london kings cross,York,01/06/2024,17:45:00,19:35:00,19:35:00,On Time,,FALSE
a09bcf06-02fc-4cd3-8cce,03-02-2024,21:38:19,online,Credit Crad, adult,Standrd,Advance,4.00 GBP,london euston,birmingham new street,02/25/2024,20:00:00,21:20:00,, Cancelled,Technical Issue  ,false
4158b7a2-6b85-43bd-9daa,2024-01-07,01:40:36,Online,Credit Card,Senior  ,standard,Advance,2.0,Liverpool Lime Street,manchester piccadilly,2024-01-08,00:00:00,00:30:00,00:30:00,OnTime,,N
e42131de-2467-4fbc-8092,03/18/2024,17:33:20,Station, Credit Card,,Standrd,Advance,4.0,London Euston,BIRMINGHAM NEW STREET  ,2024-03-19,16:00:00,17:20:00,17:44:00, Delayed,Signal failure,no
a500ef42-67da-431f-bf7e,09-03-2024,15:35:09,Online,Credit Card,Adult,Standard,Off-Peak,£8.00,London St Pancras,Birmingham New Street,03/09/2024,5:00 PM,18:20:00,18:20:00,On Time,,0
7d438be6-b44d-4638-b5ae,"March 11, 2024",6:01 AM,Online,CC,,Standard,Advance,22.0,Birmingham New Street  ,London St Pancras,2024-03-12,04:30:00,5:50 AM,05:50:00,On-Time,,FALSE
f432e83a-4fea-4ba2-8b20,2024-03-08,6:23 PM,ONLINE,credit card,Senior  ,standard,Anytime  ,3.0,manchester piccadilly, LIVERPOOL LIME STREET,03/08/2024,18:45:00,19:15:00,7:15 PM,On Time  ,,No
4161b103-9299-4c52-adf1,17/02/2024,08:29:31, Station,credit card,None, STANDARD, Advance,3.0,liverpool lime street,manchester piccadilly  ,19/02/2024,6:45 AM,07:15:00,07:15:00,ON TIME,,false
97173ab7-a0b4-4081-86c4,"April 22, 2024",10:38:47, STATION,contactless,Adult,standard,Advance,8.0, Manchester Piccadilly,Nottingham,2024-04-23,9:00 AM,10:00 AM,10:41 AM, Delayed,Signal Failure,false
926d6a8a-1e0a-4a26-affe,01/17/2024,23:11:05,Online, CONTACTLESS,,STANDARD,ADVANCE,35.0, London Kings Cross,York,18/01/2024,00:30:00,02:20:00,02:20:00,On Time,,N
df9d431f-02c5-4c85-bb6d,02/26/2024,05:00:07,Online,Debit Crad,,First Class,Anytime,216.00 GBP,London Euston,Manchester Piccadilly,02/26/2024,06:30:00,08:20:00,08:20:00,On Time,,no
0beaeaa1-8f65-4bc5-8b18,16-02-2024,8:07 AM,Station  ,CONTACTLESS,,Standard,Advance  ,35.0,London Kings Cross,YORK,22-02-2024,06:30:00,08:20:00,08:20:00,On Time,,false
D837BC45-90DA-4E76-A159,2024-04-10,7:50 AM,Online,Debit Card,Senior,Standard,ADVANCE,8.0,london paddington,Reading,2024/04/11,6:15 AM,07:15:00,07:15:00,On Time,,N
d5625e44-3223-445f-9c28,01/18/2024,23:27:30,Station  , CREDIT CARD,,Standrd,Advance,3.0,Liverpool Lime Street,manchester piccadilly,"January 19, 2024",00:45:00,01:15:00,1:15 AM,OnTime,,No
4802a0ee-f750-4ea0-a7b0,22-02-2024,15:56:31,Station,credit card,adult,STANDARD,Advance,2.0,Manchester Piccadilly,Liverpool Lime Street,2024/02/26,14:15:00,14:45:00,14:45:00,On Time,,no
af0ddf9d-43b0-4a24-a1f3,03-04-2024,07:00:45, online, Contactless,Adult,Std,Advance,-,Manchester Piccadilly,Liverpool Lime Street,04-04-2024,05:30:00,06:00:00,06:00:00,On-Time,,0
96ce2d184d0440bb8177,04/12/2024,07:03:25, Online,Credit Card,,Standard,ADVANCE  ,8.0,London St Pancras,Birmingham New Street,04/13/2024,5:30 AM,6:50 AM,06:50:00,On Time,,FALSE
07f1f433-7f91-46db-9872,08/03/2024,14:59:57,Online,Contactless,Adult,1st Class,Anytime  ,13.0,Manchester Piccadilly,LIVERPOOL LIME STREET  ,08/03/2024,16:15:00,16:45:00,16:45:00,ON TIME,,no
eaf4091f-e6ef-4dfd-b814,2024/01/24,7:52 AM, Online,Credit Card,SENIOR,Standard,Advance  ,2.0,Manchester Piccadilly,Liverpool Lime Street,25-01-2024,06:15:00,06:45:00,06:45:00,On Time  ,,no
02c4bbe2-8ddd-4cec-a655,01/20/2024,6:12 AM, online,NULL,,Standard,Off-Peak,£5.00,london paddington  ,London Waterloo  ,20/01/2024,07:30:00,09:00:00,9:00 AM,on time,,N
ecd2e06c-a669-421f-8be8,02/18/2024,20:37:12,ONLINE,Contactless  ,,Standard,Off-Peak  ,£15.00,Liverpool Lime Street,Leeds,18/02/2024,10:00 PM,23:30:00,11:30 PM,ON TIME,,0
1fcf0065-5b9a-47e6-bd0c,01/02/2024,16:11:10,station,CC,,Std,Anytime,5.0,MANCHESTER PICCADILLY,Liverpool Lime Street,02-01-2024,17:45:00,6:15 PM,18:15:00,On Time,n/a,N
135ae6aa-caa1-4dcc-a568,2024-02-14,06:32:14,Online  ,CREDIT CARD,Disabled  ,STANDARD,Anytime,95.0, london euston,MANCHESTER PICCADILLY,2024-02-14,08:00:00,9:50 AM,-,On-Time,,FALSE
884e63f5-d398-48c0-8dbc,"February 11, 2024",09:57:38,Online,Credit Card,Adult, Standard,ADVANCE,5.0,LONDON ST PANCRAS,Birmingham New Street,02/22/2024,8:15 AM,09:35:00,09:35:00, On Time,,FALSE
BB47B389-02BD-44B8-9CD5,18/03/2024,18:45:17,Online,credit card,,Standard  ,Off-Peak,5.0,Liverpool Lime Street,MANCHESTER PICCADILLY  ,2024-03-18,8:15 PM,20:45:00,n/a,On Time,,0
e1ff22fa-5594-4e3d-8a75,2024-04-11,06:31:56, Station,CREDIT CARD,,standard,Anytime,151.0,Liverpool Lime Street,London Euston,11-04-2024,08:00:00,10:15:00,10:28:00,DELAYED  ,Weather  ,FALSE
323505b4-0655-40c2-ab57,2024-02-15,6:00 AM,Station,Contactless,,Standard,Advance,8.0,London St Pancras,birmingham new street,17-02-2024,04:30:00,5:50 AM,05:50:00,On Time,NULL,No
c9d76f01-3e18-43c4-ba8a,31-01-2024,17:17:48,Online  ,CREDIT CARD,,STANDARD,Anytime,None,london euston,Manchester Piccadilly,01/31/2024,6:45 PM,8:35 PM,20:35:00,On Time,None,false
8f7e5f96-ffaf-4eb4-bc12,04-02-2024,20:24:56,Online,Contact less,,Standard,Advance,3.0,manchester piccadilly,Liverpool Lime Street,2024-02-05,18:45:00,19:15:00,7:15 PM,On Time,n/a,FALSE
c71532c0-bfb6-4e39-bd22,23/04/2024,06:08:01,Online,credit card,N/A,Std,ANYTIME,£67.00,York,Peterborough,2024-04-23,07:30:00,08:40:00,08:40:00,On Time,,No
63E62D67-A7EB-49BA-841A,2024-03-18,19:36:15, Station,Credit Card,Adult,standard  , Advance,4.0,London Euston, Birmingham New Street,2024-03-19,17:45:00,7:05 PM,19:05:00,On-Time,,No
b808e0ae-891f-444a-bd9e,"February 03, 2024",02:54:49,Online, contactless,,standard,Advance,7.0,London Euston,Birmingham New Street,16/02/2024,01:15:00,02:35:00,02:35:00,ON TIME  ,,no
6b349cb5-04ec-4ec8-9bc8,2024/03/18,8:21 PM,station,Credit Card  ,ADULT, Standard,Advance,5.0,London St Pancras,Birmingham New Street,2024-03-19,18:45:00,20:05:00,20:05:00,ON TIME,,false
f2d98e57-f377-4562-a204,16-03-2024,12:55:18,Online,CREDIT CARD,Adult,standard  ,advance,2.0,LIVERPOOL LIME STREET,Manchester Piccadilly  ,17/03/2024,11:15:00,11:45:00,11:52:00,Delayd,TECHNICAL ISSUE,0
6e5775ef-0f6d-4371-af55,2024-01-15,8:18 AM, Online,None,, standard,Advance  ,£35.00, London Kings Cross  ,York,16/01/2024,07:45:00,09:35:00,09:35:00,on time,n/a,FALSE
BA752C54-FCF4-43E0-BCD6,2024-01-12,06:34:00,Online  ,Debit Card,,Standard,ANYTIME,143.0,London Euston,Manchester Piccadilly  ,12-01-2024,08:00:00,09:50:00,09:50:00,On Time,,N
ae814bd3-c24c-4cf1-84f9,13-02-2024,5:05 PM,Station,Debit Card,Adult  ,Standard,Anytime,101.0,Liverpool Lime Street,London Euston,2024-02-13,17:30:00,19:45:00,20:13:00,Delayd, Technical Issue,TRUE
3d83cac4-eaea-4cbd-9612,01/10/2024,3:12 PM, Station,debit card,,Standard,Off-Peak,£43.00,Edinburgh Waverley,london kings cross,01/10/2024,3:30 PM,7:50 PM,,Delayed,Staffing  ,1
86db2734-f424-4a1d-8fb0,04/12/2024,06:00:49, ONLINE,Credit Card,Senior, Standard  ,Anytime,£11.00, LIVERPOOL LIME STREET,Crewe,12/04/2024,07:30:00,8:05 AM,08:05:00, On Time,,FALSE
9051e15c-035a-4fc5-8aea,05/01/2024,09:15:32, Station,credit card,Senior, Standard  ,Off-Peak,7.0,London Euston,birmingham new street,05-01-2024,9:45 AM,11:05:00,11:05:00,ON TIME,,0
938678a5-cb25-46f5-afbc,"February 04, 2024",04:12:40, Online,contactless,,Standard,Advance,n/a,Manchester Piccadilly  ,Liverpool Lime Street  ,2024-02-11,02:30:00,03:00:00,3:00 AM,ON TIME,,no
909e0d7e-df00-44ee-996a,2024/04/02,22:54:09,Station, Contactless  ,,Standard  ,Advance,3.0,Liverpool Lime Street  , MANCHESTER PICCADILLY  ,03/04/2024,12:15 AM,00:45:00,00:45:00,On Time,,FALSE
6a45f867-511d-482d-9abd,02/17/2024,10:43:41,Online,Contactless  ,Adult,STANDARD  , OFF-PEAK,10.0,Manchester Piccadilly  ,Leeds  ,17-02-2024,12:00:00,12:45:00,12:45 PM,On Time  ,N/A,No
ce2d7096-41e1-4e5a-8878,14-04-2024,11:35:16, ONLINE, Contactless,,Standard, Off-Peak,£35.00,York  ,Edinburgh Waverley,2024-04-14,13:00:00,15:30:00,15:30:00,On Time,,0
c7403d99-7c75-44d0-904e,2024-04-29,3:44 PM,Station,Creditcard,,Standard, Anytime,6.0,Liverpool Lime Street,manchester piccadilly,29/04/2024,5:00 PM,17:30:00,17:30:00,OnTime,,false
1de4707d-3ade-4450-9c2e,01/26/2024,7:29 AM,ONLINE,Credit Card,,Standard  ,anytime,35000.0,London Paddington,Oxford  ,01/26/2024,07:45:00,09:15:00,09:15:00, On Time,,N
31c3d8e0-4462-4579-9a69,03/17/2024,06:42:19, Online,Credit Card,NULL, Standard,Off-Peak,71.0,London Euston,Manchester Piccadilly,17-03-2024,08:00:00,09:50:00,, Cancelled,SIGNAL FAILURE,Yes
b30fe0b3-0e29-4f66-a2d6,12/02/2024,05:27:19,Station,credit card,,Standard,Anytime,£25.00,London Paddington, Reading,2024/02/12,06:45:00,07:45:00,07:45:00,On Time,,No
0dddc1f0-c459-4cd4-9dc5,19/03/2024,08:21:05,Online,Credit Card,,standard,advance,18.0,london paddington  ,Oxford  ,2024-03-20,07:45:00,9:15 AM,09:15:00,On Time,,FALSE
FA6CC62E-4699-41A7-B2E2,01/19/2024,08:39:03,Online, Contactless, Adult  ,Standrd,Advance,11.0,Oxford,Bristol Temple Meads,2024-01-20,07:00:00,8:15 AM,08:15:00,ON TIME,,0
77c65e32-dbc5-49a5-8005,2024/04/07,11:08:29,Online, Contactless,,STANDARD,Advance,£3.00,Manchester Piccadilly,Liverpool Lime Street,04/08/2024,9:30 AM,10:00:00,10:00 AM,On-Time,-,no
48908095-d936-42e4-9cb4,02/06/2024,12:46:36,Online,Contact less,,Standrd,Advance,-,Manchester Piccadilly,LIVERPOOL LIME STREET,"February 20, 2024",11:15:00,11:45:00,11:45:00,On-Time,,no
ABC91D8F-3737-4073-9C87,04/29/2024,04:51:40,Online,Debit Card,N/A, STANDARD, Anytime,17.0,London Paddington,Reading,29/04/2024,6:15 AM,07:15:00,07:15:00, On Time,,0
73b4669e-d4cd-4ae3-8d58,21/03/2024,07:17:38,Online, Credit Card,,Std,Anytime,25.0,London Paddington,reading,21/03/2024,07:45:00,08:45:00,8:45 AM,On Time,NULL,No
905e6825-bc65-4406-b301,2024-01-18,20:25:10,ONLINE,credit card  ,,Standard,Advance  ,8.0, London St Pancras,Birmingham New Street,19/01/2024,18:45:00,20:05:00,8:05 PM,On Time,,-
3403c4d2-f0e3-492f-af1d,01/18/2024,14:32:34,Station,Creditcard,ADULT,Standard,ANYTIME,n/a,London Euston, Birmingham New Street  ,2024/01/18,16:00:00,17:20:00,5:20 PM,OnTime,,false
066eb35a-9d94-4832-a1a9,2024/04/13,17:32:19,station,Credit Card,ADULT, standard,Advance,4.0,London Euston, birmingham new street,04/14/2024,16:00:00,17:20:00,17:42:00, Delayed,Signal failure,0
30a25e99-2738-438c-939a,2024/02/04,5:47 PM,Online,Contactless,Adult, Standard,ADVANCE,£2.00, Manchester Piccadilly, LIVERPOOL LIME STREET,2024-02-25,16:15:00,16:45:00,4:45 PM,On Time,,no
21799edc-1a5c-433a-b0d1,2024/03/24,09:56:47, station,Credit Card,Adult,Standard  , Off-Peak,8.0, London St Pancras,Birmingham New Street,2024-03-24,11:15:00,12:35 PM,12:35:00,On-Time,,No
e5d321fb-37a6-4687-a119,10-04-2024,17:57:07,Online,CONTACTLESS  ,ADULT,Standard, Advance  ,2.0,Manchester Piccadilly,Liverpool Lime Street,2024-04-11,4:15 PM,16:45:00,16:45:00,On Time,,FALSE
3a392a90-c2a6-454a-b687,2024-01-04,08:15:58,ONLINE,Credit Card,,Standard,advance,3.0,Liverpool Lime Street,manchester piccadilly,05/01/2024,06:45:00,7:15 AM,,on time,NULL,FALSE
1F6E98CA-4866-4F3C-85D4,2024/02/20,22:43:26,Station  ,n/a,,Standard,Advance,7.0,london euston, birmingham new street  ,02/21/2024,9:00 PM,22:20:00,22:20:00, On Time,,No
B791B07D-67CC-4FCF-B5B1,14/04/2024,13:18:48, Station, Credit Card,,Standrd,Advance,£8.00,london st pancras,birmingham new street,2024-04-15,11:45:00,13:05:00,13:05:00,on time  ,,No
e7df32f9-8a14-4eba-9c50,15-01-2024,6:42 PM,Station, credit card,,Standard,Off-Peak  ,5.0,Liverpool Lime Street,manchester piccadilly,2024-01-15,20:00:00,20:30:00,20:30:00,On Time,,FALSE
974260ad-3a5b-4a3e-b4aa,14/01/2024,05:00:47, Online,Credit Card,,first class,Off-Peak,14.0, Manchester Piccadilly,Liverpool Lime Street,2024-01-14,06:30:00,07:00:00,07:00:00,on time,,no
af690c259b8048b28dd8,2024-02-11,23:11:08,STATION  , Contactless,,Standard,ADVANCE,35.00 GBP,LONDON KINGS CROSS,York  ,2024/02/12,9:30 PM,23:20:00,,On Time  ,,false
2603d1d8-6b81-4ffd-9dc6,06/03/2024,03:33:52,Station,Contact less,,First Class,Off-Peak  ,£86.00, London Kings Cross,york,06/03/2024,5:00 AM,6:50 AM,6:50 AM,on time,,FALSE
1A7399B3-6385-469B-833C,28-04-2024,01:16:58,Online,n/a,disabled,1st Class,Off-Peak,10.0,York,Durham,2024-04-28,11:45 PM,12:35 AM,00:35:00,On Time,,0
f9b36c9aacae44628d31,11-03-2024,10:52:22,Station, Debit Card,Adult,Standard,off-peak,11.0,birmingham new street,Manchester Piccadilly  ,11-03-2024,11:15 AM,12:35:00,12:50:00, DELAYED,Technical Issue,Y
d63f6550-6c0a-4cc8-8941,2024-02-13,6:35 AM,Station  ,Credit Card,,Standard,Anytime,151.0,Liverpool Lime Street,LONDON EUSTON,2024-02-13,08:00:00,10:15:00,11:04:00,Delayed,Weather Conditions,FALSE
ec4ee85c-0781-430a-a8ea,2024-01-24,06:30:53,Station  ,Credit Card,,Standard,Anytime,151.0,Liverpool Lime Street,LONDON EUSTON,24-01-2024,08:00:00,10:15:00,10:26:00, Delayed, weather  ,false
0bee19fa-35d2-4d94-9eb1,2024/03/18,14:38:19,Station,Contacless,Senior,standard  ,Anytime  ,3.0,Manchester Piccadilly,Liverpool Lime Street,2024-03-18,16:00:00,16:30:00,4:30 PM,On Time  ,,0
1bdacbb5-e8b4-46d3-9099,08-04-2024,6:14 AM,Online  , Credit Card,,STANDARD,Advance,13.00 GBP, london paddington, Reading,09-04-2024,04:30:00,05:30:00,05:30:00,On Time,,FALSE
a3c6d719-5854-452d-8553,12/01/2024,10:12 PM,Online,,,Standard,advance  ,6.0,birmingham new street,liverpool lime street,13/01/2024,20:30:00,22:00:00,22:00:00,ON TIME,,no
374eee30-6442-44e5-9c3e,2024/03/08,8:15 PM,Online  ,credit card,,Standrd,advance,72.0, London Euston, MANCHESTER PICCADILLY  ,09/03/2024,18:45:00,20:35:00,20:35:00,On Time,,N
8a3a60c7-9c1d-43ef-9ae7,02-04-2024,08:22:57,station  ,Credit Crad,,Standrd,Advance,, Liverpool Lime Street,manchester piccadilly,03/04/2024,06:45:00,07:15:00,7:15 AM,on time,,0
AEADB8AC-314C-4B39-B2D7,21/04/2024,6:18 PM,Online,,,Std,OFF-PEAK,23.0,London St Pancras,Leicester,04/21/2024,18:45:00,19:45:00,19:45:00,On Time  ,,N
34ba27dc-0b11-4f61-bb0d,2024-04-25,00:14:18,Station,Credit Card  ,Adult,Standard,Off-Peak,17.0, OXFORD,bristol temple meads,2024-04-25,22:30:00,11:45 PM,23:45:00,OnTime,,N
f2b72840-048f-4a16-884d,2024-01-07,21:45:41,Station,Credit Card,,Std,advance,£3.00,Manchester Piccadilly,LIVERPOOL LIME STREET,"January 08, 2024",20:15:00,8:45 PM,20:45:00,on time,,0
25617bcd-ff4d-4ff9-8928,2024-03-05,19:33:18,STATION,Credit Card, adult,Standard  ,Advance,4.0,london euston  ,birmingham new street,06/03/2024,17:45:00,19:05:00,19:05:00,On-Time,,No
b6dccba8-d2c6-478b-8881,31-03-2024,18:49:32,Online,Credit Card,,First Class,advance,57.0,LONDON KINGS CROSS,York,01/04/2024,17:15:00,7:05 PM,19:05:00,On Time,,n/a
07FD1DCA-0455-4626-8396,2024/02/09,21:54:16,Station  ,Credit Card,,Standrd,Advance,11.0,Oxford,bristol temple meads,"February 17, 2024",20:15:00,21:30:00,9:30 PM,On Time,,no
ae55058c-d656-49f7-9f2f,"January 13, 2024",13:48:08,Station,Credit Card,-,Standard, Advance,NULL,Manchester Piccadilly, LIVERPOOL LIME STREET,2024-01-14,12:15:00,12:45:00,12:45:00,OnTime,,n/a
72182c4c-2de7-40ff-9e04,2024/01/24,09:05:30,online,CC,disabled,standard,ADVANCE,23.0,London Kings Cross,york,25/01/2024,07:30:00,09:20:00,09:20:00, On Time,,
566f9ecc-c12e-4ae6-8e78,02/02/2024,17:31:20,Station,CREDIT CARD,,STANDARD,Advance,34.0,York,Peterborough,2024-02-29,16:00:00,17:10:00,17:10:00,On Time,,N
981132de-aac4-43f9-8ce4,25/03/2024,08:17:25,Online,Credit Card,-,Std,ADVANCE,18.0,LONDON PADDINGTON  ,Oxford,26/03/2024,7:45 AM,09:15:00,9:15 AM,on time  ,,No
87933291-21e2-4152-b079,2024-04-19,16:12:03,Station,CC,,Standard,Anytime,5.0, manchester piccadilly,Liverpool Lime Street,2024-04-19,17:45:00,6:15 PM,7:19 PM,Delayed  ,weather  ,no
38cac354-e3a7-48cb-a824,2024-02-12,18:56:25,STATION,CONTACTLESS,,Standrd,Advance,3.0,liverpool lime street,Manchester Piccadilly,2024-02-13,17:15:00,5:45 PM,5:45 PM,OnTime,,0
a330438c-5702-4d9c-9d6c,08-02-2024,00:23:04,ONLINE  ,n/a,,Std,Off-Peak,128.0,Manchester Piccadilly,London Paddington,02/08/2024,1:45 AM,4:00 AM,04:00:00,OnTime,,0
8B57C08F-EE44-4450-9938,2024/03/28,5:38 AM, Online,Contactless,None, Standard,Advance,13.0,London Paddington  ,reading,29/03/2024,04:00:00,05:00:00,05:00:00,On Time  ,,FALSE
4007d372-4794-41b9-b13f,27-04-2024,08:14:16,ONLINE,credit card,,Std, Advance,35.0, London Kings Cross,York,2024-04-28,07:30:00,09:20:00,,cancelled,Signal Failure,FALSE
92462343-4339-45e5-bf79,19-02-2024,12:46:48,Station, Credit Card,ADULT,STANDARD,ADVANCE  ,5.0,london st pancras,Birmingham New Street,21-02-2024,11:15:00,12:35 PM,12:35 PM,ON TIME,,No
cd312c38-ab74-4f6f-99f6,2024-01-24,8:03 PM,Station,Credit Card  ,,Standard  ,Off-Peak,19.0,London Paddington,Reading,2024/01/24,21:30:00,22:30:00,10:30 PM, On Time,NULL,false
b8ea5f9a-ea98-42cf-94c7,2024/01/06,09:03:04, Online,credit card,,standard, ADVANCE,9.0,reading,swindon,07-01-2024,07:30:00,08:15:00,,Cancelled,Staff Shortage,yes
bafb7ca1-099b-4d68-98af,"March 23, 2024",2:56 PM,Online  ,Contactless,,Standard,Advance,3.0,Liverpool Lime Street,Manchester Piccadilly,03/24/2024,13:15:00,1:45 PM,13:45:00,On Time,,No
0a6ce446-2bd5-45ad-99ff,03/14/2024,15:17:34,Station, CREDIT CARD  ,,Standard,Anytime,10.0,BIRMINGHAM NEW STREET,Stafford,03/14/2024,5:45 PM,18:15:00,18:15:00,on time,,N
E1684A7C-5141-4B48-8E84,26/03/2024,17:22:08,Online, Contactless  ,,Standard,Anytime,5.0, Manchester Piccadilly,LIVERPOOL LIME STREET,"March 26, 2024",18:45:00,19:15:00,19:15:00,On Time,,no
41e8ec7e-7763-460f-8ffe,16-04-2024,11:48:50,Station,Contactless,Senior,Std,Off-Peak,3.0,Manchester Piccadilly,Liverpool Lime Street,04/16/2024,1:15 PM,13:45:00,13:45:00,On Time,None,false
ecdd0506-b321-487b-9b8c,2024-01-13,6:04 AM,Online,Credit Card,,Standard,OFF-PEAK,50.0,YORK,Peterborough,2024-01-13,07:30:00,08:40:00,8:40 AM,on time  ,,N
8a53b1ac-710d-4fee-8d40,2024-01-30,05:03:01,online,N/A,NULL,Standard,Anytime  ,29.0,Birmingham New Street,London St Pancras,2024-01-30,6:30 AM,07:50:00,07:50:00, On Time  ,,0
6C23271861324B17800E,02/26/2024,12:04 PM, station,Contactless,,Standard  ,ADVANCE,£35.00,LONDON KINGS CROSS,York,2024/02/28,10:30:00,12:20:00,-,On Time  ,,false
f9eb2c00-662c-440d-bf8d,2024/04/29,12:21:06, Online,Credit Card,,Standard  ,Off-Peak,4.0,Manchester Piccadilly,Liverpool Lime Street,2024-04-29,14:45:00,15:15:00,15:15:00,ON TIME,,No
3d91c2cb-d8e9-441d-8e90,2024-01-31,17:16:34,online  ,Credit Card  ,,Standrd,Anytime,16.0,LONDON ST PANCRAS, BIRMINGHAM NEW STREET,31/01/2024,18:45:00,20:05:00,20:05:00,on time,,no
42439129-890a-477f-b180,2024-02-07,20:28:15, Station  ,Contactless,,Standard  ,advance,8.0, London St Pancras,birmingham new street,02/12/2024,18:45:00,20:05:00,8:05 PM,On Time  ,n/a,FALSE
b8bb5941-b186-4013-ab56,29/03/2024,15:21:53, Station,Contactless,,Standard,Anytime,, London Kings Cross,York,2024-03-29,17:45:00,19:35:00,19:35:00,On Time,,No
ce6fc722-88f4-4de0-b2c2,03/20/2024,04:49:28,Online,None,N/A,Std,Anytime  ,3.0,manchester piccadilly  ,liverpool lime street,2024-03-20,6:15 AM,06:45:00,06:45:00,On Time  ,,FALSE
2ba767dc-a755-4287-a588,29/04/2024,8:12 PM,Online  ,Credit Card,Adult,Std,Advance,-2.0,LIVERPOOL LIME STREET, Manchester Piccadilly,04/30/2024,18:30:00,19:00:00,7:00 PM,On Time,,No
2d81c6c1-c3a7-4d42-8d31,08/02/2024,8:20 AM,Online, CREDIT CARD  ,,Standard,Advance,18.0,london paddington,OXFORD,2024-02-09,07:45:00,09:15:00,,Cancelled,Staff Shortage,true
c2d00f71-4fcf-4d2b-9d74,2024-04-29,9:06 AM,Online  ,CREDIT CARD,senior,Standard, Advance,6.0,Liverpool Lime Street,Crewe,2024/04/30,07:30:00,08:05:00,8:05 AM,OnTime,,N
cc11716416d04956b8cf,2024-01-11,03:58:51,Online,Credit Card,Disabled  ,Standard,Off-Peak,£13.00,London Paddington,READING,11/01/2024,05:15:00,06:15:00,06:15:00,On Time,,No
cd8bc5aa-f32b-4453-922c,21/03/2024,07:19:52,ONLINE,Credit Card,None,Standard  ,Anytime,,London Paddington,Oxford  ,03/21/2024,07:45:00,09:15:00,09:15:00,on time,,No
96fb1f0f-f4dc-4099-a92f,2024-03-05,06:57:07,STATION,Credit Crad,,Standard, Anytime,£9.00,london euston, Birmingham New Street  ,2024/03/05,08:15:00,09:35:00,9:35 AM,On Time,,No
33a1da1d-c9ee-4462-a65c,03/27/2024,05:22:15,online,Credit Card,N/A,First Class,Anytime  ,107.0,LONDON ST PANCRAS,birmingham new street,2024-03-27,06:45:00,08:05:00,08:05:00,On Time  ,,false
ef2ff307-73f0-4565-b236,15/04/2024,4:21 AM,Station  ,Debit Card,-,Standard  ,OFF-PEAK  ,76.0, Liverpool Lime Street,London Euston  ,15-04-2024,09:30:00,11:45:00,12:03:00,Delayed,Traffic,Yes
39aef2f4-6da7-4d8e-86dd,15-04-2024,14:29:53,Online,Credit Card,Disabled,standard,Off-Peak,-,London Euston,Birmingham New Street,15/04/2024,15:45:00,17:05:00,17:05:00, On Time  ,,no
90ce9923-d342-4eb3-a2ba,2024/04/20,18:13:31,online,Credit Crad,SENIOR,Std,Off-Peak,n/a,Manchester Piccadilly,Liverpool Lime Street,20/04/2024,18:45:00,7:15 PM,19:15:00,On Time  ,,FALSE
6aaa6b1a-8522-426c-bc7c,13-02-2024,19:43:52,STATION,Contactless,,1st Class,advance,57.0,London Kings Cross,York,27/02/2024,5:45 PM,19:35:00,7:54 PM,Delayed,Signal failure,Yes
4c531039-29f7-4117-a1f8,01/30/2024,20:13:16,station,Credit Card,Disabled,FIRST CLASS,Off-Peak  ,10.0,Liverpool Lime Street,Manchester Piccadilly,30/01/2024,21:30:00,10:00 PM,22:00:00,on time,,FALSE
a085402a-a63b-4597-bea7,25-03-2024,2:55 PM,Online,Contactless,Adult,STANDARD,anytime,3.0,MANCHESTER PICCADILLY  ,Liverpool Lime Street  ,25/03/2024,4:15 PM,4:45 PM,16:45:00,On Time  ,,no
297fba4d-b442-4ed2-a93f,2024/02/14,02:11:02,station,Contactless,, Standard,Advance,,Liverpool Lime Street,MANCHESTER PICCADILLY,02/15/2024,00:30:00,01:00:00,01:00:00,On Time,n/a,FALSE
842cac22-4e3b-452c-8479,2024-02-02,17:49:33,Online,CONTACTLESS, Adult,First Class, Advance  ,6.0,Manchester Piccadilly,Liverpool Lime Street,02/03/2024,16:15:00,16:45:00,16:45:00,ON TIME,,No
5c42833b-a13f-4bd3-846d,14/03/2024,23:46:46,Station,, Adult,Std,Advance  ,48.0,London Euston  ,Manchester Piccadilly  ,"March 15, 2024",22:15:00,00:05:00,12:05 AM,on time,,FALSE
392002dd-c17d-4ac7-b26f,2024-02-10,06:39:08,online,Contactless,, standard,Advance,43.0,London Kings Cross, liverpool lime street,11/02/2024,05:00:00,07:15:00,07:15:00, On Time,,No
9b4476f2-9e6e-471a-8613,06-03-2024,18:56:32, Online,CC,,Standard  ,Advance,35.00 GBP,LONDON KINGS CROSS  ,york  ,2024/03/07,17:15:00,19:05:00,19:05:00,On Time,,false
74D56ACF-26CE-4844-B185,01-04-2024,5:04 AM,Station, Credit Card  ,,Standard  , Anytime,-143.0,London Euston, Manchester Piccadilly,2024-04-01,06:30:00,08:20:00,08:20:00,On Time,,false
874D359C-D16F-4F43-9DBA,2024-01-20,12:49:31,STATION  ,Credit Card,,Standard  ,Advance  ,3.0,MANCHESTER PICCADILLY  ,Liverpool Lime Street,2024-01-21,11:15:00,11:45:00,11:45:00,On Time,,false
97609925-b7be-404b-a21f,2024/03/25,07:48:34,Online,Credit Card,Disabled,standard,off-peak,13.0, London Paddington,reading,2024-03-25,9:15 AM,10:15:00,10:15:00,On Time,,0
466f8fbd-7b92-4c8c-8571,2024/02/08,19:03:43,Online, Credit Card,Adult,Standard,Advance,2.0,Liverpool Lime Street, Manchester Piccadilly,2024-02-18,17:30:00,6:00 PM,18:00:00,On Time,,0
501465d1-3e12-4d39-94cb,04/30/2024,14:43:48,Station,,Adult,Standard,Anytime  ,9.0, London Euston,Birmingham New Street,04/30/2024,16:00:00,17:20:00,17:20:00, On Time,,0
2655452d-a370-4af5-925b,04-02-2024,8:02 AM, Station,Contactless,,standard, Advance,7.0,London Euston,Birmingham New Street,16-02-2024,06:30:00,07:50:00,7:50 AM,On Time,,No
16cadf88-e97d-4924-983a,12-04-2024,7:46 AM,Station,Contactless,,Standard,Advance,35.0,London Kings Cross,York,2024-04-13,06:15:00,08:05:00,08:05:00,OnTime,,FALSE
d21d5840-4bf1-4444-8c58,05-01-2024,12:39:37,Station,CREDIT CARD,Adult, Standard,Advance,,York,Edinburgh,01/06/2024,11:00:00,13:30:00,13:30:00,OnTime,n/a,N
23049b45-489d-4c92-8992,08/04/2024,17:35:49, station,credit card,Adult, Standard,Advance,4.0,London Euston,Birmingham New Street  ,09-04-2024,16:00:00,17:20:00,18:03:00,Delayed, Signal Failure,no
daf00b92-c415-4695-8008,2024-01-12,8:30 PM, Station,Debit Card,n/a,Standard,Advance,£35.00,London Kings Cross,YORK,13/01/2024,18:45:00,20:35:00,20:35:00,ON TIME  ,None,no
3b6cd49e-0ea9-4490-8050,02-02-2024,19:33:35,Online,credit card  ,Senior,Standard,Advance,16.0,London St Pancras,Leicester  ,02/29/2024,18:45:00,19:45:00,19:45:00,ON TIME  ,,N
fd9a87c1-4ef7-4726-a8c7,2024-04-13,1:03 AM,online  ,Credit Crad,,Standrd,Off-Peak,113.0,LIVERPOOL LIME STREET,LONDON EUSTON,13-04-2024,11:30 PM,01:45:00,01:45:00, On Time,,0
38f93706-f5c6-4533-b288,01/10/2024,15:10:28,Station, Contactless,,STANDARD,Anytime,70.0,London Kings Cross,York,2024/01/10,17:45:00,7:35 PM,19:35:00, On Time,,false
25f8489b-64ce-4c5c-876d,02/04/2024,9:37 PM,online,Credit Card,-,STANDARD,Advance,2.0, Manchester Piccadilly,Liverpool Lime Street  ,08/02/2024,20:00:00,20:30:00,20:30:00, ON TIME,-,false
e47495cd-9807-4fce-9659,2024-03-19,05:50:18,Online,Contactless, Senior,Standard,Anytime,£9.00, LONDON EUSTON,Birmingham New Street,"March 19, 2024",07:15:00,08:35:00,8:35 AM,OnTime,N/A,no
7a76cf97-ce8d-4fd0-9dc2,04/13/2024,7:19 AM,online, CONTACTLESS,,STANDARD  ,OFF-PEAK,n/a, London Paddington,READING  ,2024-04-13,08:45:00,9:45 AM,09:45:00,On Time,,no
bde5f3d0-42ed-427c-8354,2024-03-14,09:32:17, station,Creditcard,,Standard  ,ADVANCE,76.0,LIVERPOOL LIME STREET,London Euston,2024-03-15,08:00:00,10:15 AM,10:58:00,Delayed  ,-,no
acb65ec4-6553-44bb-97db,02-03-2024,9:04 AM,Online  ,credit card  , Senior,Standard, Advance,6.0,Liverpool Lime Street,CREWE  ,03/03/2024,7:30 AM,08:05:00,08:05:00,On-Time,,0
4ddb3f63-3f6f-4b58-a4c1,31/03/2024,20:59:05,station,Contact less,,Standard,Off-Peak,£10.00,London Euston,BIRMINGHAM NEW STREET,2024-03-31,10:15 PM,23:35:00,,ON TIME,NULL,N
6a3b44c8-dd08-4a2d-ba6a,2024/04/23,17:29:08,Online, Credit Card,,STANDARD,ANYTIME,10.0, Birmingham New Street,Stafford,2024/04/23,18:45:00,7:15 PM,19:15:00,On Time,,false
134dbf7f-0837-4456-b38d,14-01-2024,09:30:39, Station  ,Credit Card,, STANDARD  ,advance,, London St Pancras,BIRMINGHAM NEW STREET  ,15/01/2024,8:00 AM,09:20:00,09:20:00,On-Time,,0
1a4d5d5a-4bb9-4ea5-8133,17/01/2024,6:58 PM,Station,n/a,,STANDARD, Off-Peak,-4.0,manchester piccadilly,Liverpool Lime Street  ,01/17/2024,20:15:00,20:45:00,8:45 PM,On Time,,N
12e2995e-bfd0-45db-b3b0,03/19/2024,06:02:29,Online,Credit Card,-,Standard,ANYTIME,70.0, London Kings Cross, york,2024-03-19,7:30 AM,09:20:00,09:20:00,On-Time,,no
54f1bb08-adf4-43e9-983c,31-03-2024,16:44:18,station,Debit Crad,ADULT, Standard  ,off-peak,NULL,London Paddington,Reading,03/31/2024,18:00:00,19:00:00,19:00:00,On Time,,FALSE
808e345a-a96a-4144-8399,19-04-2024,18:16:05, Online,Credit Crad,Senior,STANDARD, anytime,3.0,Manchester Piccadilly,liverpool lime street  ,2024/04/19,18:45:00,19:15:00,,CANCELLED  ,Signal failure,0
1c81557d-5369-4545-ae53,"April 08, 2024",10:41:54,Station,Debit Card,Adult,Standard  , Off-Peak  ,11.0, BIRMINGHAM NEW STREET,Manchester Piccadilly,2024-04-08,11:15:00,12:35:00,12:55:00, DELAYED,Technical Issue,1
03BCF890853C49699F4D,2024/03/08,00:58:32,Online,credit card,,Standard,OFF-PEAK,10.0,london euston, Birmingham New Street  ,08/03/2024,2:15 AM,3:35 AM,3:35 AM, On Time,N/A,0
09A555E005C14A588212,2024-04-27,16:34:06,Online,Contactless,Senior,1st Class,Advance,18.0,LONDON PADDINGTON,Reading,2024-04-28,15:00:00,16:00:00,,Cancelled,SIGNAL FAILURE,N
74775b12-9b7c-4f3e-ab80,"April 21, 2024",2:32 PM,Station, Debit Card,disabled  ,Standard  ,OFF-PEAK  ,7.0,LONDON EUSTON,Birmingham New Street,2024-04-21,16:00:00,17:20:00,17:20:00, On Time,,false
905abb1a-6fc7-41e5-a144,05/03/2024,1:15 AM,Online,Contact less,, First Class,advance,52.0, London Euston, Birmingham New Street,2024/03/06,23:45:00,01:05:00,01:05:00,OnTime,,FALSE
6b99e2eb-e77b-47d5-b8f4,04/16/2024,6:00 AM,Online,Credit Card,,Standard, advance  ,13.0,London Paddington,Reading,2024-04-17,4:30 AM,05:30:00,05:30:00,On Time,N/A,0
48cca4c3-f5b0-4e80-ad9b,2024-03-18,06:13:25,Online,CREDIT CARD,,STANDARD,Anytime,-,London Paddington,London Waterloo,2024-03-18,07:30:00,09:00:00,9:00 AM,On Time,,FALSE
CEC89866-E29D-4CD2-9B38,2024-04-28,14:06:49,STATION,Creditcard,,standard,Off-Peak,8.0, Birmingham New Street,Liverpool Lime Street,2024-04-28,3:30 PM,17:00:00,,Cancelled,Staffing,NULL
2a70306f-83b7-4765-b993,2024-02-25,04:49:42,Station,Contact less,,Standard,Off-Peak,53.0, London Kings Cross,York,"February 25, 2024",6:15 AM,08:05:00,08:05:00,On-Time,,N
83bcd330-1a15-4a5d-94ae,02-03-2024,00:49:56,Station  ,CREDIT CARD,,Standard, Off-Peak,5.0,Liverpool Lime Street,Manchester Piccadilly,03/02/2024,02:15:00,02:45:00,02:45:00,On Time,,FALSE
38425f39-3d61-4129-8a5e,19/01/2024,10:42:39,ONLINE,Contactless,,standard,Advance,7.0,London Euston,Birmingham New Street,2024/01/20,09:00:00,10:20 AM,10:20 AM,On Time  ,,no
3e08e127-15de-4ffd-ae15,12-01-2024,08:22:58, Online,Credit Card,,standard,Advance,13.0,London Paddington,Reading  ,2024-01-13,07:45:00,08:45:00,,CANCELLED,None,Yes
990E6FC0-3DC5-4F8F-9C60,11/02/2024,6:00 PM,Station,Debit Card, Adult,Standard,advance,,Liverpool Lime Street,London Euston  ,22/02/2024,17:30:00,19:45:00,20:10:00,Delayed,Technical Issue,true
4f181405-142b-4de7-86dd,2024-02-03,08:03:11,Online,Credit Card,DISABLED,Std, ADVANCE,15.0, Birmingham New Street, London St Pancras,2024-02-04,06:30:00,07:50:00,07:50:00,on time,,FALSE
4121218e-11c9-4be6-9b2e,"January 21, 2024",07:19:34,Online,CREDIT CARD,,Standrd,Off-Peak,26.0, London Paddington,Oxford,21/01/2024,07:45:00,09:15:00,09:15:00,On-Time,,No
29298046-7395-49ed-9e40,17-04-2024,04:49:46,Station  , credit card,,Standard,ADVANCE,None,LONDON PADDINGTON,reading,18/04/2024,03:15:00,04:15:00,04:15:00,On Time  ,,N
333ae356-1cf0-4669-a22e,2024-01-15,9:44 AM, Station  ,Contact less,, First Class, advance,57.00 GBP,London Kings Cross,York,01/16/2024,08:00:00,9:50 AM,09:50:00,On Time,,FALSE
5837546c-4a0a-4fb4-b9ae,03/28/2024,10:08 PM,Online  ,Credit Card,,Standrd, Advance,7.0,London Euston  ,Birmingham New Street,03/29/2024,8:30 PM,21:50:00,21:50:00,On-Time,NULL,no
8023a4d8-80cd-40c7-be1d,05-01-2024,18:45:11,ONLINE,Credit Card,, Standard,Advance,35.00 GBP,London Kings Cross  ,YORK,01/06/2024,17:15:00,7:05 PM,19:05:00,On Time,,
6838418a-ff05-4cef-bab2,10/02/2024,9:08 AM,Online,Credit Card,,Std,Advance  ,34.0,York,Peterborough,"February 13, 2024",7:30 AM,08:40:00,08:40:00,On Time,,N
b4d18c2b-bd49-413f-9ddb,07/01/2024,05:03:53,Online,CREDIT CARD,Disabled  ,Standard,off-peak,22.0,Birmingham New Street  ,London St Pancras,07-01-2024,6:30 AM,7:50 AM,07:50:00, on time,,None
3f69142b-4e5a-4496-8dcc,30-01-2024,02:59:03,Station,CONTACTLESS,, standard, Off-Peak,n/a,liverpool lime street,Manchester Piccadilly,2024-01-30,04:15:00,04:45:00,4:45 AM,OnTime,,No
cff01439-984b-4f34-8226,01/27/2024,07:36:41,Online  ,Contactless,,FIRST CLASS,advance,57.0,London Kings Cross,York,2024-01-28,06:00:00,07:50:00,n/a,On Time,,No
3710E9B2-BF57-4129-A4FF,04/05/2024,06:09:23,Online,CREDIT CARD,,STANDARD, Anytime  ,67.0,York,Peterborough  ,04/05/2024,7:30 AM,08:40:00,08:40:00,On Time,,N
d3b8a892-3a2a-4f08-85e6,2024-02-14,20:31:22,Station,contactless,Disabled,Standard,Off-Peak,3.0, Liverpool Lime Street,Manchester Piccadilly,14-02-2024,10:00 PM,22:30:00,n/a,on time,,No
e5668b8d-aac9-4050-87de,22-01-2024,7:44 PM,station,Creditcard,,Standard,Advance,3.0,Manchester Piccadilly, liverpool lime street,23/01/2024,17:45:00,18:15:00,-, Delayed,STAFFING,0
9C051089-F204-400F-B2F8,25/01/2024,14:43:49,Station, Debit Card,NULL,Standard,Anytime  ,9.0,London Euston  ,Birmingham New Street,2024-01-25,16:00:00,17:20:00,17:20:00,On Time,,false
e434b7da-5dd4-4be9-9f00,01-02-2024,06:12:40,Station,Contactless,,Standrd,Anytime,6.0, Liverpool Lime Street,Manchester Piccadilly,01-02-2024,07:30:00,08:00:00,08:00:00,On Time,,N
bb33e87c-3f92-4cbd-a0eb,2024/03/24,03:46:18,Online, Credit Card,,Standrd,Advance,7.0,london euston,Birmingham New Street,2024-03-25,02:15:00,03:35:00,03:35:00,on time,,N
7083c894-7fac-46a7-8873,2024/02/02,08:28:30,Online,Credit Card,,Standard, Advance,13.0,London Paddington,Reading,20/02/2024,07:45:00,08:45:00,, Cancelled  ,Staffing,N/A
E04FFFCA-1F4D-4157-85A2,2024-01-09,5:27 PM,Station,Contactless,,Standard,ADVANCE  ,35.0,london kings cross  ,York,10-01-2024,15:45:00,17:35:00,5:35 PM,On Time  ,,No
81a472c6-9594-41b1-8f93,2024/02/10,4:42 PM,STATION,None,,Standard, ADVANCE,13.0,LONDON PADDINGTON, Reading,"February 11, 2024",15:00:00,16:00:00,16:00:00,On-Time,,false
19a937d7-a29e-48c2-a4e8,2024-04-11,06:43:57,Station,CC,,Standard,anytime,151.00 GBP,Liverpool Lime Street, London Euston,"April 11, 2024",08:00:00,10:15:00,10:28:00,Delayd,Weather,false
5ddb1099-86fe-41d7-bb56,30/01/2024,01:28:54,Online,Contactless,Disabled,STANDARD,Advance,5.0,York  ,Durham,2024-02-08,11:45 PM,00:35:00,12:35 AM,On Time  ,,no
3fde6467-75d8-45ac-9128,2024-03-07,03:36:48,online,Contactless,Adult,Standard,Off-Peak  ,72.0, London Euston,manchester piccadilly,07/03/2024,5:00 AM,06:50:00,06:50:00, On Time,,FALSE
f64bb963-b183-4d67-a320,10-03-2024,16:24:05,online,credit card,Senior,Standard  ,Advance,2.0,Manchester Piccadilly,Liverpool Lime Street,2024/03/11,14:45:00,15:15:00,3:15 PM,On-Time,,No
40b962bd-62d9-44bc-9ace,2024/01/19,17:12:00,Station,Credit Card,,Standard,Advance  ,35.0,LONDON KINGS CROSS,York,2024-01-20,15:30:00,5:20 PM,17:20:00,On Time,-,No
bc884e33-0418-4df4-88b5,2024-04-20,06:43:11,Online,contactless,,first class,ADVANCE,57.0,London Kings Cross,york,04/21/2024,05:00:00,6:50 AM,06:50:00,ON TIME,,N
c4311697-1dd3-4548-a5fa,2024-01-20,5:19 AM,Station  , CREDIT CARD,,standard,OFF-PEAK,,London Kings Cross,York,20-01-2024,06:45:00,08:35:00,08:35:00,On Time,,no
e302c94d-668f-4221-808d,2024/03/21,08:44:20,Online,credit card, Adult,STANDARD,ADVANCE,2.0,Liverpool Lime Street,Manchester Piccadilly  ,22-03-2024,7:00 AM,07:30:00,07:30:00,On-Time,,FALSE
8c23764e-3fa5-4089-aaaa,2024/01/29,05:10:12,Online,Creditcard,Adult,Standrd,advance,2.0,MANCHESTER PICCADILLY, Liverpool Lime Street,"January 30, 2024",03:30:00,04:00:00,04:00:00,On Time,,
cf78210a-e095-4a93-9e49,"April 26, 2024",08:32:43,STATION,CONTACTLESS,,Standrd, OFF-PEAK  ,,Liverpool Lime Street,Manchester Piccadilly,2024/04/26,10:00:00,10:30:00,10:30:00,On Time,,N
754ed4ad-c73a-4804-89de,2024/03/14,04:19:13,Station  ,None,Senior,Standard,Off-Peak,84.0,MANCHESTER PICCADILLY  ,london euston,2024/03/14,09:30:00,11:20:00,11:45:00,Delayed, TRAFFIC,Y
1c51de6d-6bda-4868-82bd,2024-04-18,00:23:11,Online,Contacless, DISABLED,standard,Advance  ,24.0,London Kings Cross,EDINBURGH WAVERLEY,"April 20, 2024",4:00 PM,20:20:00,20:20:00,On Time,,FALSE
17525ab8-120a-43bd-90d8,2024/03/09,5:13 AM,Station,-,disabled,standard,Off-Peak,22.0,Birmingham New Street,London St Pancras,09-03-2024,06:30:00,07:50:00,,On Time,,FALSE
2394fb9c-5a72-499e-bc1c,02-02-2024,01:55:05,Station,CC,adult,standard,ADVANCE  ,15.0, BIRMINGHAM NEW STREET,London St Pancras,2024-02-03,00:15:00,1:35 AM,01:35:00,On Time,,0
a82285f4-e060-40e2-8a9e,03/16/2024,9:09 AM,Online,Credit Card  ,,Standard,Advance,35.0,LONDON KINGS CROSS,York,2024/03/17,7:30 AM,09:20:00,09:20:00,On Time  ,,no
badd5c529c6d41f2bf5e,2024/04/21,11:04:02,Station  ,Contactless,,Standard,Advance,35.0,London Kings Cross,York,22/04/2024,09:30:00,11:20:00,11:20 AM, On Time,,no
e417d3a7-2e46-46c8-a7fa,02/02/2024,20:26:18,station,NULL,,STANDARD  ,Advance,35.0,London Kings Cross  , York,13-02-2024,18:45:00,20:35:00,8:35 PM,On Time,,0
7069E06C-B2BF-490F-AEA0,14-02-2024,03:18:54,Station, Credit Card,,Standard, Advance  ,£8.00,London St Pancras,birmingham new street  ,2024-02-20,01:45:00,03:05:00,03:05:00,On Time,,false
e0ea7ffb-bf5b-470a-9fee,2024/03/18,6:04 AM,Online,Credit Card,, Standard,Anytime,13.0,london euston  ,Birmingham New Street  ,03/18/2024,7:30 AM,08:50:00,08:50:00, On Time,,false
085d39d0-cf13-46fc-9e9f,03/03/2024,14:25:02,online,Credit Card,,Std,Off-Peak,10.0,London Euston, birmingham new street,03/03/2024,3:45 PM,5:05 PM,5:05 PM,On Time,,N
41052061-4d7d-4835-943a,24-04-2024,17:02:36, Online,CC,Disabled  ,Standard  ,Advance,4.0,london euston,Birmingham New Street,2024-04-25,15:30:00,16:50:00,4:50 PM,On Time,,0
f9f47154-cd23-4265-a491,23-04-2024,21:47:33,Online,Credit Card,Adult  , STANDARD,Advance,8.0,London Paddington,Reading,24-04-2024,20:15:00,9:15 PM,,Cancelled,Staffing,NULL
69dc40a2-6bb8-44a4-93fc,2024-04-26,9:07 AM,Online  ,Credit Card,,Standard,Advance,, London Euston  ,BIRMINGHAM NEW STREET,04/27/2024,07:30:00,8:50 AM,08:50:00,On Time,,N
d18444cf-4f57-464e-881c,"February 06, 2024",17:20:21,ONLINE,Contactless,,Standard,advance,3.0,Manchester Piccadilly,Liverpool Lime Street,2024-02-07,15:45:00,16:15:00,16:15:00, On Time,,no
14D3A3F0-AC0A-4B07-A0F9,01/02/2024,19:40:16,STATION  , Credit Card,-,Standard,Advance  ,3.0,manchester piccadilly,Liverpool Lime Street,2024/02/02,5:45 PM,18:15:00,19:13:00,Delyed,Technical Issue,FALSE
5b52ac91-1c8b-4a41-a011,04/21/2024,08:11:13,online,Credit Card  , Disabled,Standard,Advance,15.0,Birmingham New Street, london st pancras,2024-04-22,06:30:00,07:50:00,07:50:00,On Time,,0
3d27edb7-e3c4-40df-8214,2024-04-26,12:58:56,Station,Credit Card,None,Standard,Off-Peak,£12.00,London St Pancras,Birmingham New Street,26-04-2024,14:15:00,15:35:00,15:35:00,On Time,,No
4a619aca-08f8-4a06-8191,2024-02-11,17:27:15,Online,Credit Card, Disabled  ,Standard,ADVANCE,4.0,London Euston,Birmingham New Street,2024/02/12,15:45:00,17:05:00,17:05:00,On Time,,0
dcb27dc8-334e-4d66-9541,04/09/2024,09:56:33,Station,Credit Crad,,Std,off-peak,4.0,MANCHESTER PICCADILLY,Liverpool Lime Street,09-04-2024,11:15:00,11:45:00,11:45 AM,On Time,,N
7566cae0-9e26-496a-b664,11-01-2024,03:57:13, Online,Contact less,, Standard, Off-Peak,53.0,London Kings Cross,york,11-01-2024,05:15:00,07:05:00,07:05:00,OnTime,,N/A
1accf5e1-872f-4aa5-8723,11/01/2024,20:04:44,Station,Credit Card,, Standard,Off-Peak,19.0,London Paddington  ,Reading,2024-01-11,21:30:00,22:30:00,22:30:00,On Time,,No
82c21cc8-2bf5-4370-a1e1,29-03-2024,21:42:10,Online,credit card,,Standard,Advance,13.0,London Paddington  ,Reading,2024-03-30,20:00:00,21:00:00,21:00:00,OnTime,,FALSE
e0a86d2d-49de-44f0-962b,03/28/2024,08:39:29,Online, Credit Card,,Standard,Off-Peak,35.0, Liverpool Lime Street,Birmingham New Street,2024-03-28,10:00:00,11:30:00,11:30:00,On Time,,no
49a77cc7-d129-4e79-b497,2024/02/25,10:30 AM,Station,Contact less,adult,Standard,Advance,8.0, Manchester Piccadilly,nottingham,"February 26, 2024",9:00 AM,10:00:00,11:05:00,Delyed,N/A,-
fd6c032f-1a1f-4ec2-91a7,2024-02-03,17:42:49,STATION  ,Debit Card,Disabled,Standard,Advance,4.0,London Euston  ,Birmingham New Street,2024-02-04,16:00:00,17:20:00,17:20:00,OnTime,,N
e53dc9c8-5f59-436f-a796,2024-04-11,03:16:49, Station,Credit Card,Adult,Standard,Advance,£56.00,MANCHESTER PICCADILLY,London Euston,"April 12, 2024",01:45:00,03:35:00,03:35:00,On Time,,no
776ca44d-f69a-4afe-97d0,03/19/2024,20:46:50, Online,NULL,Adult,Standard, Advance,2.0,Liverpool Lime Street,MANCHESTER PICCADILLY,20-03-2024,7:15 PM,19:45:00,19:45:00,On Time,,no
86a290f7-473a-45fe-8f31,15/02/2024,14:44:19,Online,contactless  ,,Standard, advance  ,3.0,Manchester Piccadilly, Liverpool Lime Street,2024/02/16,13:00:00,1:30 PM,13:30:00,On-Time,,no
bcf9c3dd-417e-4c82-992a,07-02-2024,8:21 AM,Online  ,Contactless  ,,Standard,advance,13.0,London Paddington,reading,2024/02/17,06:45:00,07:45:00,07:45:00,on time,,N/A
90cfdb9a-b538-4ea9-a351,2024-04-09,20:25:12, Online,credit card  ,Senior,Standard,advance,6.0,Liverpool Lime Street,Crewe,04/10/2024,18:45:00,7:20 PM,19:20:00,On Time,,false
3350e968-de05-442a-9c49,29-04-2024,01:05:31,Station, Contactless,,Standard, Advance  ,7.0,London Euston,Birmingham New Street,2024/04/30,23:30:00,12:50 AM,00:50:00, On Time,,FALSE
82319746-bc49-4b02-b429,11/01/2024,17:27:33,Online,Credit Card,,STANDARD  ,ANYTIME,16.0,LONDON ST PANCRAS,Birmingham New Street  ,11/01/2024,18:45:00,20:05:00,20:05:00,On Time,,No
e4e5e5b4a9704826a445,2024-01-03,10:34 PM,Station  ,CREDIT CARD,,Standard  , Advance,13.0,London Paddington,reading,04/01/2024,00:00:00,1:00 AM,01:00:00,ON TIME,,false
0207aef2-2550-4c6f-9e38,23/01/2024,12:21:42,Station,Credit Card  ,,standard, ADVANCE  ,7.0,London Euston,BIRMINGHAM NEW STREET,2024-01-24,10:45:00,12:05 PM,12:05:00,On Time,,no
277f7376-0a38-4d8c-81c3,09/02/2024,03:26:08,Online,contactless,,First Class  ,ADVANCE,54.0,LONDON ST PANCRAS  ,Birmingham New Street,2024-02-10,01:45:00,03:05:00,None,On Time,,false
94b93888-b4b1-4cd4-9367,26/01/2024,06:39:08,Station, CONTACTLESS,,STANDARD,Advance  ,35.0,London Kings Cross,York,"January 27, 2024",05:00:00,6:50 AM,06:50:00,On-Time,,No
f6b14787-d2d5-43b9-abaa,08-01-2024,23:33:01,Online,Contactless,,Standard  , Advance,13.0,London Paddington,Reading  ,2024-01-09,10:00 PM,23:00:00,23:00:00,ON TIME,-,No
148542F4-A1AB-45F3-BD42,19-01-2024,05:32:09,Online,Contactless,N/A, Standard  ,ANYTIME,£23.00,Oxford, Bristol Temple Meads,2024-01-19,07:00:00,08:15:00,08:15:00,ON TIME,,0
1242BDE6-5A72-4B39-83C5,04/12/2024,4:57 AM,Online,Credit Card,,Standrd,Anytime,70.0,London Kings Cross,YORK,12-04-2024,06:15:00,8:05 AM,08:05:00,ON TIME  ,,N
3ee8b7d7370c447ab726,21/02/2024,07:21:28,Online,CREDIT CARD  , Adult  ,first class, ANYTIME,13.0,manchester piccadilly,Liverpool Lime Street,02/21/2024,08:45:00,9:15 AM,09:15:00,On Time,-,0
2749a823-3352-499b-a9a3,14-01-2024,07:45:23, Online,Contactless  ,Senior,STANDARD,Off-Peak,3.0,Manchester Piccadilly,Liverpool Lime Street  ,2024-01-14,09:15:00,09:45:00,,CANCELLED, Technical Issue,
c23cecc1-31f6-4d03-a685,2024-02-22,15:10:50,ONLINE,Contactless,N/A,standard,ANYTIME  ,5.0,manchester piccadilly,liverpool lime street,2024-02-22,4:30 PM,17:00:00,17:00:00, On Time,,0
b0dbcefa-b397-48f9-b880,21-02-2024,12:14:19,Station, Credit Card  ,disabled,Standard  , Advance,2.0,Liverpool Lime Street,Manchester Piccadilly,2024/02/28,10:30:00,11:00:00,11:00 AM,ON TIME,,No
1b2e4987-7c20-4918-95b7,2024-03-17,22:43:19,Online,contactless,ADULT  ,Standard, Advance,2.0,Manchester Piccadilly, Liverpool Lime Street,2024-03-18,00:00:00,00:30:00,,OnTime,,N
7939b8a6-9e4a-47bd-8c1b,10-03-2024,07:29:58,online,Credit Card,n/a,Standard  ,OFF-PEAK  ,26.0, LONDON PADDINGTON,OXFORD,2024-03-10,07:45:00,09:15:00,9:15 AM,On Time,,0
161ae2e6-15b2-40bb-a0ad,03/21/2024,01:24:07,Online,Contactless  ,DISABLED,standard,Advance,5.0,York,Durham,03/22/2024,11:45 PM,00:35:00,12:35 AM,On Time,,0
e12f95f4fe2640338582,20/01/2024,12:34 PM,Station,Contact less,,Standard,Advance,24.0,York, Edinburgh,01/02/2024,11:00:00,1:30 PM,13:30:00,On Time,,N
bc9d07a7-6746-40f4-aec6,03/17/2024,09:43:06, Online, CREDIT CARD,,standard,Advance,48.00 GBP,London Euston, manchester piccadilly,"March 18, 2024",8:00 AM,09:50:00,09:50:00,On Time,,FALSE
94d29c0650584f73b0f8,2024-01-18,08:20:35,Station,Credit Card,,standard,Advance  ,3.0,liverpool lime street,manchester piccadilly  ,01/19/2024,06:45:00,07:15:00,07:15:00,On-Time,,no
1C74479D-85A4-4BA1-A607,2023/12/31,00:02:01,Station,Credit Card,Adult,STANDARD,ADVANCE,None,London Euston,Oxford,01/01/2024,22:30:00,23:40:00,11:40 PM,on time,N/A,N
c934ac2f-6a71-4564-b7ca,2024-04-29,23:03:50,Station,CC,,Standrd,Advance  ,7.0,LONDON EUSTON, Birmingham New Street,30/04/2024,21:30:00,22:50:00,22:50:00, on time,NULL,false
f60dd7e8-9abf-4ae9-a6e6,17/02/2024,08:20:55, Online,-,,Standrd,Advance,35.00 GBP, London Kings Cross,York,25-02-2024,07:45:00,09:35:00,09:35:00,ON TIME,,0
3944a867-2ba6-427b-ab09,03/11/2024,5:43 PM,Station,Debit Crad,NULL,standard,ADVANCE,£4.00,london euston  ,Birmingham New Street,2024/03/12,16:00:00,5:20 PM,18:59:00, Delayed,Weather  ,N
202da629-bf64-48d6-ab3c,15-02-2024,19:39:35,Station,Credit Crad,adult,FIRST CLASS  ,Advance,£35.00,London Euston  ,Birmingham New Street,20-02-2024,17:45:00,19:05:00,NULL,on time,,0
bc565c66-e850-472d-87cb,11-04-2024,6:45 PM,Online,Contactless,,Standard,Advance,3.0, Manchester Piccadilly,liverpool lime street  ,04/12/2024,5:15 PM,17:45:00,17:45:00,On Time,N/A,N
64532c03-831f-485f-9e24,2024-04-11,01:34:43,ONLINE, Credit Card,Senior  ,Standard  ,ADVANCE,-,Liverpool Lime Street,MANCHESTER PICCADILLY,2024-04-12,00:00:00,00:30:00,NULL,ON TIME,,No
A5091620-9041-454A-B84D,"January 04, 2024",04:20:54, station,CC,adult,Standard  ,Off-Peak,£65.00,london kings cross  ,Liverpool Lime Street,2024-01-04,05:45:00,08:00:00,08:00:00,On Time,,N
f91521d8-1022-4870-bc49,"January 12, 2024",2:56 AM,Station  , Credit Card,,Std,Advance,3.0,Liverpool Lime Street,Manchester Piccadilly  ,13-01-2024,1:15 AM,1:45 AM,n/a,on time,None,no
0ada860e-b252-47fb-806a,08/03/2024,07:19:10, Online, credit card,,Standard,Anytime,25.0,London Paddington,reading,08-03-2024,7:45 AM,08:45:00,, CANCELLED, Technical Issue,1
767069b1-5aa8-48fa-bd39,"February 20, 2024",09:38:06,Online,Contactless,, Standard, ADVANCE,17.0,OXFORD,bristol temple meads,2024-02-22,08:00:00,09:15:00,09:15:00,On Time,,no
0bc18c9b-6403-4b38-9049,2024-02-18,20:22:16,ONLINE,Credit Card,,Standrd,Advance,£8.00,London St Pancras, Birmingham New Street,2024-02-19,6:45 PM,20:05:00,20:05:00,On Time,,No
2879821a-2998-4254-a2db,01/12/2024,15:59:26, Station,Contactless,,Standrd, Anytime,6.0,Liverpool Lime Street,Manchester Piccadilly,01/12/2024,17:15:00,17:45:00,17:45:00, On Time,,FALSE
d9e7c892-16e8-431f-8f2e,03/13/2024,16:08:39,Station,CONTACTLESS  ,,STANDARD,Advance  ,8.0,London St Pancras,Birmingham New Street,14/03/2024,14:30:00,15:50:00,, Cancelled,Weather,no
95affd14-f804-49aa-b474,"April 22, 2024",04:41:51,Online,,,Standard,Advance,N/A,Liverpool Lime Street  ,Manchester Piccadilly,04/23/2024,03:00:00,3:30 AM,3:30 AM,On-Time,,no
a1d23953-11b5-43bc-a3a5,19-01-2024,17:08:38,STATION,credit card  ,,Standard, Advance  ,3.0,Manchester Piccadilly,LIVERPOOL LIME STREET,02/01/2024,3:30 PM,16:00:00,,Cancelled,signal failure,No
fc8ea17f-b6cb-474b-8d47,"January 09, 2024",11:35:09, ONLINE,contactless,,Standrd, off-peak,4.0,Manchester Piccadilly,Liverpool Lime Street  ,09/01/2024,13:00:00,13:30:00,13:30:00,on time  ,,0
1a9f2cd7-704e-4feb-8ab4,2024-04-12,17:52:18,ONLINE,Contacless,Adult,Standard,Advance,2.0,manchester piccadilly, Liverpool Lime Street,2024/04/13,16:15:00,16:45:00,4:45 PM,On Time,,N
6d57cc36-dde4-48be-a9a6,"February 09, 2024",4:26 PM,Online,-,Senior  ,Standard,advance  ,2.0, Manchester Piccadilly,Liverpool Lime Street  ,12-02-2024,14:45:00,15:15:00,3:15 PM,On Time,,N
de92738c015f43d0b4b4,2024-02-02,04:52:46,Online  ,Debit Card,senior,Standrd, Anytime,47.0,London Kings Cross,York,02-02-2024,06:15:00,08:05:00,08:05:00, On Time,,false
b16e6a11-4e5a-4f63-95b0,03/26/2024,23:02:06,Station  ,Credit Card,,STANDARD  ,Advance  ,13.0,london paddington,READING,27-03-2024,21:30:00,10:30 PM,22:30:00,on time,,no
229d2a04-d51b-40c4-9846,2024-04-26,18:45:37,ONLINE,CONTACTLESS  ,,Standrd,off-peak,107.0,London Euston,Manchester Piccadilly,04/26/2024,20:15:00,22:05:00,None,ON TIME,,FALSE
d2c85e0c-0a37-4abe-a13d,2024-04-11,03:44:25,ONLINE  ,Contact less,,STANDARD, Off-Peak,4.0,Manchester Piccadilly  , liverpool lime street,2024-04-11,05:00:00,05:30:00,05:30:00,On Time,,FALSE
efa6f39c-e6b1-4fe0-9ad7,2024-02-16,04:20:46,online,N/A,n/a,standard,off-peak,19.0,london paddington, Reading,02/16/2024,5:45 AM,6:45 AM,n/a,OnTime,,false
d1acde81-9d3c-4feb-9e12,22/03/2024,03:56:55,Online,CC,,Standard,Advance  ,-,london euston  ,Birmingham New Street,"March 23, 2024",02:15:00,3:35 AM,03:35:00, On Time,,0
41c06d72-7784-4f03-85ba,02/16/2024,05:12:16,Online,Credit Card,,standard,Advance,None,Liverpool Lime Street,MANCHESTER PICCADILLY,25/02/2024,03:30:00,04:00:00,04:00:00,OnTime,,-
FE7430C2-EE39-495E-8653,04/09/2024,09:39:41,Station,Credit Card,,STANDARD,Advance,76.0,Liverpool Lime Street,London Euston,2024/04/10,08:00:00,10:15:00,10:15:00,On Time  ,,0
85086fff-cf4f-492b-8721,2024/04/24,07:48:54,Online,Creditcard,,standard  ,Off-Peak  ,97.0,London Kings Cross  ,LIVERPOOL LIME STREET  ,04/24/2024,09:15:00,11:30 AM,11:30 AM,On-Time,,N/A
f5233042-5eb3-4303-b19a,14/01/2024,16:38:28,online,Credit Card,,standard,Advance,33.0,Birmingham New Street,Reading,2024-01-15,15:00:00,16:30:00,16:30:00,On-Time,,false
0dee5986-2927-4bd9-a9d9,2024/01/18,02:35:17, online  ,CREDIT CARD,,Standard,Advance  ,13.0,London Paddington,Reading,19/01/2024,01:00:00,02:00:00,02:00:00, ON TIME  ,,No
835D0B27D23B4EFDBE6E,03/13/2024,07:23:30,online,CREDIT CARD,,Standard,Anytime,25.0, London Paddington, Reading,13-03-2024,07:45:00,08:45:00,08:45:00,OnTime,NULL,0
91fac856-9cbc-4fee-a347,02/09/2024,00:10:56, Online,Contactless  ,DISABLED,Standard  ,Off-Peak,3.0,Liverpool Lime Street  ,Manchester Piccadilly  ,09-02-2024,01:30:00,02:00:00,02:00:00,ON TIME,,N
5BD7CDEB-E585-4CA3-8CD8,04/19/2024,19:26:03,Station,debit card,,First Class,Advance,54.0,london st pancras  ,birmingham new street,2024-04-20,17:45:00,19:05:00,19:05:00,On-Time,,0
9b5783c5-7651-46ca-8a83,02/07/2024,12:20 PM,Online,credit card,,Standard,Off-Peak,5.0,Liverpool Lime Street, Manchester Piccadilly,2024-02-07,13:45:00,2:15 PM,14:15:00,On-Time,,false
ea289a44-48fe-41a4-bf00,"February 02, 2024",18:54:32,Station, Credit Card  ,, Standard,Off-Peak,4.0,Manchester Piccadilly,Liverpool Lime Street  ,02/02/2024,20:15:00,20:45:00,20:45:00,On Time,,No
ae998310-edf5-401a-a1b7,09-02-2024,08:25:34,Online,credit card,,Standard,Advance,35.0,LONDON KINGS CROSS  ,YORK  ,02/11/2024,07:45:00,9:35 AM,09:35:00,On-Time,,FALSE
151c9f1a-89ab-4347-bb54,09/01/2024,04:02:06,Station,NULL,Disabled  ,standard,OFF-PEAK,13.0,London Paddington,Reading,2024-01-09,5:30 AM,06:30:00,07:20:00, Delayed  , Staff Shortage,N
5e1b6be7-1099-439b-9c90,16/04/2024,16:22:56,Online  , Credit Card,SENIOR,Standard  ,ADVANCE,2.0, Manchester Piccadilly,Liverpool Lime Street,04/17/2024,14:45:00,15:15:00,3:15 PM,On Time,,FALSE
d941fa0e-4f71-4b1a-a911,03-04-2024,09:00:03,Online,CREDIT CARD,Senior,Standard,ADVANCE,6.0,Liverpool Lime Street  ,Crewe,04-04-2024,7:30 AM,08:05:00,08:05:00,On Time,,No
53971b1360224dc8a3fe,14-04-2024,9:08 AM, Online  ,CC,,Standard, Advance,£35.00,london kings cross, York,04/15/2024,07:30:00,9:20 AM,9:20 AM,on time,,no
ebfccc2e-8980-4a84-9676,04-03-2024,1:26 PM,Online  ,Credit Card,, Standard,Off-Peak,19.0, London Paddington,READING,04-03-2024,2:45 PM,15:45:00,15:45:00,OnTime,,0
d5e87c2f-387e-4c3b-918e,02/23/2024,6:23 PM,Online,,Senior,Standard, Anytime,3.0,Manchester Piccadilly,Liverpool Lime Street,02/23/2024,18:45:00,7:15 PM,N/A,On Time  ,,N
b3a637e8-0d7d-4504-a5a8,2024-04-13,17:27:55,Online,Credit Card,Senior,Standard  ,OFF-PEAK,8.0,Liverpool Lime Street,Crewe,2024-04-13,18:45:00,19:20:00,19:20:00,OnTime,,N
2b17f22a-ebbf-48e8-b182,"January 22, 2024",20:10:36, Station,Credit Crad,,Standard,off-peak,10.0,London Euston,BIRMINGHAM NEW STREET,01/22/2024,21:30:00,22:50:00,10:50 PM,ON TIME,,N
bc0d9ec2-3947-4ca2-b068,2024/02/20,15:47:42,station,CONTACTLESS,, Standard, Advance,13.0,London Paddington,Reading,02/03/2024,2:15 PM,15:15:00,15:15:00,ON TIME,,N
6a7b05fc-395a-4e25-a41d,02/03/2024,02:15:20,Online, Contactless,Adult, Standard,off-peak,35000.0,London Kings Cross,York,03-02-2024,03:45:00,5:35 AM,05:35:00,On Time  ,,false
11e9c01f-c4fe-4467-95ce,04/17/2024,00:35:05,Online,Creditcard,,Standrd,Off-Peak  ,17.0,Manchester Piccadilly,Nottingham,2024-04-17,2:00 AM,03:00:00,03:00:00, On Time,,N
da44f10b-52cd-48bf-962d,2024-01-29,03:31:07,Station,Contact less,None,Standard  ,OFF-PEAK  ,53.0,London Kings Cross,york,"January 29, 2024",05:00:00,06:50:00,06:50:00,On Time,,0
b73cdb4f-cf82-4574-ab93,2024-03-06,5:26 PM,Online,Credit Card,,Standard,Anytime,25.0,London Paddington,reading,2024/03/06,18:45:00,19:45:00,7:45 PM,OnTime,,0
53427856-61f3-4a0c-9b99,2024-01-17,6:11 AM,online  ,Credit Card,, Standard,Advance,n/a,London Paddington  ,Reading  ,2024-01-18,04:30:00,5:30 AM,5:30 AM,On Time,,no
5a5dfbad-0e8c-4f7c-8703,2024/03/02,04:49:57,Online,Credit Card  , senior, Standard, Off-Peak,,Manchester Piccadilly,Liverpool Lime Street,02/03/2024,06:15:00,06:45:00,06:45:00,OnTime,,false
bb5b8dd4050b4950aecb,04/08/2024,14:15:54,Online  ,Credit Card,Disabled, STANDARD,Off-Peak,35.0,london kings cross  ,York,04/08/2024,15:45:00,5:35 PM,17:35:00,On Time,,false
6c5ad80f-c070-44b8-9f3a,2024-01-09,20:29:52, Online,Credit Crad,,STANDARD  ,Advance,8.0,London St Pancras  ,birmingham new street  ,01/10/2024,18:45:00,20:05:00,20:05:00,On-Time,,N
4ec6d47a-9abf-449d-99f5,14/01/2024,17:16:45,Online,Contactless,, Standard,Off-Peak,4.0,Manchester Piccadilly, Liverpool Lime Street,2024/01/14,18:45:00,7:15 PM,7:15 PM,On Time,N/A,0
a8e2f477-73ae-48bc-9fb9,08-02-2024,8:14 AM,Online,credit card,,Standrd, Advance,4.00 GBP,York,doncaster,17/02/2024,06:30:00,7:00 AM,,Cancelled,staff shortage,n/a
aa41f35d-96ec-4edf-ab26,"January 28, 2024",09:38:53,Station,Credit Crad,,Standard,Advance,76.0, LIVERPOOL LIME STREET,London Euston,2024-01-29,8:00 AM,10:15:00,11:06:00,Delayed,Weather,no
9ed4a32ecf3048729249,2024-04-09,17:20:08,ONLINE, credit card,,Standard,Anytime,£13.00,Birmingham New Street,Nuneaton  ,09-04-2024,18:45:00,7:05 PM,19:05:00,On Time  ,,false
01c1c824-ec37-4143-809e,"January 11, 2024",06:30:40,Station,N/A,,standard,ANYTIME,151.0,Liverpool Lime Street, London Euston,01/11/2024,08:00:00,10:15:00,11:07:00,delayed,n/a,n/a
609b469f-09ac-4439-9516,13/01/2024,15:20:46,Station  , contactless,,Standard  ,Off-Peak  ,53.0, LONDON KINGS CROSS,York,2024-01-13,17:45:00,19:35:00,19:35:00,OnTime,n/a,0
3594ac58-0f00-4182-98fc,2024-02-02,21:34:24,online,None,,standard,Advance,35.0,London Kings Cross,York,03-02-2024,8:00 PM,21:50:00,21:50:00,OnTime,,N
a1a535d3a7b242dfa8b0,06/04/2024,12:15 AM,Online,n/a,,First Class,Off-Peak,15.0,York,Durham,06/04/2024,01:45:00,02:35:00,02:35:00,On Time  ,,n/a
aaffe9f2-7b53-48bc-9ae4,2024/03/20,9:36 PM, Station,Credit Card,,First Class  ,Advance,27.0,London Paddington,Reading,2024-03-21,20:00:00,21:00:00,21:00:00,On Time,,No
0bb720a3-52d4-4d8d-989f,09/04/2024,3:07 PM,Station,Contactless  ,,Standard,Advance,13.0,London Paddington,Reading  ,2024-04-10,1:30 PM,14:30:00,14:30:00,ON TIME,,FALSE
cf1843d4-47dd-43e6-b690,2024/03/05,03:24:59,Online, Contactless,,Standard,ADVANCE,8.0, london st pancras,BIRMINGHAM NEW STREET,2024-03-06,01:45:00,03:05:00,3:05 AM,On Time,,FALSE
c5347662-7392-428f-b982,2024/01/17,7:23 AM,Online,Credit Card,,standard,Anytime,, London Kings Cross,York  ,2024-01-17,8:45 AM,10:35:00,10:35 AM,On Time,,false
dc3d6a93-63d1-4f8f-94e7,28-03-2024,07:35:57,Station, CONTACTLESS,Adult,Standard,Off-Peak,3.0,Manchester Piccadilly,liverpool lime street,28-03-2024,09:00:00,9:30 AM,11:42:00,Delayed, Signal Failure,no
641859b4-8970-43f1-9daa,02/01/2024,01:03:02,Online,credit card,,Standard,Off-Peak,5.0,Liverpool Lime Street  ,MANCHESTER PICCADILLY,02/01/2024,23:30:00,12:00 AM,00:00:00,On-Time,,No
6fe07b0d-ea95-4a97-9fd9,2024-03-20,4:08 PM,online,Contactless,,Standard,Advance,-3.0,MANCHESTER PICCADILLY,liverpool lime street  ,21-03-2024,2:30 PM,15:00:00,3:00 PM, On Time  ,,0
16a3fce4-20aa-4ce2-8838,2024-03-31,05:36:09,Station,Contactless,adult  ,first class,off-peak,10.0, manchester piccadilly,LIVERPOOL LIME STREET,2024-03-31,07:00:00,07:30:00,7:30 AM, On Time,,0
4b096609-c76e-4fa1-9524,02/03/2024,20:34:46,STATION,,,standard, advance,£35.00,London Kings Cross,York,04/02/2024,5:45 PM,19:35:00,19:35:00,On Time  ,,FALSE
f9bba225-e555-4a9b-ad99,2024-02-02,09:40:17,Station,Credit Card,,STANDARD,Advance,,Liverpool Lime Street,london euston,03/02/2024,8:00 AM,10:15:00,10:57:00,Delayed,Weather  ,FALSE
ea068e23-5f9e-499a-abde,01/02/2024,16:35:10,Station,Credit Card,,Std,Advance,13.0,London Paddington,Reading,02-02-2024,3:00 PM,16:00:00,4:58 PM,DELAYED,Technical Issue  ,No
3fd822b7-864d-415b-bd74,2024-02-02,18:37:49,Station, contactless, Senior,Std,Off-Peak  ,21.0,Birmingham New Street,LONDON EUSTON,2024-02-02,20:00:00,21:20:00,21:20:00,On-Time,,false
75C1ED19-A619-4B89-B365,2024/03/03,16:07:57,Station,CREDIT CARD,Adult,Std,Advance,£23.00,London Kings Cross,York,04-03-2024,14:30:00,16:20:00,,On Time,,0
4e22a42b-5104-4642-90a4,2024-02-08,6:55 AM,Online,Credit Card,,Standard,Anytime,11.0,Birmingham New Street,liverpool lime street,02/08/2024,08:15:00,9:45 AM,09:45:00,On Time,,0
fd96114b-fef8-40b7-a4ef,2024/02/20,06:32:27,Station,None,,Standrd,anytime,168.0,MANCHESTER PICCADILLY,London Euston,20-02-2024,8:00 AM,09:50:00,10:35:00,Delayed,n/a,no
1c8bb067-72b4-45ee-8397,04/17/2024,9:59 AM,Station,Credit Card,DISABLED,Standrd,Advance,4.0,London Euston,birmingham new street,2024-04-18,08:15:00,09:35:00,9:35 AM,OnTime,,0
1211e193-9386-485e-9965,05/01/2024,08:02:27,Online  ,Debit Card,, Standard  ,Advance,£72.00,London Euston,manchester piccadilly,2024-01-06,6:30 AM,08:20:00,08:20:00,on time,,N
11d60ef5-05a9-4dde-83ef,21-03-2024,17:29:40,Online,Credit Card,,Standard,Anytime,13.0,BIRMINGHAM NEW STREET  , Nuneaton,2024-03-21,6:45 PM,19:05:00,19:05:00,On Time,None,FALSE
8bf13c11-a11b-4ab7-bd57,29-01-2024,08:28:17,ONLINE,Credit Card,,Std,advance,,london paddington,READING,2024/01/30,07:45:00,08:45:00,NULL,On Time,,no
b0e15ccc-0e89-4c90-91cd,28-03-2024,07:28:33,Online,Credit Card,,Standard,Anytime,-70.0,London Kings Cross,YORK,2024-03-28,08:45:00,10:35:00,10:35:00,On Time,,FALSE
9eae8e05-6366-4daf-a7bf,05-03-2024,21:47:40,Station,contactless  ,,STANDARD,Advance,3.00 GBP,Liverpool Lime Street, Manchester Piccadilly,2024-03-06,20:15:00,20:45:00,20:45:00,On Time,,N
b9649a88-378a-4bb8-bfd6,27-04-2024,2:55 AM,Station,Contactless,adult,Standard,OFF-PEAK,None,London Euston,Birmingham New Street,2024-04-27,04:15:00,5:35 AM,05:35:00,On Time  ,,0
F747F0D9-2BCA-43B9-ADA9,01/08/2024,2:14 AM,Station,Credit Card,,Std,advance,£3.00,Liverpool Lime Street,Manchester Piccadilly,2024-01-09,00:30:00,01:00:00,None, Cancelled,Weather Conditions  ,Yes
1b406605-fb00-4a18-b012,2024-04-28,16:21:39,Online,Credit Card,Senior, STANDARD,Advance,£2.00,MANCHESTER PICCADILLY,Liverpool Lime Street,2024-04-29,14:45:00,15:15:00,15:15:00, on time,,N
19550585-bfed-41a9-a8c8,01/03/2024,6:35 AM,station,Credit Card,,Standard, ANYTIME,151.0,Liverpool Lime Street,London Euston,2024-01-03,08:00:00,10:15:00,11:09:00,Delayed,N/A,No
1dbfcfb935394134bcf1,12-03-2024,1:55 AM,STATION,CREDIT CARD,,standard,Off-Peak,19.0,london paddington,Reading,2024-03-12,03:15:00,4:15 AM,04:15:00,On Time,,false
469a98ca-be2f-4613-bd0a,02/15/2024,3:34 PM,Station, contactless,n/a, STANDARD,Advance,13.0,London Paddington,Reading  ,2024-02-22,14:00:00,15:00:00,15:00:00,On Time,,N
061b967c-bf63-4dab-b3b4,2024-03-26,6:31 AM,Station,Credit Card  ,, standard,anytime,151.0,Liverpool Lime Street  ,LONDON EUSTON,"March 26, 2024",08:00:00,10:15 AM,10:38:00,Delyed,Weather,No
2fb791eb-787a-41db-8ef8,02/12/2024,07:38:03,Station,None,,Standrd,Off-Peak,5.0, Liverpool Lime Street,Manchester Piccadilly,"February 12, 2024",09:00:00,09:30:00,9:30 AM,On Time  ,,No
57e137a6-7657-462f-9287,2024/02/03,17:35:50,Station,DEBIT CARD  ,Disabled,Standard,Advance,,London Euston  ,Birmingham New Street,07/02/2024,16:00:00,5:20 PM,17:20:00,OnTime,,FALSE
2745ff7bf57b432a8196,2024-01-22,7:15 AM,ONLINE,credit card,,Standrd,Anytime,35.0,London Paddington, Oxford  ,01/22/2024,07:45:00,9:15 AM,09:15:00, ON TIME,,N
520b2df4-0e64-497d-ad59,"January 13, 2024",6:51 AM,Station,Credit Card  ,NULL,Standard,Off-Peak,£5.00,manchester piccadilly, Sheffield,2024-01-13,08:15:00,09:00:00,,Cancelled,SIGNAL FAILURE  ,
583197df-73eb-4bc6-86a7,2024-01-24,3:11 PM, Station,Contactless,,Standard  , Anytime,N/A,London Kings Cross,York,01/24/2024,17:45:00,19:35:00,,cancelled,Weather,no
17a77bfa-210c-4188-b31d,29-03-2024,17:07:46,online,Credit Card  ,Disabled,Standrd,Advance,N/A,London Euston  ,Birmingham New Street,03/30/2024,3:30 PM,16:50:00,16:50:00, on time,,No
af8c00df-02f9-415d-bb4d,2024-03-29,15:09:24, station,Contactless,Adult,Standard, Anytime,£11.00,Liverpool Lime Street,SHEFFIELD  ,2024-03-29,16:30:00,17:45:00,17:45:00,On Time,,no
d2d06f45-ff90-465e-b185,2024/01/12,05:26:56,Online,Contactless  ,,STANDARD,ADVANCE,,london kings cross,YORK,01/13/2024,03:45:00,05:35:00,05:35:00, On Time,,FALSE
2136c3b2-de2c-4da1-8c60,2024-01-17,3:17 AM,Online,n/a,,Standard,Advance,35.0,London Kings Cross,YORK,"January 18, 2024",01:45:00,3:35 AM,3:35 AM,On Time,,0
43219a3c-5b2a-47de-8797,09/04/2024,09:37:22,online,CREDIT CARD,,Standard,Advance,8.0,London St Pancras,BIRMINGHAM NEW STREET,10-04-2024,08:00:00,09:20:00,09:20:00,On-Time,,0
ec7767d8-971b-4dd9-84b6,24-03-2024,17:28:01,Online,Credit Card,,standard,Off-Peak,£10.00, Birmingham New Street,Nuneaton,2024/03/24,6:45 PM,7:05 PM,19:05:00,On Time,,N
9c8e9266-315e-4355-836c,2024-04-21,06:00:46,Online,Credit Card,,First class ,Off-Peak,N/A,LONDON ST PANCRAS, birmingham new street,21-04-2024,7:30 AM,08:50:00,08:50:00,On-Time,,No
4464ef09-3dd8-4a44-a574,03/19/2024,01:46:38,online,Credit Card,,Std,OFF-PEAK  ,N/A,Liverpool Lime Street,MANCHESTER PICCADILLY,19/03/2024,03:15:00,03:45:00,03:45:00,on time,,FALSE
46c09699-f90e-4792-9195,14/03/2024,06:50:30,Station  ,Credit Card,,Standrd,Anytime  ,13.0,London Euston  ,birmingham new street,2024-03-14,08:15:00,09:35:00,10:35:00, Delayed  ,signal failure,0
0d35fe6e-29f3-4eba-b0f7,22/03/2024,09:46:43,Station, Credit Card,,First Class,OFF-PEAK,14.0,Manchester Piccadilly,Liverpool Lime Street  ,"March 22, 2024",11:15:00,11:45 AM,11:45:00,On Time,,N
a68266ed-b026-4a8e-b039,2024-02-16,6:24 PM,Online,n/a,Senior  ,Standard,Anytime  ,3.0,Manchester Piccadilly,LIVERPOOL LIME STREET,16-02-2024,18:45:00,19:15:00,19:15:00,ON TIME,N/A,N
7d572dc4-5b1b-48a6-978b,04/25/2024,08:25:31,Online,CONTACTLESS,,standard,Off-Peak,10.0,London Euston,Birmingham New Street  ,04/25/2024,09:45:00,11:05:00,None,On Time,None,FALSE
1886ad05-dd9e-4637-9299,04/09/2024,15:59:46,Station, Contactless,,first class,anytime,20.00 GBP,Liverpool Lime Street,Manchester Piccadilly,2024-04-09,17:15:00,17:45:00,17:45:00,ON TIME,,n/a
648a195c-8308-4354-9112,"April 25, 2024",17:25:07,Online, Credit Card, Disabled  ,Standard,Anytime  ,n/a,LONDON ST PANCRAS,Wolverhampton,"April 25, 2024",18:45:00,20:15:00,8:15 PM,On Time,,No
688d3fec-c41d-4f94-8bf2,2024-04-08,09:57:30,Online,Contactless  ,Disabled,First Class  ,Off-Peak,52.0, London Euston,Birmingham New Street,08/04/2024,11:15 AM,12:35 PM,-,On Time,,0
2e751e2d-9cca-4af6-a305,28/03/2024,10:19:18,Online  ,CONTACTLESS,,Standard,Advance,8.0, LONDON ST PANCRAS,Birmingham New Street,2024-03-29,09:45:00,11:05:00,11:05:00,On Time,,FALSE
0c34708d-bb7d-402d-bd24,04/20/2024,14:48:06,Online, Contactless,Adult,First Class,Off-Peak  ,29.0,Birmingham New Street,manchester piccadilly,2024/04/20,16:15:00,5:35 PM,17:35:00,on time,,0
6552f23c-dcd5-42f0-a718,03/06/2024,04:53:42,Online, Debit Card,, Standard,Anytime  ,70.0,london kings cross, York,2024-03-06,06:15:00,08:05:00,08:08:00,Delayed,Technical Issue,FALSE
ae058a78-6fe4-4f0e-a15e,12-03-2024,5:58 AM,Online,Contactless,Senior,Standard  ,Anytime  ,9.0,London Euston, Birmingham New Street,12/03/2024,07:15:00,08:35:00,8:35 AM,On Time,,N
a20f714d-d7cb-4258-989e,2024-01-06,04:48:57,Station,Contactless  ,,Standard  , Off-Peak,53.00 GBP,LONDON KINGS CROSS,york  ,06-01-2024,06:15:00,08:05:00,,Cancled,Traffic,0
98ee19c8-bd0f-4d42-a68c,08/03/2024,4:19 AM,online,Credit Card,N/A,Standrd, Advance,-3.0,liverpool lime street, Manchester Piccadilly,09/03/2024,02:45:00,3:15 AM,03:15:00,On-Time,,no
32487d55-e3c3-4bcb-a106,12/01/2024,14:34:33, Station,Debit Card, Disabled,1st Class,Anytime,69.0,London Euston,Birmingham New Street,01/12/2024,16:00:00,17:20:00,17:20:00,On-Time,,no
fa630a3f-4efb-4529-a1a6,04/27/2024,03:45:55,Online,-,Disabled,Standard,Off-Peak,13.0, london paddington,Reading,04/27/2024,05:15:00,06:15:00,06:15:00,on time,,no
eb8ae19b-f017-4140-88f4,2024-02-01,19:35:33,Online,Contactless,,standard  ,Advance,3.0,Manchester Piccadilly,Liverpool Lime Street  ,2024-02-02,6:00 PM,18:30:00,18:30:00,On Time,,No
f44da63a-9062-43dd-a78b,02/13/2024,15:48:28, Online,N/A,,Standard,advance,7.0,London Euston, birmingham new street,22-02-2024,14:15:00,15:35:00,,On Time,None,false
2f7faf5c-a523-421a-8d51,29-01-2024,03:35:06,Station, Credit Card,Adult,STANDARD  ,Off-Peak,76.0, Liverpool Lime Street  ,london euston,29-01-2024,5:00 AM,7:15 AM,07:15:00,On Time,,false
7d52924a-3768-427e-8679,2024-03-18,07:17:23,Online,CREDIT CARD,, Standard,Anytime,25.0,london paddington,Reading,"March 18, 2024",7:45 AM,08:45:00,8:45 AM,OnTime,,FALSE
ef6ca33a-41e6-4bc3-82b4,03-02-2024,08:03:54,ONLINE,,Adult,Standard,Advance,4.0,London Euston,BIRMINGHAM NEW STREET,02/28/2024,06:30:00,7:50 AM,07:50:00,OnTime,,0
d96ce7a7-78c3-404e-884d,"January 15, 2024",8:07 AM,Online,Debit Crad,,Standard,Advance,N/A,Birmingham New Street  , London St Pancras,2024/01/16,6:30 AM,7:50 AM,07:50:00,On Time,,N
c6c85a7a-5499-4314-be49,21-01-2024,07:24:50,Online  , CONTACTLESS  ,,Standard,Off-Peak,19.0,LONDON PADDINGTON,READING  ,2024-01-21,8:45 AM,09:45:00,09:45:00,On-Time,,false
88c5a84a-de30-491f-a65e,05-03-2024,21:15:25, online,Contact less,, Standard,advance,8.0,LONDON ST PANCRAS  ,Birmingham New Street,2024-03-06,19:45:00,9:05 PM,21:05:00,On Time,,No
be10cc59-9e5d-41ef-bf48,2024-04-09,5:29 PM,Online,Credit Card,,Standard,Anytime,16.0,london st pancras,birmingham new street  ,04/09/2024,18:45:00,8:05 PM,20:05:00,On Time  ,,n/a
06427f74-8316-4daa-8301,2024/03/03,09:05:56,Station,Credit Card,,standard, OFF-PEAK,4.0, Manchester Piccadilly, Liverpool Lime Street,03-03-2024,10:30:00,11:00 AM,None,Cancelled,Staffing,Y
4465449a-dfb3-4e44-acb8,2024-04-10,23:12:09,Station,Credit Crad,Adult,STANDARD,Advance,-2.0,LIVERPOOL LIME STREET,Manchester Piccadilly,11-04-2024,9:30 PM,10:00 PM,22:00:00,On-Time,,No
51d70169-bd1f-48a4-8c11,2024/01/29,09:39:05,Online,Contact less,,standard,Off-Peak,5.0,manchester piccadilly,Sheffield,2024-01-29,11:00:00,11:45:00,11:45:00,On Time,,false
20b04352-7d51-47b9-a7d0,03/18/2024,05:49:19, Online,Contacless,,Standrd,Anytime,6.00 GBP, LIVERPOOL LIME STREET,Manchester Piccadilly,"March 18, 2024",07:15:00,07:45:00,07:45:00,On Time,n/a,No
beff6c46-850b-498e-80b0,02/15/2024,20:03:48,Station,Contacless,Adult, First Class,Advance  ,£34.00,BIRMINGHAM NEW STREET,LIVERPOOL LIME STREET,"February 18, 2024",18:30:00,20:00:00,8:00 PM,On Time,,No
e8ca0fc4-a205-4c87-8b5e,"January 28, 2024",04:01:31,Online,Contactless  ,, First Class,Off-Peak  ,86.0,London Kings Cross,YORK  ,"January 28, 2024",05:30:00,07:20:00,7:20 AM, On Time,,No
cb814529-9adb-4bba-9b39,2024-01-30,01:38:18, Online,Credit Card,Senior, Standard,Advance,5.0, YORK,Durham,05-02-2024,00:00:00,12:50 AM,00:50:00,OnTime,,No
d208c45a-f9db-42ce-aaef,2024-04-22,00:25:30, Online,Contactless,,Standard,Off-Peak,N/A,London Kings Cross,Liverpool Lime Street,04/22/2024,01:45:00,04:00:00,04:00:00,On Time,N/A,N
4bba6b70-6d54-4528-8492,25/01/2024,17:44:28,station,credit card,,Standard,Advance,4.0,London Euston  , Birmingham New Street,2024/01/26,4:00 PM,17:20:00,17:20:00,On Time,,FALSE
441af24f-32ca-4e39-8c2d,04/01/2024,10:41:32,Online,Contacless,,Standard,Advance,13.0,London Paddington  ,Reading,01/05/2024,9:00 AM,10:00:00,10:00:00,On Time,,N/A
b4c043dc-d4ee-4e92-876e,2024-02-08,08:26:48,online,Creditcard,,Standard,advance,13.0,London Paddington,READING,02/27/2024,07:45:00,08:45:00,08:45:00,On Time,,N
d2e28ff0-1910-4a50-b907,2024-01-16,17:38:55, Station,debit card,Disabled,Standard,Advance,4.0,London Euston,Birmingham New Street,17-01-2024,16:00:00,17:20:00,17:20:00,ON TIME,,FALSE
f8ec9230-bc6a-455b-bc85,"February 08, 2024",2:45 PM,Online,Credit Card,,Standard  ,Advance,7.0,london euston,Birmingham New Street,23-02-2024,13:15:00,14:35:00,14:35:00,OnTime,,N
2be0da99-ccfb-4edb-b6fc,2024/01/12,10:25:11,Station,Credit Card,,Standard,Off-Peak,12.0,London St Pancras  ,Birmingham New Street,12/01/2024,11:45 AM,1:05 PM,-,On Time,,no
c115c742-4d0c-44e4-ae8a,02/09/2024,11:21 AM, Station,CONTACTLESS,,Std,Advance,35.0,London Kings Cross  ,YORK,2024/02/16,9:45 AM,11:35:00,11:35:00, On Time,,
72bebb3e-d902-4e08-afe9,24-02-2024,01:43:25,online,Contactless  ,,STANDARD,Advance,2.0,Manchester Piccadilly, Liverpool Lime Street,25-02-2024,00:00:00,00:30:00,00:30:00,On Time,,false
030bab13-4d81-4859-8a1c,2024-04-12,20:33:40,Online,Contactless,,STANDARD, Off-Peak,15.0,Liverpool Lime Street,Leeds,"April 12, 2024",10:00 PM,23:30:00,23:30:00,On-Time,,no
431733d5-338b-4db9-b54c,08-02-2024,08:22:12,Online  ,Credit Card,,Standrd,Advance  ,£13.00,london paddington,Reading,2024-02-09,07:45:00,8:45 AM,08:45:00,On Time,,FALSE
77804cd8-e623-4def-802e,"January 05, 2024",7:16 AM,Online, Credit Card,,Standard,Anytime,£25.00, London Paddington,Reading,2024-01-05,07:45:00,08:45:00,08:45:00,On Time  ,,false
610C39AB5624456AA6F1,12-02-2024,08:41:25, online, Credit Card,N/A,Standard,Advance,13.0,London Paddington, Reading,2024-02-13,07:00:00,8:00 AM,8:00 AM,On Time,,0
f6045b22-3092-4cf8-a5e9,02-03-2024,20:04:15,STATION,Contactless,, Standard,Advance,13.0,London Paddington,READING,03/03/2024,18:30:00,19:30:00,19:30:00,On-Time,,no
08279bf4-d342-4e3b-a5eb,11-03-2024,8:05 AM,Online,Credit Card,,First Class  ,ADVANCE  ,14.0, Birmingham New Street,NUNEATON,2024/03/12,6:30 AM,06:50:00,,Cancled, Traffic,None
1457618F-77F9-4528-976F,2024-03-29,5:55 AM,Station,Credit Card,,Standrd,Advance,8.0,London St Pancras  ,birmingham new street,30/03/2024,04:15:00,05:35:00,05:35:00,On Time,None,No
8ea05a49-9807-4547-bdcd,2024-01-29,2:54 PM,STATION,Contactless,NULL,Standard,Advance,2.0,Manchester Piccadilly,Liverpool Lime Street,2024-01-30,13:15:00,1:45 PM,13:45:00,On Time  ,,FALSE
f221348a-c1ec-4cc1-a83a,23/01/2024,7:28 AM,Station  ,None,,Standard,Advance,,Manchester Piccadilly,Liverpool Lime Street  ,24/01/2024,05:45:00,06:15:00,6:15 AM,On Time,,no
e8e8fc0c-3bf9-46c7-b02d,"March 12, 2024",8:15 AM,Station,Credit Crad,n/a,Standrd, Advance,3.0,Liverpool Lime Street,Manchester Piccadilly,03/13/2024,06:45:00,07:15:00,N/A,on time,,N/A
d1a3ab32-f3f1-461e-83dc,15/01/2024,08:14:17,online, Credit Card,Disabled,Standard,Advance,15.0,BIRMINGHAM NEW STREET,London St Pancras,16-01-2024,06:30:00,07:50:00,07:50:00,on time,,no
028237e7-a98a-456b-bc42,11/02/2024,17:43:46,Station,CREDIT CARD  ,Adult,STANDARD,Advance,4.0,London Euston,birmingham new street,02/26/2024,16:00:00,17:20:00,5:20 PM,On Time,,false
8655bf42-18f6-4c3a-bed6,13/04/2024,7:27 AM,Online,Contactless,,Standrd,Off-Peak,19.0,London Paddington,READING  ,04/13/2024,08:45:00,09:45:00,09:45:00, On Time,,N
60b6aabb-e8d0-4d1b-b774,2024-03-15,12:33:43, Station,Credit Card,,STANDARD,ADVANCE,8.0,London St Pancras,BIRMINGHAM NEW STREET,2024/03/16,11:00:00,12:20:00,12:20:00, On Time,,No
ec73c90b-7e1a-4d01-8f59,2024-02-03,07:53:57, ONLINE,Credit Card  ,,Standard,Advance,-35.0, London Kings Cross, York,11-02-2024,6:15 AM,08:05:00,8:05 AM,On Time,-,FALSE
1b8e74e7-4743-4317-a8ca,2024/04/14,1:08 AM,Online,Contactless,,STANDARD, OFF-PEAK  ,4.0, Manchester Piccadilly  ,Liverpool Lime Street,2024-04-14,02:30:00,03:00:00,03:00:00,On Time,,no
a2758653-3d7e-4df7-8329,2024/04/08,18:54:34,Online,Contactless,NULL,Standard  ,ADVANCE  ,7.0,London Euston  ,Birmingham New Street,2024-04-09,17:15:00,18:35:00,18:35:00,On-Time,NULL,N
d77e78bf-2500-45c7-9c4f,2024-04-11,15:53:16,Online,Credit Card,Senior,standard,Anytime,9.0,London Euston,Birmingham New Street  ,"April 11, 2024",17:15:00,18:35:00,18:35:00, ON TIME,,0
2da87406-3a25-4d26-bed2,24/01/2024,18:30:29,Online,Credit Card  ,,Std,Advance,n/a,london euston,Birmingham New Street,01/25/2024,17:00:00,6:20 PM,18:20:00,On Time,,FALSE
0fa5156e-fcf4-42e9-9136,2024-04-21,01:01:32,Online,CONTACTLESS, Adult,FIRST CLASS,ADVANCE  ,72.0,LONDON EUSTON  ,Manchester Piccadilly,04/22/2024,23:30:00,01:20:00,01:20:00,On Time,None,no
0df8fa72-ea52-4c9d-b07b,01/06/2024,12:23:07,Online,Credit Crad,,Std,off-peak,5.0,Liverpool Lime Street,manchester piccadilly,06-01-2024,13:45:00,14:15:00,2:15 PM,on time,,false
3678ba6d-120f-4abb-b505,2024/03/02,07:53:25,Online, Credit Card,,Standard,ADVANCE,35.0,london kings cross  ,York,03/03/2024,06:15:00,08:05:00,8:05 AM,on time,,FALSE
bdf6849d-b7e4-48d6-92a8,01-03-2024,23:38:12,Online,Credit Card,,FIRST CLASS,Advance,10.0, LIVERPOOL LIME STREET,manchester piccadilly,2024/03/02,01:00:00,01:30:00,n/a,On Time  ,,No
ba1dc25994cc4c649ee4,04/18/2024,17:21:42, Online,Credit Card,None, Standard  ,Anytime,10.0,Birmingham New Street, tamworth,04/18/2024,6:45 PM,19:05:00,19:05:00,On-Time,,no
580103ef-b9e8-4028-beec,2024/03/21,06:53:08,Station,Credit Card  ,disabled  , Standard,Anytime,9.0,London Euston, Birmingham New Street,21/03/2024,08:15:00,09:35:00,-,On Time,,0
7ee44a9d-1143-43d6-8aaf,"February 09, 2024",03:50:13,Online,credit card,-,Standrd,Advance,7.0, London Euston,Birmingham New Street,02/22/2024,02:15:00,03:35:00,03:35:00, On Time,,No
f21a736e-a74d-4305-ab02,2024-03-19,04:58:48, Online  ,CC, senior,Standard, anytime,£3.00,manchester piccadilly,Liverpool Lime Street,03/19/2024,06:15:00,06:45:00,6:45 AM,On Time,,false
45ba0c25-ec93-4dde-a955,2024-01-27,21:45:03,online,Creditcard,,Standard,ADVANCE,£13.00, London Paddington,Reading  ,2024/01/28,20:15:00,21:15:00,9:15 PM,on time,,false
529ac948-17ec-441d-a311,2024-03-17,12:06 AM, Station, Credit Card,Adult,Standard,Advance  ,11.00 GBP,OXFORD  ,Bristol Temple Meads,18-03-2024,22:30:00,23:45:00,23:45:00,On Time,,false
f5f19c6ceb004cb0ac28,"January 08, 2024",9:42 AM,Online,CC,NULL,STANDARD,advance,13.00 GBP,London Paddington,Reading,"January 09, 2024",08:00:00,09:00:00,09:00:00,On-Time,,0
cb62f2eb-26ce-4aa7-a788,2024-03-20,7:32 AM,Station,None,disabled  ,Standard,Advance,2.0, LIVERPOOL LIME STREET,manchester piccadilly,03/21/2024,06:00:00,06:30:00,06:30:00,On Time,NULL,false
ca23d8e1-f982-4da6-8b2a,"February 11, 2024",01:43:16,STATION,Contacless,,Standard,Advance,-84.0, Manchester Piccadilly,London Euston,"February 12, 2024",00:00:00,01:50:00,01:50:00,On Time,,No
bb9f7324-2578-4f6f-94cf,02/02/2024,07:57:22,Online  ,Debit Card,senior,STANDARD  ,Advance,8.0, london paddington,Reading,29-02-2024,6:15 AM,7:15 AM,07:15:00,On Time,,No
d1dcc742-fcb0-4c05-8343,2024/03/28,8:21 AM,Station,Creditcard, Adult,Standard, Off-Peak  ,35.0, London Kings Cross,York  ,"March 28, 2024",9:45 AM,11:35:00,11:44:00,Delayed,Signal Failure  ,0
b330b2d7f57d4764aa44,11-02-2024,21:38:12, Station, CREDIT CARD  ,,Standard,Advance,13.00 GBP,London Paddington  ,Reading,15-02-2024,20:00:00,21:00:00,21:00:00,On Time,,0
e5196109-997e-488c-999a,04/13/2024,14:05:26,Online, Contactless,,Standrd,Off-Peak,19.0, London Paddington  ,Reading,2024/04/13,15:30:00,16:30:00,4:30 PM,On-Time,N/A,N
f397ff2f-6a38-4d5e-b304,04-04-2024,06:35:53,Online  ,contactless,,Standrd, anytime,25.0,London Paddington, READING,2024-04-04,08:00:00,9:00 AM,09:00:00,On Time,,false
D5A90D71-1765-4F74-A285,11-04-2024,07:10:15, Online,credit card,-,Standard,Anytime,17.0,London Paddington  ,reading,11-04-2024,08:30:00,9:30 AM,9:30 AM,on time,,false
ac2b086e-4cce-4f91-ae3b,"April 11, 2024",08:39:46,ONLINE,Credit Card  ,,Standard,Advance,13.0,London Paddington,Reading,04/12/2024,7:00 AM,8:00 AM,08:00:00,ON TIME,,N
D26A6544-FAC1-4595-B6F9,22-04-2024,04:47:49, Online,Credit Card  , senior,First Class,anytime,13.0, Manchester Piccadilly  ,LIVERPOOL LIME STREET,22-04-2024,6:15 AM,06:45:00,06:45:00, On Time,,false
1117c8e9-86dd-40d8-aca9,2024-01-24,10:52 AM,online,Debit Card  ,SENIOR  ,Std,advance,£2.00,MANCHESTER PICCADILLY,Liverpool Lime Street,25-01-2024,09:15:00,9:45 AM,09:45:00,on time  ,,N
d38c002d-7374-421d-a241,2024/04/29,22:42:28,ONLINE  ,Contacless,,Standard,Advance,,London Euston, birmingham new street,30/04/2024,21:00:00,22:20:00,22:20:00,On Time,,0
4d4f594a-c661-47fb-babe,08/04/2024,07:22:17,STATION,credit card,-,Standard, ADVANCE,8.0,London St Pancras,Birmingham New Street,2024-04-09,05:45:00,07:05:00,07:05:00,On Time,,No
45e9b7d4-4654-4aa1-b79b,19-01-2024,07:15:24,Online,NULL,,Standard  ,Advance,-,London St Pancras,Birmingham New Street  ,01/20/2024,5:45 AM,07:05:00,07:05:00,On Time  ,,0
8655bf42-18f6-4c3a-bed6,04/13/2024,07:27:07,online,Contactless  ,,Standard  ,Off-Peak,n/a,London Paddington,Reading,"April 13, 2024",08:45:00,9:45 AM,09:45:00,On Time,,no
0363cf40-6bef-4475-a32e,04/06/2024,14:24:36,Online,CC,disabled,Std,Off-Peak,7.0,LONDON EUSTON,Birmingham New Street,2024-04-06,15:45:00,17:05:00,17:05:00,ON TIME,,FALSE
9195189b-7731-4a8c-a90b,12/01/2024,12:40 AM,Online,CREDIT CARD,,STANDARD,Off-Peak,5.0,Liverpool Lime Street, Manchester Piccadilly,2024-01-12,02:00:00,02:30:00,2:30 AM,On Time,,N
7ba8bb9f-35a5-4b44-bc8b,04/15/2024,12:16:15,Online,Credit Card,Adult  ,Standard  ,advance,5.0,london st pancras,BIRMINGHAM NEW STREET,16/04/2024,10:45:00,12:05:00,12:05:00,On Time,,0
04b1f9a8-ff9a-46bc-921c,19/03/2024,12:21 PM,Station  ,Contacless,,Std,OFF-PEAK,19.0,London Paddington,Reading  ,03/19/2024,13:45:00,14:45:00,N/A,OnTime,,no
185eb36f-0c0d-4009-ab80,2024-01-14,00:23:00, Online,Contactless  ,Disabled,Standard,ADVANCE,24.0,London Kings Cross,EDINBURGH WAVERLEY,2024/01/16,16:00:00,8:20 PM,20:20:00,On Time,,0
f8bd691228ef453db31f,2024/04/08,12:46:23,Online,contactless,n/a,Standard, advance  ,,Manchester Piccadilly,Liverpool Lime Street,09-04-2024,11:15:00,11:45:00,11:45:00,ON TIME,n/a,false
289f1243-7a7d-48d3-a72c,04/17/2024,05:02:57,Online,Credit Card  ,,Standrd, Advance,35.0,London Kings Cross, York  ,04/18/2024,03:30:00,05:20:00,05:20:00,On Time,,FALSE
55c2d860-8465-4ab8-a89d,01/15/2024,19:33:26,Station, Debit Card,n/a,Standard,Advance,8.0,London St Pancras, birmingham new street,16-01-2024,17:45:00,19:05:00,19:05:00,On Time,,false
7a968599-95db-47be-b891,07/04/2024,18:36:47,Station, credit card,,FIRST CLASS  , Advance,54.0, London St Pancras,Birmingham New Street,08/04/2024,17:00:00,18:20:00,18:20:00,OnTime,,N
e953b0d1-20f8-42c3-8dc3,22/01/2024,7:24 AM,Online,Credit Crad,,standard,Anytime,70.0, london kings cross,York,2024/01/22,07:45:00,9:35 AM,09:35:00, On Time,,0
cf55df96-1eaf-4fd6-94ad,2024/02/17,8:01 AM,Online  , credit card,Disabled,Standrd,Advance  ,15.0, birmingham new street,London St Pancras,2024-02-27,06:30:00,07:50:00,07:50:00,OnTime,,N
15b97239-4f16-4b8a-b59e,2024-04-28,00:31:47,online,Contactless,disabled,STANDARD, Advance,24.0,London Kings Cross,Edinburgh Waverley,30/04/2024,16:00:00,20:20:00,20:20:00,On Time  ,,No
0EDA841D-40F4-4AAE-8E9E,02/05/2024,20:17:41, Online,CC,,First Class  ,Advance,54.0,london st pancras  ,BIRMINGHAM NEW STREET,17/02/2024,18:45:00,20:05:00,,Cancelled,Weather Conditions,No
E6B54F4D-09C8-47D3-BE9B,2024/03/08,02:10:11,Station,CONTACTLESS,,Standard,Off-Peak,50.0,Birmingham New Street,Reading,03/08/2024,03:30:00,5:00 AM,05:00:00,On Time,,N
355b8ead-ad64-4c47-ba2f,06/01/2024,06:23:14,Station,Credit Card,, Standard,OFF-PEAK  ,53.0,london kings cross  ,York,2024-01-06,07:45:00,9:35 AM,9:35 AM,On Time,,no
ab3cca3f-4101-4f1b-9157,"February 13, 2024",09:01:00,Online  ,Credit Card,,Standard,Off-Peak,10.0,london euston, birmingham new street  ,02/13/2024,10:30:00,11:50:00,11:50 AM,On-Time,,false
c66a7ae3-f127-4354-a33c,2024-04-02,11:53 AM,Online,Credit Card,adult, Standard,Off-Peak,3.0,Liverpool Lime Street, Manchester Piccadilly,2024-04-02,13:15:00,13:45:00,-,on time,n/a,0
daee8e57-4bfb-416f-be8a,02/20/2024,08:00:58,online,Credit Card,Disabled,Standard,advance,4.0,York,DONCASTER,2024-02-25,06:30:00,07:00:00,07:00:00, On Time,,No
d6403465-bd3f-4984-9352,01/15/2024,04:46:24,Online  ,,Senior,Standard,Anytime,£3.00,Manchester Piccadilly,Liverpool Lime Street  ,15/01/2024,06:15:00,6:45 AM,06:45:00,On-Time,,false
8aaf1125-dafb-4912-a5d0,08-03-2024,01:19:58,Online,NULL, disabled,Standard,Off-Peak,8.0,York,Durham,03/08/2024,23:45:00,00:35:00,00:35:00,on time  ,,FALSE
1f64cdd5-53f1-4fe1-99b0,18-01-2024,20:26:45,Online  ,Credit Crad,,standard,Advance,8.0,London St Pancras,Birmingham New Street  ,01/19/2024,18:45:00,20:05:00,8:05 PM,On-Time,N/A,0
60a7d57c-8de4-4ca0-b1bd,29-03-2024,13:05:40,STATION,Creditcard,,Standard,Advance,7.0,London Euston  ,Birmingham New Street  ,"March 30, 2024",11:30:00,12:50:00,12:50:00,On Time,,no
e54340fd-06a3-4a61-a95b,03/07/2024,07:32:02,Online,Contactless  ,,Std,Advance,3.0,Manchester Piccadilly,LIVERPOOL LIME STREET,08-03-2024,06:00:00,06:30:00,06:30:00,On Time,,false
19ffb2e1-7a8b-4046-9b6c,03-02-2024,8:03 AM,ONLINE, Credit Card,Disabled,Standard  ,Advance,21.0,LONDON ST PANCRAS,Wolverhampton,2024-02-04,06:30:00,8:00 AM,08:00:00,On Time,,no
c3b9544f-c55d-4645-8d12,"April 25, 2024",07:32:19,ONLINE,CC,Adult,FIRST CLASS,Advance,7.00 GBP,Liverpool Lime Street,Manchester Piccadilly,04/26/2024,06:00:00,06:30:00,6:30 AM,OnTime,,FALSE
A559DAA1-D4B2-4D9D-9C9A,02/29/2024,5:32 PM,Station  ,Debit Crad,Disabled,Standard,Advance  ,4.0,London Euston,Birmingham New Street,03/01/2024,16:00:00,17:20:00,17:20:00,ON TIME  ,,0
dc74939a-222a-4201-829a,"March 05, 2024",14:44:30,Online,CONTACTLESS,,Standard, advance,£3.00,Manchester Piccadilly  ,Liverpool Lime Street,06/03/2024,13:00:00,13:30:00,n/a,On Time,,FALSE
dd568098-25e1-430c-9c42,2024-01-14,07:40:53,Online,Debit Crad,Senior,Standard,Off-Peak,35.0,LONDON KINGS CROSS,York,14/01/2024,09:00:00,10:50:00,10:50:00,on time,n/a,no
1e80be08-fcfe-4a62-9c1a,04/14/2024,08:14:56,ONLINE,Credit Card,Disabled  ,standard,advance,15.0,Birmingham New Street,London St Pancras,2024/04/15,06:30:00,07:50:00,NULL,ON TIME,,No
0b06357e-7798-4762-9524,2024-01-27,02:11:30,Online  , Contactless,,STANDARD,Advance,35.0, London Kings Cross,york,28-01-2024,00:30:00,02:20:00,02:20:00,On-Time,N/A,no
007957a4-c285-4a9a-865a,25-01-2024,05:54:49,Online,CONTACTLESS,,Standard, anytime,13.0,London Euston,Birmingham New Street,01/25/2024,07:15:00,08:35:00,08:35:00,On Time,,N/A
17dfde39-0811-4d85-8e98,05-04-2024,09:37:41,STATION,,,Std,Advance,76.0,Liverpool Lime Street,London Euston  ,2024-04-06,8:00 AM,10:15:00,10:15:00,On Time,-,0
410e999c-5786-4df7-bd22,2024-02-13,14:29:54,Station,N/A,ADULT,Standard,Advance,16.0,York,Edinburgh  ,14-02-2024,12:45:00,3:15 PM,3:15 PM,On Time,,N
bae1186e-5245-4817-98bb,2024-04-21,18:15:01,Online,Credit Card  ,senior,Standard,Off-Peak,2.0,Manchester Piccadilly  , LIVERPOOL LIME STREET,04/21/2024,18:45:00,19:15:00,19:15:00,on time,,no
9728521d-8ec9-4850-a585,2024-03-04,4:54 AM, online,N/A,,Standard, anytime,70.0, London Kings Cross  , york,2024/03/04,06:15:00,8:05 AM,08:05:00,On Time,,no
45d80c09-5647-4a3f-a348,04/25/2024,14:30:10,Station,Credit Card  ,,Standard  ,Anytime,£70.00,London Kings Cross,York,2024-04-25,4:00 PM,5:50 PM,17:50:00,OnTime,,FALSE
436297bb-ed29-44a0-9796,2024-01-25,20:49:24,STATION  ,Creditcard,,Standard,Advance,3.0,manchester piccadilly,Liverpool Lime Street  ,"January 26, 2024",19:15:00,7:45 PM,None,On Time,,false
442022e3-1fd7-4093-82a3,01/09/2024,03:15:31,Station,Credit Card,, STANDARD,advance,8.0,LONDON ST PANCRAS,Birmingham New Street,10/01/2024,01:45:00,03:05:00,03:05:00,On Time,N/A,No
ae6afbf3-2720-43ee-aad8,26-03-2024,13:48:41,Online,Credit Card,Adult,Standard,OFF-PEAK,8.0,London St Pancras,birmingham new street  ,26-03-2024,15:15:00,16:35:00,4:35 PM,ON TIME,,n/a
46354a24-cfbb-4e21-903c,29/02/2024,12:37:14,Station  ,Credit Card  ,,standard,Advance,3.0,Manchester Piccadilly,Liverpool Lime Street  ,2024/03/01,11:00 AM,11:30 AM,11:30:00,On Time,,false
4924B0F3-A2C6-4BAD-ACBA,19/03/2024,08:24:19, ONLINE,Credit Card,,standard, Advance,35.0,LONDON KINGS CROSS  , York,20/03/2024,07:45:00,09:35:00,9:35 AM,On-Time,,no
5885f9ce-b1bb-43bb-8510,03/12/2024,4:03 PM, Station,Credit Card,,Standrd,anytime  ,5.0,Manchester Piccadilly,liverpool lime street,12/03/2024,5:45 PM,6:15 PM,18:46:00,Delayed,Technical Issue,No
7cd2b8bf-2693-4c73-a6d8,12/01/2024,8:09 AM,Online  ,Contact less,,Std,advance,3.0, Manchester Piccadilly, Liverpool Lime Street,01/13/2024,06:30:00,07:00:00,,Canceled,Weather Conditions,TRUE
285ff6be-0d75-468b-83bf,2024/01/28,16:11:57, STATION  ,CREDIT CARD,,Std,Off-Peak,4.0,Manchester Piccadilly, Liverpool Lime Street,2024/01/28,17:45:00,18:15:00,18:15:00,OnTime,,0
8c857c85-3573-44f6-953b,2024/01/25,04:26:05,Station, Credit Card,Adult,Standard,Off-Peak,65.00 GBP,London Kings Cross,LIVERPOOL LIME STREET,2024/01/25,5:45 AM,08:00:00,08:00:00,On Time,,N
bd092b85-a9e2-4d22-8101,18-02-2024,08:15:56, ONLINE,Credit Card,,Standard,Advance,13.0, London Paddington, reading,02/25/2024,07:45:00,08:45:00,08:45:00,On Time,,no
a1af00a0-3652-4dd3-baa7,2024-01-16,10:37 PM,Online,Contactless,Adult,Std,Advance,2.0,Manchester Piccadilly,Liverpool Lime Street,17-01-2024,12:00 AM,00:30:00,00:30:00, on time,None,no
53702b8b-d65c-48b0-99e5,2024-02-05,04:15:35,Online,CONTACTLESS,,STANDARD,Advance,8.0,london st pancras, Birmingham New Street,2024-02-06,02:45:00,04:05:00,4:05 AM, ON TIME,,FALSE
b9361542-c9e8-4709-abfa,03/27/2024,19:21:34,online,N/A,senior, Standard,Advance,-,Manchester Piccadilly,Liverpool Lime Street,03/28/2024,18:45:00,19:15:00,19:15:00, On Time,,0
b902258b-83f6-4c8f-a2ff,04/16/2024,9:46 AM,ONLINE  ,Credit Card  ,,Standard, advance,,London Euston  ,birmingham new street,2024-04-17,8:15 AM,9:35 AM,09:35:00,on time  ,,FALSE
b7d93e52-7948-4c7b-991a,2024/03/19,20:23:16,Station,Contactless,,Standrd,advance,35.0,london kings cross  ,York  ,2024/03/20,18:45:00,8:35 PM,20:35:00,on time,,false
d79289ea-9ffd-41e3-b239,02/23/2024,14:35:20,Online,Contactless,,STANDARD,Advance,35.0,London Kings Cross,YORK,02/29/2024,13:00:00,14:50:00,14:50:00,on time,,no
cfa7fe79-2841-4208-a8ef,16-02-2024,05:00:40,Online,Contactless,,Standrd,Anytime,5.0,MANCHESTER PICCADILLY, LIVERPOOL LIME STREET,2024-02-16,6:30 AM,07:00:00,07:00:00,ON TIME,,false
a8cc2643-d0f8-4347-9c3e,"January 24, 2024",03:44:19,STATION,n/a,adult,Standard,off-peak,76.0,liverpool lime street,LONDON EUSTON,01/24/2024,05:00:00,07:15:00,07:15:00,On Time,,No
98639a56-8320-41df-94cf,23-04-2024,20:20:49,Station,CONTACTLESS,,Standrd,Advance,8.00 GBP, London St Pancras,Birmingham New Street,2024-04-24,18:45:00,20:05:00,,Cancelled, Signal Failure  ,No
f4e52099-74ac-42e0-b207,04-02-2024,04:28:05,ONLINE  ,Contactless,n/a,Standard,Off-Peak,53.0,London Kings Cross,York,04-02-2024,05:45:00,07:35:00,07:35:00,ON TIME,,-
dcfc6f2d-6acc-4241-88c4,"January 25, 2024",18:32:15,Online,Credit Card,Adult,Standard,Off-Peak,7.0, London Euston,BIRMINGHAM NEW STREET  ,2024-01-25,8:00 PM,21:20:00,21:20:00,On Time,,false
f7e48f4c-0bd7-42cf-ace3,2024-03-29,17:51:40,Online,Creditcard,,Standard,advance,7.0,LONDON EUSTON,Birmingham New Street,03/30/2024,16:15:00,17:35:00,17:35:00,ON TIME,,
f8c63944-c04e-4369-883a,2024-04-04,4:04 PM,station,Credit Card,,Std,Advance  ,£23.00,London Kings Cross,York,05/04/2024,2:30 PM,4:20 PM,4:20 PM,On Time,,N
08534299-c997-4487-bb94,2024-04-10,05:58:38,Station,Contactless,,Standard,Advance,£3.00, LIVERPOOL LIME STREET,Manchester Piccadilly,04/11/2024,4:15 AM,04:45:00,04:45:00,on time,,no
e1697280-d44b-4462-9e23,04/04/2024,10:03 AM,ONLINE,Credit Card,ADULT,Standard,Off-Peak,8.0,London St Pancras,Birmingham New Street,04/04/2024,11:30 AM,12:50 PM,12:50 PM, ON TIME,,no
91dbc1f1-b220-4db4-9098,2024/02/05,20:16:59, Online,contactless,,First Class, advance,£10.00,MANCHESTER PICCADILLY  ,Liverpool Lime Street,2024-02-06,18:45:00,7:15 PM,7:15 PM,ON TIME,,No
660cdac5-3a0c-4987-9e8e,14/04/2024,03:16:04,online,CREDIT CARD,,STANDARD, Advance  ,17.0,Oxford,Bristol Temple Meads  ,15/04/2024,01:45:00,03:00:00,3:00 AM,On-Time,,0
384c0bff-4d3d-43ac-9bb9,2024-03-28,2:21 PM,Station,Credit Card,N/A,Standrd,Off-Peak,35.0,York,Edinburgh,28-03-2024,15:45:00,6:15 PM,-,on time  ,,no
f9d7923d-6ca4-4a74-bb4f,2024-02-13,07:15:12,online,CC,,standard, Anytime,70.0,London Kings Cross,york,2024-02-13,7:45 AM,09:35:00,09:35:00,OnTime,,N
A153C880-823F-48F8-A8F7,2024-03-31,11:49 AM,Station  ,Contact less,Senior,Standard, Off-Peak,-,Manchester Piccadilly,Liverpool Lime Street,2024/03/31,13:15:00,13:45:00,13:45:00,OnTime,,No
a460b411-a754-4d0f-b197,03-02-2024,5:03 AM,online,,,Standard,Off-Peak  ,N/A,London Kings Cross,YORK,03/02/2024,06:30:00,08:20:00,08:20:00,on time,,No
fa7c0b31-847c-44fb-9acd,2024/04/12,14:20:44,Online,Contactless,Adult,Standard,OFF-PEAK,7.0,London Euston,Birmingham New Street  ,04/12/2024,15:45:00,17:05:00,17:05:00,On Time,,No
a4782b0d-fa67-402b-b517,2024/01/16,07:49:07,Online  ,Credit Card,Senior, standard,Advance,2.0,Manchester Piccadilly  ,Liverpool Lime Street,2024/01/17,06:15:00,06:45:00,6:45 AM,ON TIME,,no
a8de22aa-6553-49e3-87a0,02/11/2024,14:23:13,Station,contactless  ,,Standrd,Advance,3.0,Liverpool Lime Street,manchester piccadilly,13-02-2024,12:45:00,13:15:00,13:15:00,On Time,,N
4390d4b0-7dd1-4d04-bc9c,02/02/2024,9:33 AM,Station  ,credit card,,Standard,Advance,76.0,Liverpool Lime Street,London Euston  ,09/02/2024,8:00 AM,10:15 AM,10:45:00,Delayed,Weather,0
5839EF86-D3EF-40A5-8D7C,03/03/2024,01:00:28,online, CREDIT CARD,,standard, Off-Peak  ,10.00 GBP,london euston,Birmingham New Street,2024-03-03,23:30:00,12:50 AM,00:50:00, On Time,,no
a748e97e-dce1-41bc-821b,2024-01-07,20:27:17,Online,CC,,Standard,Advance,8.0,London St Pancras,BIRMINGHAM NEW STREET,2024-01-08,18:45:00,8:05 PM,20:05:00,On Time,,No
98a334bc-d0da-452b-bc6b,21/04/2024,9:57 AM,Online,contactless,,Standard,Advance,£3.00, Manchester Piccadilly,Liverpool Lime Street,2024/04/22,07:45:00,08:15:00,8:15 AM,OnTime,,false
c4e44a29-c1e8-4fc3-b063,2024/04/25,13:20:03,online,Credit Card,,FIRST CLASS, ADVANCE,52.0,London Euston,Birmingham New Street,26-04-2024,11:45:00,13:05:00,13:05:00, On Time,None,false
0af217c6b297496b9dd6,2024-02-23,17:21:31,ONLINE,Credit Card  ,,Std,anytime,25.0,London Paddington,Reading,23-02-2024,6:45 PM,7:45 PM,19:45:00,On Time,,No
B1D9F53B-FF78-47AD-BDF8,05-04-2024,17:45:46,online,contactless,Adult,Std,ADVANCE,2.0,Manchester Piccadilly,Liverpool Lime Street  ,2024-04-06,4:15 PM,16:45:00,16:45:00,On Time,,FALSE
4484bc09-e280-462f-9b1e,21/01/2024,04:10:12,ONLINE  , Contactless,,STANDARD,advance,3.0,manchester piccadilly, Liverpool Lime Street,01/22/2024,02:30:00,03:00:00,03:00:00,ON TIME,,N
04205262-eacc-4ae1-8386,28-03-2024,11:52 PM,Station,credit card,,Standard,Advance,,LONDON KINGS CROSS,york  ,03/29/2024,10:15 PM,00:05:00,00:05:00,On-Time,,FALSE
70c62997-2f06-4e76-991d,30-03-2024,7:15 AM,Online,Credit Card,,Standard,OFF-PEAK,19.0,London Paddington, reading,2024-03-30,07:45:00,08:45:00,,Cancelled,NULL,1
df17fa28-2879-4857-bbeb,2024-01-15,06:05:06,Station,Contactless  ,,Std, Advance,8.0, London St Pancras,Birmingham New Street,2024-01-16,04:30:00,05:50:00,05:50:00, On Time,,No
22944893-DD1F-4D34-A204,2024/04/11,19:23:40, Online,Credit Card,Senior,Standard,Advance,2.0, manchester piccadilly,Liverpool Lime Street  ,12/04/2024,18:45:00,7:15 PM,19:15:00,ON TIME,,false
7309ad5a-3293-4ecb-b430,2024-04-12,17:59:34,Online,NULL,Adult,Standard,Advance,7.0,Birmingham New Street,Manchester Piccadilly,04/13/2024,16:15:00,17:35:00,17:35:00,On-Time,,0
92f9c71e-f9c6-4abb-885d,14/02/2024,7:46 AM,Online,Credit Card,,Standard,Advance,35.0,london kings cross,york  ,"February 15, 2024",06:15:00,08:05:00,08:18:00,Delyed, Technical Issue  ,No
7a185b26-a5b5-47f2-868d,2024-01-02,9:09 AM,Online  ,N/A,,Standard,Advance,9.0,Reading,SWINDON,2024/01/03,07:30:00,8:15 AM,08:15:00,On-Time,,no
f5677565-4cb3-415b-9977,2024-04-08,6:45 PM,Online,,,Std,Off-Peak,-,London Euston,Manchester Piccadilly,08-04-2024,8:15 PM,22:05:00,22:05:00,OnTime,,false
e21c344b-ea2a-46a3-829e,2024-03-10,17:19:50,ONLINE,Credit Card,Disabled, Standard, advance,4.0,LONDON EUSTON,Birmingham New Street,03/11/2024,15:45:00,5:05 PM,17:05:00, On Time,,No
81a472c6-9594-41b1-8f93,2024-02-10,16:42:39,Station,Credit Card,,Standrd,Advance  ,13.0,London Paddington  ,reading,2024/02/11,3:00 PM,4:00 PM,4:00 PM,On-Time,,no
4a028006-2794-4687-9da5,01/20/2024,07:47:06,Online  ,Debit Crad,Senior, Standard,Advance,8.0,London Paddington,Reading,2024-01-21,06:15:00,7:15 AM,7:15 AM,On Time,,false
9c22733d-47d5-4b47-be88,2024/01/13,12:24 AM,Online,Contacless,,Standrd,Off-Peak  ,97.0,London Kings Cross, Liverpool Lime Street,2024-01-13,01:45:00,4:00 AM,N/A,on time,,no
2a8a47ce-b310-4ba5-9343,05-02-2024,02:14:52,Online  ,CONTACTLESS  ,,Standard,ADVANCE,£35.00,London Kings Cross,york,2024-03-01,00:30:00,02:20:00,02:20:00,On Time,,N
D530B658-B6E7-4EB7-B4AA,19/04/2024,11:15 AM,ONLINE, Contactless,,Standard,advance,3.0,Liverpool Lime Street,manchester piccadilly  ,2024-04-20,09:45:00,10:15:00,10:15:00,OnTime,,no
26D9F74F-2962-4541-B65B,2024-04-03,08:18:53,ONLINE,Credit Card,,Standard  ,advance  ,£35.00,London Kings Cross,York,2024-04-04,7:45 AM,09:35:00,09:35:00,On Time  ,,no
59f5023aede447498610,03-02-2024,9:49 PM, Station,credit card,,1st Class,Advance,54.0,london st pancras,Birmingham New Street,2024-02-27,8:15 PM,21:35:00,21:35:00,ON TIME,,N
1c5f927c-7caa-466f-a3a9,21-01-2024,12:29:25,online  , Credit Card,,Std,off-peak  ,4.0,manchester piccadilly  , Liverpool Lime Street,01/21/2024,14:45:00,15:15:00,15:15:00,ON TIME,,None
d85181d3fa584823abdb,2024-03-21,12:35:45,Online,credit card  ,Adult,Standard,Advance,5.0, LONDON ST PANCRAS,Birmingham New Street,2024-03-22,11:00 AM,12:20:00,12:20 PM,On Time,,0
97bec1e7-5acf-455d-bf79,"January 23, 2024",23:04:40, online,N/A,,FIRST CLASS,Advance,10.0,Liverpool Lime Street,Manchester Piccadilly,01/24/2024,00:30:00,01:00:00,01:00:00,ON TIME  ,,N
eca8fa83-2d80-45ce-b917,02/18/2024,11:20:27,Station,Contacless,,Standard,Advance,13.0,London Paddington,reading,23-02-2024,09:45:00,10:45:00,10:45:00,On Time,,0
5243ff1fe64e4da6b9c7,2024-04-17,03:18:21,Online,Contactless  ,,Standard  ,Advance,8.00 GBP, York,Durham,04/18/2024,01:45:00,02:35:00,02:35:00,on time,,no
64895b5f-261f-4370-9652,2024/03/16,18:49:51,online,credit card,, standard,Advance  ,35.0, London Kings Cross,York,2024-03-17,17:15:00,7:05 PM,19:05:00,On-Time,,0
7db9b656-bb98-4694-8e90,21/01/2024,03:08:48,Online  ,Contactless,, Standard  ,Advance,None,Manchester Piccadilly  ,liverpool lime street,22-01-2024,01:30:00,02:00:00,02:00:00,OnTime,,FALSE
81cfeedc-7b96-4980-9b17,2024/04/10,09:41:39,Station,CREDIT CARD,,First Class,Off-Peak,14.0,Manchester Piccadilly, liverpool lime street,10/04/2024,11:00:00,11:30:00,12:10:00,Delyed,staff shortage  ,No
2fa157de-e4d1-44ff-9d66,04/29/2024,18:58:33,ONLINE,CONTACTLESS,, standard,ADVANCE  ,13.0, READING  ,LONDON PADDINGTON  ,2024-04-30,17:15:00,17:40:00,17:40:00, ON TIME,,N
728a8f8c-aa45-49e1-80a4,17/02/2024,19:22:36,station,CC,-,Standrd, advance,7.0,London Euston,Birmingham New Street,25/02/2024,17:45:00,19:05:00,7:05 PM,On-Time,N/A,N
4b0b8c72-5f4f-4552-9b23,03/22/2024,09:14:00, Station,CONTACTLESS,,Standard,Off-Peak,10.0,LONDON EUSTON  ,birmingham new street  ,2024/03/22,10:30 AM,11:50:00,11:50 AM,On-Time,,0
0003be8d-7821-479f-b9ec,02/16/2024,18:10:42,Station,Debit Card  , Adult,Standrd,Advance,NULL,Manchester Piccadilly  ,london euston,23-02-2024,17:30:00,19:20:00,19:32:00,delayed  ,N/A,1
17467f42-f967-4c08-b655,30/03/2024,11:48:22,Online,Credit Card,,Standard,Off-Peak  ,10.0,London Euston,Birmingham New Street,2024/03/30,13:15:00,14:35:00,14:35:00,On Time,N/A,-
806710a2-8fc7-4031-9edd,05/01/2024,18:12:52,Online,Credit Card,senior,Standard,ANYTIME  ,3.00 GBP,Manchester Piccadilly  ,Liverpool Lime Street,05-01-2024,18:45:00,7:15 PM,NULL,On Time,,N/A
b5a2afe2-4f77-47cd-a99d,01/21/2024,07:53:06,Online,Contact less,Adult,standard,Off-Peak,3.0,Manchester Piccadilly,Liverpool Lime Street,21-01-2024,9:15 AM,09:45:00,10:30:00,Delayed  ,Weather,FALSE
416d49a6-b3e9-4501-833d,2024-03-28,16:06:28,Station,Credit Card  ,,STANDARD,anytime,n/a, Manchester Piccadilly,Warrington  ,28/03/2024,17:45:00,18:05:00,NULL,OnTime,,N
35d0e100-00be-4c2f-ab32,02-02-2024,10:41:56,online  ,Debit Card,Senior, Standard,advance,5.00 GBP, london st pancras,Birmingham New Street  ,22-02-2024,9:00 AM,10:20:00,10:20:00,on time  ,,N
E4E56665-E2BF-48CF-819F,2024-04-26,8:07 AM, ONLINE  ,Contactless,,First Class  ,off-peak,14.0,Manchester Piccadilly,liverpool lime street  ,2024-04-26,9:30 AM,10:00 AM,10:00 AM,On Time,,FALSE
3e2eeaa7-7030-45d2-b2a4,02-01-2024,5:09 PM,Station, Contactless,,Standard,advance,£13.00,Reading, London Paddington,2024-01-03,3:30 PM,15:55:00,15:55:00,On-Time,,N
23eb4bae-2975-4ea3-b3e7,2024-01-19,21:57:23,Station,Creditcard,ADULT,Standrd,Advance,43.0,London Kings Cross,Liverpool Lime Street,20-01-2024,20:15:00,10:30 PM,22:30:00,on time,,NULL
e49a65b5-7a19-444c-b815,2024-03-31,7:41 AM,Online,CONTACTLESS,Disabled  , standard, OFF-PEAK,36.0,London Kings Cross,EDINBURGH WAVERLEY,03/31/2024,16:00:00,20:20:00,NULL,On Time,,No
919b8942-23ac-48c8-80ee,2024/01/11,13:32:05,Online,Contactless,,Standrd,Advance,3.0, Manchester Piccadilly,Liverpool Lime Street,01/12/2024,12:00 PM,12:30 PM,,Cancelled,signal failure,no
7f3ee0ff-9858-419e-87b6,2024-03-11,17:38:09,Online  ,contactless  ,None,First Class, OFF-PEAK,NULL,Liverpool Lime Street,Leeds,03/11/2024,19:00:00,20:30:00,20:30:00,On Time,,FALSE
CD924233-23C1-4A7B-958D,20/03/2024,03:34:50,online  ,Contactless,Adult  ,Std, OFF-PEAK,65.00 GBP,London Kings Cross,Liverpool Lime Street  ,20-03-2024,05:00:00,07:15:00,7:15 AM, On Time,,false
ec69138d-6f2c-4d5b-8ec0,27/03/2024,11:52:07,station  ,Credit Card  ,-,Standard,Advance,-3.0,Manchester Piccadilly  ,LIVERPOOL LIME STREET,28/03/2024,10:15:00,10:45:00,10:45:00,ON TIME  ,,No
449C7858-F991-4D6B-AF09,2024/03/09,00:58:47, Station,Contactless,disabled,Standard,OFF-PEAK,n/a,Liverpool Lime Street,Manchester Piccadilly,2024-03-09,02:15:00,02:45:00,2:45 AM,OnTime,,false
22802c78-b799-40b8-abff,"April 03, 2024",07:55:36,Online  ,Credit Card,Senior,Standard  ,advance,2.0,Manchester Piccadilly,Liverpool Lime Street,2024/04/04,06:15:00,06:45:00,6:45 AM,on time,,No
0a9a8b10-0b7a-4e27-89a0,2024-04-20,00:49:30,Station,Contactless,n/a,Standard,off-peak,3.0,Liverpool Lime Street, Manchester Piccadilly  ,20-04-2024,2:15 AM,02:45:00,02:45:00,On Time,,no
e0847a83-1d89-4f59-a087,13-04-2024,10:46 AM,online,Credit Card  ,,Standard,ADVANCE,3000.0,Liverpool Lime Street,Manchester Piccadilly,2024-04-14,09:15:00,09:45:00,09:45:00,On Time,,FALSE
57930421-7f48-4787-b5e7,20-01-2024,20:08:05, station,Credit Crad,Adult  ,Standard,Off-Peak,3.0, Liverpool Lime Street,Manchester Piccadilly  ,"January 20, 2024",21:30:00,22:00:00,22:00:00,ON TIME,,No
9c4eaaed-eb19-4817-b879,12-03-2024,7:22 AM,Online,CREDIT CARD,,Std,Anytime  ,35.0,London Paddington,Oxford,2024/03/12,07:45:00,09:15:00,09:15:00, On Time  ,,FALSE
d7b12c9e-3d17-4c66-b638,02/03/2024,04:59:57,Online,Credit Card,Senior  ,Std,Off-Peak  ,,Manchester Piccadilly,Liverpool Lime Street,02/03/2024,6:15 AM,06:45:00,06:45:00,On-Time,,0
F810EC56-461B-40BB-A3F5,2024-04-29,15:24:10,Station,Contactless,, Standard, Anytime,70.0,london kings cross,YORK  ,2024/04/29,17:45:00,19:35:00,19:35:00,On Time,,No
9ce2f8d1-e1de-4712-84e1,03/04/2024,9:45 PM,Station,Credit Crad,Adult,First Class,Advance,34.0,OXFORD,bristol temple meads,03/05/2024,20:15:00,21:30:00,,cancelled,N/A,Y
b1748025-a83a-4ec8-9ddd,2024-04-18,17:22:53,Online  ,Creditcard,,Standard,Anytime,10.0,Birmingham New Street,TAMWORTH,18/04/2024,18:45:00,7:05 PM,19:05:00,On Time  ,,N
87560e74-f971-4535-b6c2,03/02/2024,20:16:32, Online,credit card,,Standard,Advance,13.0,LONDON PADDINGTON,READING,03-03-2024,18:45:00,19:45:00,19:45:00,ON TIME,n/a,false
33d82b42-cde4-4fc9-9ac3,02/13/2024,20:22:18,station  ,CREDIT CARD,,Std, Advance,5.0,Birmingham New Street,Stafford,02/15/2024,5:45 PM,18:15:00,18:15:00,On Time  ,,No
AFB6215849294DF38950,"April 24, 2024",03:46:28,ONLINE,,,STANDARD  ,off-peak,,London Kings Cross,York,2024-04-24,05:15:00,07:05:00,07:05:00,On Time,,0
17a790dd-8223-46bb-8545,02/13/2024,23:11:16, station,None,,Standard,Advance,,London Euston,Birmingham New Street,2024/02/16,9:30 PM,22:50:00,22:50:00,On Time  ,,0
83a190ec-d366-426e-8ef7,08/02/2024,16:10:45,STATION,None,, standard,Anytime,5.0,Manchester Piccadilly, LIVERPOOL LIME STREET,08/02/2024,17:45:00,6:15 PM,None, Delayed,Weather Conditions,false
9497cafb-1184-4ca3-91f5,08/03/2024,17:23:36,online,Credit Card  ,Senior,Standard,ANYTIME,11.0,liverpool lime street,Crewe  ,08-03-2024,6:45 PM,7:20 PM,19:20:00,OnTime,,FALSE
99CC374A-2428-47AF-9691,2024/04/06,7:04 PM, Station  ,Contactless,Adult,FIRST CLASS  , off-peak,10.0, liverpool lime street, Manchester Piccadilly,2024-04-06,8:30 PM,21:00:00,21:00:00,On-Time,None,0
049D1910-0F08-4FC3-ACCD,01/25/2024,10:25 PM, Station,CC,, Standard,Advance  ,None,London Euston,Birmingham New Street,01/26/2024,20:45:00,10:05 PM,22:05:00,On Time,,No
9f79ba00-e608-4339-ab13,10-04-2024,10:30:21,ONLINE,Contactless,adult,Std,Off-Peak,10.0,manchester piccadilly, Leeds,"April 10, 2024",12:00:00,12:45:00,12:45:00,On-Time,,0
1ce451be-d306-4f43-a65d,2024-03-25,14:35:07,Station,Debit Crad,Disabled,Standard,Anytime,9.0,London Euston,Birmingham New Street,25/03/2024,16:00:00,17:20:00,17:20:00,OnTime,,no
2465f15f-69c4-4ff4-8899,2024-04-06,06:36:35,station,-,,Standard  ,OFF-PEAK,113.0,Liverpool Lime Street,london euston,04/06/2024,8:00 AM,10:15:00,10:15:00,On Time,,FALSE
07feb4a1537b48c28eea,2024-01-17,05:34:32,online,Contactless,,Standrd,Anytime,13.0,London Euston,Birmingham New Street,01/17/2024,07:00:00,08:20:00,08:20:00, On Time,,No
14ca7db1-5a87-491f-90b6,2024-02-16,09:08:18,Station  ,CC,,standard, off-peak,£4.00,MANCHESTER PICCADILLY, Liverpool Lime Street,2024-02-16,10:30:00,11:00 AM,11:00:00,On-Time,,0
ecaae597-56da-445f-995a,04/22/2024,21:56:29,Station,contactless,,Standard  ,Advance,3.0,Liverpool Lime Street,Manchester Piccadilly,23-04-2024,20:15:00,20:45:00,20:45:00,On Time  ,,0
de3ffa44923041db845b,2024-04-21,14:32:14, Station,debit card,Disabled, Standard,off-peak,8.0,London St Pancras,Birmingham New Street,21-04-2024,4:00 PM,5:20 PM,17:20:00, On Time,,N
efedd3fb-347a-447a-b13b,01/18/2024,09:34:41,station  ,CC,,First Class,off-peak,80.0,London St Pancras  ,birmingham new street,2024-01-18,11:00:00,12:20:00,12:20:00,On Time,,N
c662b3fe-a4ff-4218-b796,02/20/2024,6:43 PM, station,Credit Crad,NULL,Standard,ADVANCE,13.0,London Paddington,Reading,2024-02-28,17:00:00,6:00 PM,18:00:00,On Time,,No
51cd96cf-4aac-4c46-9b4c,22-02-2024,16:26:13, station  ,Contactless,,Standrd,Advance,35.0,London Kings Cross,York,2024-02-29,14:45:00,16:35:00,16:35:00,OnTime,,0
56aea8b5-8f27-4d49-b93d,04/18/2024,14:43:56,Online  ,Contacless,,Standrd,ADVANCE,7.0,London Euston,Birmingham New Street  ,19-04-2024,1:00 PM,2:20 PM,14:20:00,on time,,0
599f5cfb-af00-44bf-bf67,04-04-2024,12:58:52,STATION,Credit Card,adult,Standard,Off-Peak,3.0, Manchester Piccadilly, Liverpool Lime Street,2024-04-04,14:15:00,14:45:00,14:45:00,On Time,,no
d660f878-f17a-427c-aa43,2024-02-24,3:01 AM,Online,CREDIT CARD,,STANDARD,Off-Peak,5.00 GBP,liverpool lime street,Manchester Piccadilly,24/02/2024,04:30:00,05:00:00,,Cancelled,Traffic,no
fe0514ae-b88a-4128-80aa,2024-03-14,7:17 PM,Online,Contactless,Adult,standard,off-peak,,LIVERPOOL LIME STREET,Manchester Piccadilly,14-03-2024,20:45:00,21:15:00,,CANCELLED,Traffic,FALSE
a5dfc2b7-1d38-49db-88ae,"February 06, 2024",12:29 PM,Online  ,Contactless,, Standard, Advance,£3.00,Manchester Piccadilly  ,Liverpool Lime Street  ,2024/02/21,10:45:00,11:15:00,11:15:00,on time,,no
9B8C7A18-3EC8-4F46-B734,08/04/2024,09:36:07,Station,contactless,,Standard  ,Off-Peak,None,Manchester Piccadilly,LIVERPOOL LIME STREET,2024/04/08,11:00:00,11:30:00,12:14:00,Delayed,Staff Shortage,false
704c7393-e1b7-45a1-b410,"February 02, 2024",17:38:21,Station,n/a,senior  , standard,Advance,2.0, Manchester Piccadilly,Liverpool Lime Street,03-02-2024,16:00:00,4:30 PM,4:30 PM,On Time,,No
e4e11f79-0ad3-4f54-98b6,01/15/2024,07:49:53, Online,Debit Card,Senior  ,Standard  ,Advance  ,8.0,LONDON PADDINGTON,READING  ,2024/01/16,06:15:00,07:15:00,07:15:00, On Time,,no
cfd4f7da-81a2-4266-98a6,03-01-2024,7:58 AM, online,credit card,Senior,Standrd,ADVANCE,£2.00,manchester piccadilly,Liverpool Lime Street,2024-01-04,6:15 AM,6:45 AM,,ON TIME,,FALSE
67d4e7ef-3bd7-41e0-8a27,2024-04-26,15:47:43, Station,Contactless  ,,Standrd,ANYTIME,n/a,Liverpool Lime Street,manchester piccadilly  ,04/26/2024,5:15 PM,17:45:00,5:45 PM,On Time,,No
3ac91f66-2306-44b1-a2e3,2024-02-12,8:42 PM,Station,Credit Card,,Standard,off-peak,10.0,London Euston,birmingham new street  ,2024-02-12,22:00:00,23:20:00,23:20:00,On Time,,None
994bebdd-4d2f-48de-973d,15-01-2024,15:46:27,Online, Contactless,, Standard,Anytime,£5.00,Manchester Piccadilly,Liverpool Lime Street,15-01-2024,17:15:00,17:45:00,17:45:00,On Time,,NULL
c695600a-ff1f-4547-8cd2,08-03-2024,11:38 PM,Station,CONTACTLESS,,standard,Advance,35.0, London Kings Cross,York,2024-03-09,22:00:00,23:50:00,23:50:00,On-Time,,FALSE
25acc237-792e-4387-b4aa,04/27/2024,06:10:30,STATION  , Contactless,,First Class,ADVANCE,N/A, london st pancras,Birmingham New Street,2024/04/28,04:30:00,05:50:00,None, On Time,,false
db91cbe5-c482-42a0-87d8,19/04/2024,10:07:04,online,None,, First Class,advance  ,£27.00,london paddington  ,Reading,2024/04/20,08:30:00,09:30:00,9:30 AM,On Time,,0
5e721113-79fe-4c32-90e5,20-02-2024,11:43:27,Online,NULL,Disabled,Standard,Off-Peak,3.0,LIVERPOOL LIME STREET,Manchester Piccadilly,"February 20, 2024",1:00 PM,13:30:00,13:30:00,On Time  ,N/A,no
6e4f7508-7a7f-439a-b48e,"January 15, 2024",18:56:17, Online,CREDIT CARD,Senior,Standard, Advance  ,-2.0,Liverpool Lime Street, Manchester Piccadilly,01/16/2024,17:15:00,5:45 PM,17:45:00,On Time,,N
b8857192-f1d4-4c65-a95c,2024/02/26,5:14 PM,Online,-,DISABLED,first class,advance,35.0,London Euston,Birmingham New Street,"February 27, 2024",15:30:00,4:50 PM,4:50 PM,On-Time,,no
e3d4e34b-c94b-4316-8e9f,"April 17, 2024",18:46:50,Online,CONTACTLESS,Disabled,1st Class,advance,39.0,birmingham new street,London Paddington,2024-04-18,5:15 PM,18:45:00,6:45 PM, On Time,,FALSE
b297d2f9-99ee-4b92-8366,01/16/2024,17:24:49,Online,Creditcard,,Std,ANYTIME,10.0,BIRMINGHAM NEW STREET,Tamworth  ,01/16/2024,6:45 PM,19:05:00,7:05 PM,On Time,,false
b1f0d69e-3557-4ebf-bfe0,01/31/2024,13:19:38,Online,Contactless,ADULT,Std,off-peak,3.0,MANCHESTER PICCADILLY,LIVERPOOL LIME STREET  ,31-01-2024,14:45:00,15:15:00,15:15:00,On Time,,false
65e281ec-d8aa-4901-befd,04/15/2024,16:06:38,Station,Credit Card,-,Standard,anytime,5.0, manchester piccadilly, Liverpool Lime Street,15-04-2024,17:45:00,18:15:00,,CANCELLED,weather,N
13de88b7-2d1f-4c23-aeb8,27-04-2024,17:04:58,online, Contactless,,Standard,Advance  ,13.0,Reading,london paddington,"April 28, 2024",15:30:00,15:55:00,15:55:00,On-Time,,FALSE
add85f54-9098-4f11-a164,2024/02/13,07:28:13,online,Creditcard,,Standard,anytime,70.0,LONDON KINGS CROSS,York,2024-02-13,07:45:00,09:35:00,09:35:00,OnTime,,false
daa1aa61-67cb-4617-8fad,03/07/2024,9:57 PM,Online, Contactless,,Standard,ADVANCE,72.0, LONDON EUSTON,Manchester Piccadilly,08/03/2024,20:15:00,22:05:00,22:05:00,On Time,,No
69B4779C-62B1-494F-A4AA,01/22/2024,21:37:42,Online,Credit Card  ,,Standard,advance  ,7.0,London Euston  ,Birmingham New Street,"January 23, 2024",20:00:00,21:20:00,21:20:00,OnTime,,No
81f1ebdf-f6b2-4b7c-a913,12-01-2024,6:10 PM,Online,Contacless,Adult,Std,Advance,£7.00,Liverpool Lime Street,LEEDS,2024/01/13,16:30:00,6:00 PM,6:00 PM,ON TIME,,N
beaf1048-9c8f-470f-89da,03/27/2024,09:25:32,Station,CC,SENIOR  ,Standard  ,Off-Peak,7.0,London Euston,Birmingham New Street  ,2024-03-27,09:45:00,11:05:00,11:05:00,On Time,,false
713f887e7fa6414da525,"January 31, 2024",05:29:09,Station,N/A,,Standrd,Anytime,25.0,LONDON PADDINGTON,READING,31/01/2024,06:45:00,07:45:00,07:45:00,On Time,,0
8a8159b3-86d6-42f0-b546,14/03/2024,02:46:38,Station, Contactless,Disabled,First Class,Off-Peak  ,10.0,Liverpool Lime Street,Manchester Piccadilly,"March 14, 2024",04:15:00,04:45:00,04:45:00,ON TIME  ,,0
0a8f0385-8d80-47c3-850a,03/09/2024,1:14 AM,Online,Contactless  ,,Standard,Off-Peak,4.0,Manchester Piccadilly  ,liverpool lime street  ,09-03-2024,2:30 AM,03:00:00,3:00 AM,On Time  ,,FALSE
5831b406-0e3c-43f8-bbfd,2024-02-09,17:29:56,Station,Contact less,,Standard,ADVANCE,13.0,London Paddington,Reading,11/02/2024,15:45:00,4:45 PM,4:45 PM,On-Time,,false
76b9591b-7593-4a12-b18b,03/31/2024,16:08:45,Station,credit card,,standard, OFF-PEAK,8.0,birmingham new street, Tamworth,31-03-2024,17:45:00,18:05:00,18:05:00,On Time,,No
b3c17537892b437c8494,17-02-2024,11:04:26, Station,CONTACTLESS,,Standard, Advance  ,35.00 GBP, LONDON KINGS CROSS, York,2024/02/22,09:30:00,11:20:00,11:20:00,On-Time,,no
9f4e487d-6c3d-46c8-bd19,17/04/2024,14:32:57,Online  ,Contactless  ,n/a,Standrd,Advance,35.0, London Kings Cross,york,2024-04-18,13:00:00,2:50 PM,14:50:00, On Time,NULL,N
46417598-bcda-4ac2-a261,03/30/2024,10:52 AM, Station,NULL, adult,First Class  ,OFF-PEAK,, birmingham new street,MANCHESTER PICCADILLY,30/03/2024,11:15:00,12:35:00,13:04:00,delayed  ,-,1
c9680e82-5ae2-4bd3-8ac1,02/22/2024,7:54 AM,Online, Debit Card,SENIOR,Standard,Advance,4.0,Reading,Oxford,27-02-2024,06:15:00,06:40:00,06:40:00,On Time  ,,0
39f86a57-9afc-4c70-84bf,2024/02/13,14:14:31,STATION,Contactless,,Standard,Advance,-7.0,London Euston,Birmingham New Street,14/02/2024,12:30:00,13:50:00,1:50 PM,On Time  ,,no
65d9def1-8121-4943-8981,17/03/2024,16:10:46,Station,N/A,,standard,Off-Peak  ,4.0,manchester piccadilly  ,Liverpool Lime Street  ,03/17/2024,5:45 PM,18:15:00,6:15 PM,On Time,,No
b00f773d-57eb-4613-9212,07/04/2024,9:52 PM,online,CONTACTLESS,,Standard,advance,72.0,London Euston  , manchester piccadilly,08-04-2024,20:15:00,22:05:00,10:05 PM,OnTime,,No
68d43f2a-9aad-4f68-b106,2024/03/03,12:21 PM, Online,Credit Crad,,Standard,Off-Peak,10.0,London Euston,Birmingham New Street  ,"March 03, 2024",13:45:00,15:05:00,None,ON TIME,,false
e6674250-a282-46c8-b454,2024-04-19,09:24:32, online,Credit Card,,Standard, Off-Peak,10.0,London Euston,birmingham new street,04/19/2024,10:45 AM,12:05:00,12:05:00,on time,NULL,FALSE
f1c2f770-016b-4219-9936,03/15/2024,7:55 AM,online, Credit Card, senior,Standard,ADVANCE,2.0,Manchester Piccadilly,liverpool lime street,03/16/2024,6:15 AM,06:45:00,6:45 AM, on time,,0
fd977b61-81f0-4abc-b1b1,29-01-2024,17:02:19, Station  ,Contact less,None,Standrd,Anytime  ,26.0,Birmingham New Street,York  ,01/29/2024,18:30:00,20:15:00,8:15 PM,ON TIME,,FALSE
6efa00f8-0a19-495a-ba08,2024/04/11,19:30:32,Station, Credit Card,,Standard  ,Advance,3.0,Manchester Piccadilly,Liverpool Lime Street,2024-04-12,5:45 PM,18:15:00,18:15:00,On Time,,N
4f36748c-3e98-4593-aa83,03/12/2024,8:01 PM,Station,contactless  ,Adult,STANDARD,Advance,13.0,Birmingham New Street,York,13-03-2024,18:30:00,20:15:00,8:15 PM,On-Time,,0
9c55becf-b85a-4220-a195,"January 09, 2024",17:50:15, Online,Contactless,None,Standrd, ADVANCE,7.0,Birmingham New Street,MANCHESTER PICCADILLY  ,2024-01-10,16:15:00,17:35:00,17:35:00,On Time,,No
013d38e16f4442b592af,2024-03-31,14:58:39, Online,Contactless, adult,STANDARD,Off-Peak,2.00 GBP,MANCHESTER PICCADILLY,Liverpool Lime Street,31/03/2024,4:15 PM,16:45:00,16:45:00,On Time,,No
b07f73f1-84f3-4ec5-88ff,05-04-2024,07:46:57, Online,credit card,,Standard,Advance,35.0, LONDON KINGS CROSS,York,06-04-2024,6:15 AM,08:05:00,08:05:00,on time,n/a,no
82fe06c9-d011-4df8-8ed5,30-04-2024,05:12:42, Online,Contactless,senior, Standard,Anytime,29.0,Birmingham New Street,LONDON ST PANCRAS,30-04-2024,06:30:00,07:50:00,07:50:00,OnTime,,false
779ead9e-3cf4-48ad-ab1c,04/02/2024,3:00 PM,online,credit card,,Standrd,advance,7.0,London Euston,Birmingham New Street  ,2024-04-03,13:30:00,14:50:00,2:50 PM,On Time  ,,N
82fdc5b1-bc37-468c-9f04,2024/01/31,09:04:41, Online,credit card,disabled,Standard,Advance,22.0,York  ,peterborough,2024-02-01,07:30:00,08:40:00,08:40:00,ON TIME,,false
b3820af3-aa50-4718-abbe,04-01-2024,6:49 PM, Online,contactless,,Standrd,Advance,13.0, READING,LONDON PADDINGTON,2024/01/05,17:15:00,17:40:00,17:40:00,On Time,,No
C7F6F2FA-D6E8-498A-AE83,02/11/2024,13:39:25,ONLINE,None,,Standard,Advance,8.0, London St Pancras,Birmingham New Street,02/12/2024,12:00:00,1:20 PM,13:20:00,On Time,NULL,N
0f56f505-78f0-454a-bf31,09-02-2024,19:34:52,Station,Creditcard,, Standard,Advance,5.0,Birmingham New Street,Tamworth,23/02/2024,5:45 PM,6:05 PM,18:05:00,On Time,,no
14486a5b-792c-492d-b14e,31/01/2024,10:31:13, Station  ,contactless,,Std, Off-Peak,33.0, Birmingham New Street,london st pancras,01/31/2024,12:00:00,13:20:00,13:20:00,OnTime,,No
273fc105-8a89-4b56-a848,24-01-2024,8:57 PM,Station,Credit Card,,Standard,off-peak,10.0,London Euston,Birmingham New Street  ,01/24/2024,22:15:00,11:35 PM,,On-Time,,no
8a6c08ec-4326-411f-8e58,25-03-2024,17:32:41, Online,Contactless,,Standard, advance,N/A,Manchester Piccadilly,LIVERPOOL LIME STREET,2024-03-26,16:00:00,16:30:00,,ON TIME,,no
bb21a63f-7f17-4697-b7eb,31/01/2024,17:17:36,ONLINE,Credit Card,,First Class,Anytime,54000.0,London Paddington,reading,01/31/2024,6:45 PM,19:45:00,7:45 PM,On Time,,No
e757748d-7800-401f-a455,12/03/2024,06:37:58,ONLINE,Contactless  ,adult  ,Standard  , Advance,-43.0,London Paddington  ,Liverpool Lime Street,13-03-2024,05:00:00,07:30:00,07:30:00, ON TIME,,false
16e6f7ac-e1ff-486c-958c,2024-02-13,09:06:11,online,Credit Card,,Standard,Advance,34.0,york, Peterborough,14/02/2024,07:30:00,8:40 AM,08:40:00,On Time,,no
0e7c2619-2ccb-4dd9-9234,23/03/2024,8:15 AM,Online,Credit Card,, standard  ,Advance  ,n/a,London Paddington,OXFORD  ,2024-03-24,07:45:00,09:15:00,09:15:00,on time,-,FALSE
992cae5f-12cd-4a51-95bb,2024-04-24,19:00:55,ONLINE,Contactless,,Standard,Advance,£3.00,Manchester Piccadilly,LIVERPOOL LIME STREET,2024-04-25,5:30 PM,6:00 PM,6:00 PM,ON TIME,,FALSE
ef579bc8-c330-4256-8f84,2024-04-08,07:19:07,Online,credit card,,Standard, anytime,70.0,London Kings Cross,York,2024-04-08,7:45 AM,09:35:00,9:35 AM,On-Time,,0
afae73d0-79ea-4004-984e,23-02-2024,4:24 AM, Station,credit card,,Standard,Off-Peak,4.0,manchester piccadilly,Liverpool Lime Street,"February 23, 2024",05:45:00,06:15:00,06:15:00,On Time,,No
0b1190e5-3d2e-4c14-baae,03/17/2024,20:04:47,station,CREDIT CARD,, Standard,off-peak  ,19.0,LONDON PADDINGTON,READING,2024-03-17,21:30:00,22:30:00,22:30:00,On Time,None,N
a5d48c35-7431-447f-94ff,01/14/2024,20:28:24,online,Creditcard,, First Class,Advance,-54.0,LONDON ST PANCRAS,Birmingham New Street,01/15/2024,18:45:00,8:05 PM,20:05:00,On Time,,false
94c8b127-7211-4a75-bbdd,2024/01/04,19:38:06,Station,Credit Card  ,Adult,Standrd,Advance,4.0,London Euston, Birmingham New Street,2024-01-05,17:45:00,19:05:00,7:05 PM, On Time,,no
04b83311-6806-4731-b6f7,2024-02-13,3:09 PM,STATION,Contactless,Senior,Standard,Advance,2.0,MANCHESTER PICCADILLY,Liverpool Lime Street,22-02-2024,13:30:00,14:00:00,None,OnTime,,N
75c771ca-5457-48b1-8ee6,2024-01-25,00:18:01,Online,Contactless,, Standard,Off-Peak,£11.00,York, Durham,25-01-2024,01:45:00,02:35:00,02:35:00,On-Time,,FALSE
cc3eae66-b69e-458e-87f1,02/05/2024,19:48:50,online  ,Creditcard,,Standrd,Advance,£13.00,London Paddington,Reading,11-02-2024,18:15:00,19:15:00,19:15:00,On Time,,false
ca6f4615-7997-4d75-9820,03/25/2024,22:42:33, Station,None,,Standard  ,ADVANCE,£3.00, manchester piccadilly,Liverpool Lime Street,26/03/2024,21:00:00,9:30 PM,21:30:00,On Time,,0
3674747d-be28-4d00-b2a9,2024-03-10,17:34:20,Station,Debit Crad,Disabled  , Standard,Advance,4.0,London Euston,Birmingham New Street,11/03/2024,4:00 PM,17:20:00,17:52:00,DELAYED,Signal failure,No
02769e6e-93ff-4ede-9a50,02/17/2024,13:21:20,station,NULL,n/a, Standard,Off-Peak  ,35.0,York  ,Edinburgh,2024-02-17,14:45:00,17:15:00,17:15:00,ON TIME,,FALSE
31a29334-c8b8-4ca0-b656,02/11/2024,16:02:29,station,Credit Card  ,Adult,Standrd,Off-Peak,NULL,LONDON EUSTON,Birmingham New Street,2024-02-11,5:45 PM,19:05:00,7:05 PM,On Time,,FALSE
aa3d473c-c862-4bdf-9ded,"April 28, 2024",17:22:53,Online,CREDIT CARD, Senior,Standard,Off-Peak,8.0,Liverpool Lime Street,Crewe  ,04/28/2024,18:45:00,19:20:00,7:20 PM,On Time,,N
cd488322-a03f-43ec-bad5,19-02-2024,8:23 AM,Online  ,NULL,,STANDARD,Advance,13.0,London Paddington,Reading,23/02/2024,6:45 AM,7:45 AM,07:45:00,on time  ,None,0
2aaa66f9-cf56-4ab4-838a,03/19/2024,12:09:00,Station,Contact less, Senior, Standard,Off-Peak,NULL,Manchester Piccadilly,liverpool lime street,19-03-2024,13:30:00,14:00:00,14:00:00,on time,,no
360f96e4-ffd8-470d-86d5,02/03/2024,06:34:56, Station,-,,Standard,Advance,3.0, Liverpool Lime Street, Manchester Piccadilly,2024/02/16,05:00:00,05:30:00,5:30 AM,On Time  ,,N
d8221e1f-f35d-4664-a023,2024/01/06,08:54:10,Online  ,n/a,,Standard,Advance,3.0,Liverpool Lime Street,MANCHESTER PICCADILLY  ,07/01/2024,07:15:00,07:45:00,NULL,On Time,,0
372e5daa-988e-4bba-9413,02/01/2024,7:56 AM,ONLINE  ,Credit Card,Senior,standard,Advance,2.0,Manchester Piccadilly,Liverpool Lime Street,2024-02-06,06:15:00,06:45:00,06:45:00,on time,,
0D0C21B6-3F45-4277-B0AE,"March 31, 2024",00:31:52,online,Credit Crad,, standard,OFF-PEAK,17.0,Manchester Piccadilly,Nottingham,2024-03-31,02:00:00,3:00 AM,03:00:00,On Time  ,,0
54413c180b7f4b6ebf65,2024/02/01,01:13:39,Online  ,Credit Card,,Standard,Off-Peak,113.0, liverpool lime street,London Euston,01-02-2024,11:30 PM,01:45:00,01:45:00,On Time,,no
7bceaab7-1079-4568-bd8c,04/21/2024,12:02 AM,Online,Credit Card  ,,Standard,off-peak,4.0,Manchester Piccadilly,Liverpool Lime Street,2024-04-21,01:30:00,2:00 AM,02:38:00,Delayed  ,SIGNAL FAILURE,1
e3af550b-05c3-43bb-9839,02/09/2024,14:43:11,Station,Credit Card  ,Adult,standard  ,Anytime,47.0,LONDON KINGS CROSS, York,09-02-2024,16:00:00,17:50:00,17:50:00,On-Time,,No
1f935c7a-f52b-47fb-9144,04/13/2024,01:23:45, online,Credit Card,,standard  ,Off-Peak,5.0,Liverpool Lime Street,MANCHESTER PICCADILLY,13/04/2024,02:45:00,03:15:00,03:15:00,On Time,,0
C1189218-AB59-4A73-992B,01/03/2024,11:53 AM,Online,Credit Card,adult  ,Standard,Off-Peak,3.0,Liverpool Lime Street,Manchester Piccadilly,03-01-2024,13:15:00,1:45 PM,1:45 PM,on time  ,,No
217c6feb-f76d-448a-98bf,01/04/2024,20:04:35,Online,Creditcard,Adult,Standard  ,Advance,2.0,LIVERPOOL LIME STREET,Manchester Piccadilly  ,2024-04-02,18:30:00,7:00 PM,19:00:00,OnTime,,false
c101a3a4-503e-4cb7-a939,2024-01-17,20:11:54,Station,Contactless,Adult  , Standard, Advance  ,13.0,Birmingham New Street,York,2024-01-18,6:30 PM,20:15:00,20:15:00,On Time,,no
3d3c079d-8886-4dc3-9bc7,01/07/2024,09:03:10,ONLINE,CREDIT CARD,,Standard,Advance,73.0,London Paddington, Manchester Piccadilly,08/01/2024,07:30:00,09:45:00,,Cancled,NULL,FALSE
c2993d86-2921-4a6b-ad48,01/25/2024,2:05 AM,Online,Contactless,None,standard,Advance,35.0,London Kings Cross,York,01/26/2024,00:30:00,02:20:00,02:20:00, On Time,,no
580c7c7f-870e-4a05-88cd,11/02/2024,18:35:26, station,Contactless,,Standard,Advance,21.0,Birmingham New Street  ,London Euston  ,2024/02/28,17:00:00,18:20:00,6:20 PM,on time  ,,N
4d93b143-fc37-4f83-a2e1,2024-01-19,01:09:31,online,Contactless,Adult,Standrd,Advance,, london euston,MANCHESTER PICCADILLY,20-01-2024,23:30:00,01:20:00,01:20:00,On Time,,FALSE
c326b318-588a-4cc3-bc15,"March 05, 2024",18:48:03,station,None,,Standard, Advance,NULL,liverpool lime street,Manchester Piccadilly,06/03/2024,5:15 PM,17:45:00,17:45:00,On-Time,,false
d5021437-7599-44f6-b3de,2024-04-15,16:10:30, Station,debit card,,Standard,Anytime,16.0,London St Pancras,birmingham new street  ,2024-04-15,17:45:00,19:05:00,7:05 PM,OnTime,,0
8cfd06ff-0b55-4797-b794,25-01-2024,08:11:39,Online,Contactless,NULL,Standard,Advance,8.0,london st pancras,Birmingham New Street,01/26/2024,06:30:00,07:50:00,07:50:00,ON TIME,,N
724ba8ec-902d-46a1-a522,15-01-2024,17:00:58,Station,,N/A,STANDARD,Advance,13.0,london paddington,Reading,2024/01/16,15:30:00,16:30:00,16:30:00,ON TIME,,N
0d675d2a-d270-47f9-9efa,2024-02-10,10:31:56,ONLINE,contactless,,STANDARD, advance,13.0,London Paddington,Reading,2024-02-18,09:00:00,10:00:00,10:00:00,On Time  ,,false
ECC86491-12DF-429D-B25E,03/15/2024,00:37:22,Station  ,Credit Card,,standard,Off-Peak,5.0,Liverpool Lime Street,manchester piccadilly,2024-03-15,02:00:00,2:30 AM,02:30:00,On Time,,FALSE
EBF18579-AF75-4BD6-B47B,11/02/2024,17:37:29,Station,CC,,Standard, Off-Peak,12.0,LONDON ST PANCRAS,Birmingham New Street,02/11/2024,19:00:00,8:20 PM,20:20:00,on time,,FALSE
4476789a-1ef5-49c8-a68c,04/09/2024,18:44:32,Station,credit card,,Standard,Advance,£13.00, London Paddington  ,Reading,10/04/2024,17:00:00,18:00:00,,Cancelled,TRAFFIC,1
2b20f98c-28c2-4813-92b1,23-04-2024,18:19:41, Online,Credit Crad,SENIOR,STANDARD,Anytime,3.0,Manchester Piccadilly,Liverpool Lime Street,23-04-2024,6:45 PM,19:15:00,-,On Time,,FALSE
DA8D5135-305E-45D4-9469,2024-02-09,09:08:01,Online,credit card,,Standard,Advance,35.0,London Kings Cross,york,2024/02/10,7:30 AM,09:20:00,None, On Time,,0
614a5f99-d8ad-42ca-96e1,05/04/2024,5:16 AM,Online  ,Contactless,,Standard  , Anytime  ,70.0,LONDON KINGS CROSS,York,05/04/2024,06:45:00,08:35:00,08:35:00,on time,,No
4d6feeaf-2175-4587-bf08,2024-02-10,08:29:15,Online,CREDIT CARD,,standard,advance  ,13.0,London Paddington,Reading,18-02-2024,07:45:00,08:45:00,8:45 AM,On Time  ,,N
e84b9f88-62f2-4f6a-a428,2024-02-12,10:43:26,Online,Debit Card,Senior,Standard,Advance,5.0,London St Pancras,birmingham new street,2024-02-22,9:00 AM,10:20:00,10:20:00,On Time,,0
913f0a88-e18f-49c3-9d18,2024-01-24,14:36:55,Online,,,Standard,Anytime,13.0,London Euston  ,Birmingham New Street,2024-01-24,4:00 PM,17:20:00,17:20:00,OnTime,,N
e5b3dd94-8c2d-4563-a054,17/01/2024,3:41 AM,online,Credit Card,,standard,ADVANCE,8000.0,London St Pancras,BIRMINGHAM NEW STREET,2024-02-04,02:00:00,03:20:00,03:20:00,On Time,,false
bb1980e8-e770-450e-aa3b,2024/04/02,17:33:43,Station,Creditcard,ADULT  ,Standard, Advance,23.0,London Kings Cross,york,04/03/2024,16:00:00,17:50:00,5:50 PM,On Time,,No
6dc36f58-bf66-4c92-9b0e,03-02-2024,08:28:57,Online  ,Contactless,,Standard,ADVANCE,3.0,manchester piccadilly, Liverpool Lime Street,06/02/2024,06:45:00,7:15 AM,07:15:00, on time  ,,0
d56f7e03-9d0f-4166-b6b2,14-02-2024,03:41:17,Online  ,Credit Card,,Standrd,ADVANCE,12.0,MANCHESTER PICCADILLY, Nottingham,02/20/2024,02:00:00,03:00:00,03:00:00,On Time,,No
fd96a89a-4ad0-44b4-840b,01/09/2024,18:18:35,Online,Credit Card,senior, First Class,Anytime,£13.00, Manchester Piccadilly,liverpool lime street  ,01/09/2024,18:45:00,19:15:00,19:15:00,On-Time,,No
cf622901-0431-49a6-be02,2024-03-02,08:50:13,Station,Contact less,,Standard,advance,13.0,London Paddington, READING,2024-03-03,7:15 AM,08:15:00,08:15:00, ON TIME,,0
52fe922b-0b3a-491e-b01b,10-01-2024,05:42:56,online,n/a,-,Standard,Anytime,-44.0,Birmingham New Street,London St Pancras,01/10/2024,07:00:00,08:20:00,08:20:00,On Time,,FALSE
0ab330c1-e4cc-41f8-824d,27-03-2024,05:00:06,ONLINE,credit card  , Disabled,Standrd,Anytime,NULL,LONDON ST PANCRAS  ,WOLVERHAMPTON,27-03-2024,06:30:00,08:00:00,8:00 AM,OnTime,None,0
4ad2675f-b619-4285-b0b6,16-02-2024,05:10:24,Online,n/a, Disabled,Standrd,Anytime,7.0,York,doncaster  ,2024/02/16,6:30 AM,07:00:00,07:00:00,On Time,,FALSE
9d7130c7-cd84-426b-af7d,2024-03-19,7:45 AM,Online,DEBIT CARD  ,Senior,First Class,Advance,18.0,London Paddington,Reading  ,2024/03/20,06:15:00,07:15:00,07:15:00,On Time  ,,false
a85a6802-3ed6-43b6-acfd,"March 10, 2024",6:55 PM,online,contactless,,STANDARD,Off-Peak,107.0,London Euston,Manchester Piccadilly,03/10/2024,20:15:00,10:05 PM,22:05:00,On Time,,0
92072140-f481-438d-8e08,2024-02-14,00:21:54,Online,Credit Card  ,,STANDARD,Advance,3.0, Liverpool Lime Street  ,manchester piccadilly,2024-02-22,23:45:00,00:15:00,00:15:00, On Time,,false
402f3019-909a-4508-bac9,03/05/2024,01:15:44,Online,Contactless,Disabled  ,Standard,Off-Peak,£8.00,York,DURHAM,2024-03-05,23:45:00,00:35:00,00:35:00, On Time,,false
cd10617e-63be-4433-b3c0,04/02/2024,13:11:15,Station,Contactless,,Standard,Off-Peak,12.0,london st pancras  ,Birmingham New Street,04/02/2024,2:30 PM,15:50:00,15:50:00,On Time,NULL,no
53f63761-0d53-4a03-96b6,01/31/2024,12:16:16, Station  ,Creditcard,,Standrd,Advance,7.0,London Euston,BIRMINGHAM NEW STREET,2024-02-03,10:45 AM,12:05:00,,Cancelled, signal failure,yes
239aa36a-41c8-4ee9-ab64,07-04-2024,12:24 PM,Online, Credit Card,,Std,Off-Peak,5.0,Liverpool Lime Street,MANCHESTER PICCADILLY,07/04/2024,13:45:00,14:15:00,2:15 PM,on time,,FALSE
2a56bffd-e413-4ad8-a02c,19/02/2024,19:22:45, Station,Credit Card,,standard,Off-Peak,-10.0,london euston,Birmingham New Street  ,02/19/2024,20:45:00,22:05:00,22:05:00,On Time,N/A,No
e14a4c17-7929-4529-b957,01/21/2024,6:13 PM,Online,Credit Card,Senior, Standard  ,Off-Peak,23.0,LONDON ST PANCRAS,Leicester  ,21/01/2024,18:45:00,19:45:00,19:45:00,on time,,no
74cc1f542ab94a709197,2024-02-16,17:38:21,Station,Credit Card, Adult  ,Standrd,Advance,4.0,London Euston  , Birmingham New Street,"February 29, 2024",4:00 PM,5:20 PM,N/A,Delayed,SIGNAL FAILURE,0
e098ea8c682f4b97ad28,03/04/2024,07:30:38, Online  ,CONTACTLESS,,Standard,Off-Peak,NULL,London Paddington  ,Reading,2024/04/03,09:00:00,10:00:00,10:00:00,OnTime,,FALSE
fe90585b-ba91-4ae0-b176,21-04-2024,09:40:11, station,Contacless,,Std,Off-Peak,None,Manchester Piccadilly,LIVERPOOL LIME STREET,2024-04-21,11:00:00,11:30:00,2:20 PM,Delayed  ,Staff Shortage  ,No
FBD96FBB-3909-4F90-B386,2024-03-05,10:50:02,Online, CONTACTLESS,NULL,standard,Advance,8.0,london st pancras,BIRMINGHAM NEW STREET  ,06/03/2024,9:15 AM,10:35:00,10:35 AM,On Time,,FALSE
83430e18-e571-4104-959b,01/18/2024,07:44:44,Station,CONTACTLESS  ,Adult,Std, OFF-PEAK,12.0,Manchester Piccadilly,Nottingham,18-01-2024,9:00 AM,10:00:00,10:53:00,Delayed,signal failure,
2eba0208-f83a-42fc-9e44,24/01/2024,19:34:44,Online,Creditcard, Senior,Standard,Advance,16.0,london st pancras  ,Leicester  ,"January 25, 2024",18:45:00,7:45 PM,7:45 PM,On Time  ,,0
3466704e-e4e5-4a80-90d0,2024-03-04,12:07:44,Station,Contactless,SENIOR,Standrd,Off-Peak,£3.00,Manchester Piccadilly,liverpool lime street,04-03-2024,13:30:00,14:00:00,14:00:00,On Time,,no
6938c6e9-ff69-4215-81a3,"March 29, 2024",00:11:37,station,Credit Card  ,Adult,Standard,Off-Peak,84.0,Manchester Piccadilly,London Euston,2024-03-29,22:30:00,00:20:00,,cancelled,Signal failure,yes
bf560416-e46d-4a3c-8c1a,2024-02-18,23:11:40,Station,Contactless,,Standard,Advance,None, London Kings Cross,York,2024/02/19,00:30:00,02:20:00,2:20 AM,On Time,,no
074a61a8-6af2-4d0a-99b7,2024/01/04,08:13:11,Online  ,Credit Card,disabled,Standard,Advance,4.0, York,doncaster,05/01/2024,06:30:00,07:00:00,07:00:00,on time,,FALSE
5b3f09ab-adcf-4d16-adef,2024-03-18,18:23:47, Online,Credit Card,Senior,Standrd,Anytime,,Manchester Piccadilly,Liverpool Lime Street,18-03-2024,18:45:00,19:15:00,19:15:00, on time,,0
10520a42-b1b8-4169-a8f1,10-04-2024,19:06:25,Online,,,Standard  ,Off-Peak,10.00 GBP,London Euston,BIRMINGHAM NEW STREET,04/10/2024,8:30 PM,21:50:00,21:50:00,OnTime,,false
53971b13-6022-4dc8-a3fe,14/04/2024,09:08:38, ONLINE,,,Standard, Advance  ,35.0, London Kings Cross  ,York,2024/04/15,07:30:00,9:20 AM,09:20:00,On Time,,false
99e7c77f-9054-4e83-8637,04/24/2024,8:44 PM,Station,Credit Card  ,N/A,Standard,advance,8.0, London St Pancras,Birmingham New Street,25-04-2024,19:00:00,8:20 PM,8:20 PM,ON TIME,,FALSE
7a8a07e2-f430-4c2e-85ea,03/11/2024,10:21:40,Online,Contacless,,Standard,Off-Peak,12.0,LONDON ST PANCRAS,Birmingham New Street,2024/03/11,11:45:00,13:05:00,13:05:00,on time  ,,N
64c1167a-364d-4825-ab98,04/28/2024,21:45:03,ONLINE, Credit Card  ,ADULT,standard, ADVANCE,8.0,London Paddington, Reading,"April 29, 2024",20:15:00,21:15:00,21:15:00,On Time,,0
0ebd64ed1b83460a99fd,2024-02-24,07:50:33,Online,CREDIT CARD,,STANDARD,Advance,35000.0,London Kings Cross  ,york,2024-02-27,06:15:00,8:05 AM,8:05 AM,On Time,,no
c2639072-4fed-4d68-b0b7,04/14/2024,15:15:56,Online,Credit Card,None,Standard, ADVANCE,2.0,manchester piccadilly,Sheffield,15/04/2024,13:45:00,2:30 PM,2:30 PM,On Time,NULL,No
3c784bb1-1ec3-463c-9afe,03/16/2024,12:10:04,STATION,Contact less,N/A, First Class,Off-Peak,41.0,LONDON PADDINGTON  , Reading,2024-03-16,13:30:00,14:30:00,2:30 PM,On-Time,,false
94360a5e-e364-4fb2-b5da,2024-01-04,03:08:51,Online,Credit Card,,Standard,Off-Peak,19.0, London Paddington,Reading  ,2024-01-04,04:30:00,05:30:00,05:30:00,On Time,,N
bbdc21d9-c872-46c3-967e,11-02-2024,02:23:01,online,,,Standard,Off-Peak,-,London Euston  ,Birmingham New Street,11-02-2024,3:45 AM,5:05 AM,05:05:00,On Time,,FALSE
adf98019-ef45-486b-8a89,26-04-2024,00:59:41,ONLINE,Contactless,NULL, Standard,Off-Peak,3.0,Liverpool Lime Street,MANCHESTER PICCADILLY,2024/04/26,02:15:00,02:45:00,2:45 AM,On Time,,FALSE
9e92a97ba931470d897e,2024-04-16,05:19:14,Online,Contactless,,Standard  ,Anytime,25.0, London Paddington,Reading,04/16/2024,06:45:00,7:45 AM,-,On Time,,No
d224b5d3-27ab-434a-a71e,2024-02-07,23:29:34,Online, Contactless,,Standard,Advance,7.0,London Euston,Birmingham New Street  ,2024-02-23,9:45 PM,11:05 PM,23:05:00,OnTime,,-
73d22af8-abd3-4575-9890,"March 09, 2024",5:32 PM, STATION,CREDIT CARD,Adult,standard,Advance,4.0,london euston,BIRMINGHAM NEW STREET,2024-03-10,4:00 PM,17:20:00,5:20 PM,On Time,,0
15dcf026-2e79-4ffb-82a4,2024/03/24,14:47:59,ONLINE,contactless,Adult,Std,Off-Peak  ,2.0,manchester piccadilly,Liverpool Lime Street,24-03-2024,4:15 PM,16:45:00,n/a,On Time,,0
ebef7d1a-cee5-4518-9830,2024-04-22,21:44:53,Online  ,Creditcard,,Standard,Advance,7.0, London Euston,Birmingham New Street  ,2024-04-23,20:00:00,21:20:00,21:20:00,On Time,,N
beb78635-91c1-4a41-82c6,2024-04-04,21:57:29, Online,Credit Card,,Standard,advance,3.0,Liverpool Lime Street,Manchester Piccadilly  ,04/05/2024,20:15:00,20:45:00,20:45:00,on time,,0
516c133b-c8bf-4762-93c3,2024-03-21,10:41:41,Online  ,Contactless,,Std,Advance,7000.0, london euston  ,BIRMINGHAM NEW STREET,2024/03/22,09:00:00,10:20:00,10:20:00,on time,,N
ddcaef8e-1fa1-4c75-bda0,02/05/2024,5:30 PM, Online,Credit Card  ,, First Class,Off-Peak,14.0,manchester piccadilly  , LIVERPOOL LIME STREET,2024-02-05,19:00:00,19:30:00,19:30:00,ON TIME,,0
2B91E5D1-8911-4E17-A921,28-03-2024,12:44 PM,Online,contactless,,1st Class,Advance,54.0, London St Pancras, Birmingham New Street,29-03-2024,11:00 AM,12:20:00,12:20:00,On Time,,false
7d9455f4-bd5d-4d59-b00c,2024-04-27,5:13 PM,Station  ,Debit Crad,Adult,Standrd, Off-Peak,,Liverpool Lime Street, london euston,2024-04-27,17:30:00,19:45:00,8:05 PM,DELAYED,Technical Issue,true
4F54557D-2E1E-431B-8D51,03/24/2024,20:31:12, Station,CONTACTLESS,,Standard,Advance,13.0,London Paddington  ,Reading,"March 25, 2024",17:45:00,18:45:00,18:45:00, On Time,,0
69AC878A-E9D1-4E51-9AAF,02/06/2024,06:40:07,station, Credit Card,,Std,Anytime,151.0,Liverpool Lime Street  ,London Euston  ,06-02-2024,8:00 AM,10:15:00,11:02:00,Delyed,Weather,No
8e159858-7478-4052-b99f,03/02/2024,09:06:32,station, Contactless,,Standard,Advance,£3.00,Liverpool Lime Street,MANCHESTER PICCADILLY,10/02/2024,07:30:00,8:00 AM,08:00:00,ON TIME,,false
a1781d27-faa3-43c6-8bc7,19/02/2024,10:46:38,online,Contactless  ,,Std,Advance,8.0,London St Pancras,BIRMINGHAM NEW STREET,02/24/2024,9:15 AM,10:35:00,10:35:00, on time  ,,no
3ab8b32a-bd65-4fc1-b7a7,2024/01/31,12:10:14, STATION,Contactless, senior,Standard,off-peak,3.0,Manchester Piccadilly,Liverpool Lime Street,01/31/2024,13:30:00,14:00:00,14:00:00,On Time  ,,0
16a70385-8334-49e9-b959,04/06/2024,15:22:37,STATION,Credit Card,,Standard,Off-Peak,8.0,Birmingham New Street,STAFFORD,2024/04/06,17:45:00,18:15:00,18:15:00,On Time,,N
2e4194e3-d9e2-44e9-a1c3,08/02/2024,09:46:10, Online,Credit Card,ADULT, Standard,Off-Peak,3.0,Liverpool Lime Street,Manchester Piccadilly,08-02-2024,11:15:00,11:45:00,12:19 PM,Delayd,Technical Issue  ,0
003C7548-C7C6-4349-A026,2024-01-07,5:18 PM,Online  ,Credit Card  ,,Standrd,Off-Peak,12.0,London St Pancras,Birmingham New Street,2024-01-07,6:45 PM,20:05:00,8:05 PM,on time,,N
94a785f7-8e7c-48bd-80d4,02/25/2024,9:43 AM,Station,CC,,Standard,Advance,84.0,Manchester Piccadilly  ,London Euston,2024-02-26,08:00:00,9:50 AM,10:44 AM,DELAYED,weather,NULL
8de19a5c-0176-41f5-b6a0,2024-03-08,06:35:04, Online,Contacless,,Std,Anytime,11.0,reading,Oxford  ,03/08/2024,08:00:00,08:25:00,8:25 AM,On-Time,,No
486b9f55-5d99-4e6b-89b0,2024-02-20,6:43 PM,Online,Credit Card,,First Class,ADVANCE,52.0,london euston,Birmingham New Street,2024-02-21,17:00:00,18:20:00,18:20:00,On Time  ,,0
1a7bbc44-4879-452d-83c0,"January 13, 2024",02:08:51, Online,NULL,,Standard  ,Off-Peak,,LONDON KINGS CROSS,York,13-01-2024,03:30:00,5:20 AM,05:20:00,On Time,,No
a49ce8fa-e658-40bc-9de9,02/08/2024,00:30:45,ONLINE, Credit Card  ,,Standard,Advance,3.0,Liverpool Lime Street  , Manchester Piccadilly  ,20-02-2024,23:00:00,11:30 PM,23:30:00,ON TIME  ,N/A,0
83bcd330-1a15-4a5d-94ae,02-03-2024,00:49:56,Station,-,,Std,off-peak  ,NULL, LIVERPOOL LIME STREET,Manchester Piccadilly,03/02/2024,2:15 AM,02:45:00,02:45:00,OnTime,,FALSE
1d91118f-408d-412c-a785,"January 04, 2024",20:09:34,Station  , Contactless,,Standard  ,Advance  ,33.0,reading,Birmingham New Street,05/01/2024,18:30:00,7:30 PM,19:30:00,on time,,0
4a42c160-c404-4cd3-a040,02/20/2024,07:21:14,Station  ,CREDIT CARD,,Standard,Advance,£3.00,Manchester Piccadilly,Liverpool Lime Street,21-02-2024,5:45 AM,6:15 AM,06:15:00,On Time,,0
187e0de4-a8f7-4082-8eb5,2024/03/01,17:46:05,Online,Credit Card,,Standard,Advance,-, LONDON EUSTON  ,birmingham new street,2024-03-02,16:15:00,17:35:00,17:35:00,On Time,,false
1295f175-9964-4805-be3a,"April 27, 2024",2:55 PM, online  ,Contacless,Adult  ,Standard,off-peak  ,11.0,birmingham new street,Manchester Piccadilly,27/04/2024,4:15 PM,17:35:00,17:35:00,ON TIME,,FALSE
62A8047BE058416CB181,10/04/2024,11:04:17, STATION,Credit Card,, STANDARD, Off-Peak,£10.00,London Euston,Birmingham New Street,10-04-2024,12:30:00,13:50:00,13:50:00,On Time,,0
d55619bc-335b-457e-ba7b,2024-02-07,06:38:03,Online,N/A, Adult  ,STANDARD,Advance,2.0,Liverpool Lime Street,Manchester Piccadilly,2024-02-08,05:00:00,05:30:00,05:30:00,On-Time,,no
44f28d4f-4612-4c89-a2a3,2024-03-31,07:03:47,Station, Contactless,,standard,OFF-PEAK  ,4.0,Manchester Piccadilly,Liverpool Lime Street,03/31/2024,08:30:00,09:00:00,9:00 AM,OnTime,,no
13f38107-3b85-490a-b437,17-02-2024,08:48:56, station  ,CC,,Standard,off-peak,4.0, Manchester Piccadilly  ,Liverpool Lime Street,17/02/2024,10:15:00,10:45:00,10:45 AM,OnTime,,FALSE
e6dad5cd-376a-466f-86f1,2024/01/14,07:40:37,ONLINE,Contact less,,STANDARD,Off-Peak,,LONDON KINGS CROSS,Edinburgh Waverley,01/14/2024,4:00 PM,8:20 PM,8:20 PM, On Time,,false
0e515d48-0a04-4194-87a1,04/04/2024,6:30 AM,Station,CC,, STANDARD,anytime,151.0, Liverpool Lime Street,London Euston,04-04-2024,08:00:00,10:15:00,11:05 AM,Delayed,Weather,0
99b40ed7-cc69-46c0-9fb9,"February 01, 2024",12:33:19,Station,Contactless,,STANDARD,Advance,£24.00,York,Edinburgh,2024/02/02,11:00:00,13:30:00,1:30 PM,OnTime,,No
8de3525a-db4f-44dd-a25f,07-02-2024,20:25:55,Online,Credit Crad,,Standard,Advance,7.0,Birmingham New Street,Nuneaton,2024/02/13,6:45 PM,19:05:00,7:05 PM,On-Time,,0
cecb5a06-f292-40b5-bff6,31-01-2024,14:43:19,station,Debit Card,disabled,STANDARD,Anytime,-9.0,London Euston,Birmingham New Street,2024-01-31,16:00:00,17:20:00,17:20:00,OnTime,,FALSE
25892572-e945-4925-8d83,2024-04-12,00:32:39,online  ,Credit Card,,Standard  ,Off-Peak,None,London Paddington,Reading,12/04/2024,02:00:00,03:00:00,03:00:00,ON TIME  ,,0
dae02514-fec9-45a7-8774,12-04-2024,02:13:56,Station,Contacless,,STANDARD,Off-Peak  ,-,Birmingham New Street,Reading,12/04/2024,3:30 AM,05:00:00,05:00:00,On Time,,N
2b7680cd-c108-4af2-913d,2024/01/20,08:02:43, Station  , Contactless,,Standard, Advance,35.0,London Kings Cross, york,21/01/2024,06:30:00,08:20:00,08:20:00,On Time,,N
5ea1602d-5162-487e-beab,2024-01-05,03:42:16,Station,CONTACTLESS,,Standard, Off-Peak,53000.0,London Kings Cross,York,2024-01-05,05:00:00,06:50:00,06:50:00,On Time,,No
ced06309-b557-42d7-851e,02-04-2024,09:01:59, ONLINE  ,N/A,,Std, advance  ,35.0, london kings cross,York,04/03/2024,7:30 AM,09:20:00,09:20:00,On Time,-,-
223009c0-0f28-4e07-a0ac,04/05/2024,5:03 AM,online, DEBIT CARD,,Standard,Anytime,,LONDON EUSTON,Manchester Piccadilly,05-04-2024,06:30:00,8:20 AM,08:20:00,ON TIME,,FALSE
9f2a857f-7363-4d8f-9707,10/02/2024,2:52 PM,Online,Contactless,ADULT,Standard,off-peak,2.0,Manchester Piccadilly,Liverpool Lime Street  ,2024/02/10,16:15:00,16:45:00,16:45:00, On Time  ,,N
773945cd-6648-4eea-b083,"January 14, 2024",23:30:12,Station,Contactless,,Standard,Advance,35.0,LONDON KINGS CROSS,York,2024-01-15,01:00:00,02:50:00,,Cancelled,Signal Failure,true
3d2a97ae-5f3c-4770-b968,2024-01-29,6:35 PM,online,Credit Card  ,Adult,Std,Off-Peak,7.0,London Euston,Birmingham New Street,29-01-2024,8:00 PM,21:20:00,21:20:00,On-Time,,FALSE
ebb78070-34f9-4a59-a73e,03/18/2024,3:11 PM,Online, Contactless,Adult  , Standard,Anytime,£13.00,liverpool lime street,Leeds,"March 18, 2024",16:30:00,18:00:00,18:00:00, On Time,,N
f336b744-f9a1-4846-ad73,22-03-2024,21:50:13,Online,Credit Card,,standard,ADVANCE,13.00 GBP,London Paddington,Reading,23-03-2024,8:15 PM,21:15:00,N/A,On Time,,No
61aa390b-f58e-432f-bf2a,"January 11, 2024",16:04:34,Station,debit card,, STANDARD, Advance,84.0,MANCHESTER PICCADILLY,London Euston,12-01-2024,15:30:00,17:20:00,None,DELAYED,-,true
DAE02514-FEC9-45A7-8774,2024-04-12,02:13:56,Station,contactless,,Std,Off-Peak  ,None,Birmingham New Street  , Reading,12-04-2024,3:30 AM,05:00:00,05:00:00,on time,,N
adb6c4233eb04aef9551,08-04-2024,00:40:39,Online,None,,Standrd,Off-Peak,5.0, Liverpool Lime Street,Manchester Piccadilly,2024-04-08,23:00:00,23:30:00,23:30:00,On Time,,false
926da3ce-40aa-43a0-81a2,2024-04-12,2:04 AM,Station,credit card,, Standard,Off-Peak,126.0,Manchester Piccadilly,London Euston,04/12/2024,03:30:00,05:20:00,5:37 AM,Delayed, Weather Conditions,No
0cdfb0d5-eb3a-4fb4-8fb9,06-04-2024,4:07 AM,Online,Credit Card,,Standrd,Advance,3.0,Liverpool Lime Street  ,manchester piccadilly,07/04/2024,02:30:00,03:00:00,03:00:00,On Time,,FALSE
e7ea0a9c-0ca8-4f55-8588,18/03/2024,14:29:31,Online,Credit Card,,Standrd,Off-Peak  ,8.0,London St Pancras,Birmingham New Street,18-03-2024,15:45:00,17:05:00,5:05 PM,On Time,,no
27e62a07-b859-4b8a-8766,2024/01/10,11:32 PM,Online  ,Contactless  ,,Standard,Advance,7.00 GBP,London Euston,BIRMINGHAM NEW STREET,11-01-2024,22:00:00,11:20 PM,23:20:00,OnTime,,N
91bdc01c-1c07-4b17-bfcc,11-01-2024,06:01:33, Online,Credit Card,,Standard,Anytime,N/A,Reading,Swindon,2024/01/11,07:30:00,08:15:00,08:15:00,OnTime,,FALSE
7b6c0e29-3f5a-4c9a-b1db,31/01/2024,00:27:44,ONLINE,NULL,,Standard,off-peak,11.0,York,durham  ,2024-01-31,01:45:00,2:35 AM,02:35:00,on time,,FALSE
82a3f464-249f-44af-998b,2024-03-14,03:44:02,Online,CONTACTLESS  ,, Standard,off-peak,53.0,London Kings Cross,york,14-03-2024,05:00:00,06:50:00,06:50:00,On Time,,No
d395659b-c6e6-418e-aef3,11-04-2024,05:08:31,Station,CREDIT CARD  ,,standard,Anytime  ,16.0,London St Pancras,Birmingham New Street,11/04/2024,06:30:00,07:50:00,07:50:00,On Time  ,,FALSE
a0517921-9bde-406b-aa8a,04/22/2024,20:08:01,Station,contactless,,First Class,advance,£52.00,London Euston  ,birmingham new street,23-04-2024,18:30:00,19:50:00,19:50:00, On Time,n/a,false
ee3e6125-f330-4dd3-8ecf,04/15/2024,09:30:04,STATION,Credit Crad,, standard,Advance,76.0,Liverpool Lime Street,London Euston,2024/04/16,08:00:00,10:15:00,,Cancelled, Staffing,No
3a56c412-f95a-48ff-b5e5,01/31/2024,17:29:27,Online  ,Credit Card  ,,Standard,Anytime,16.00 GBP,London St Pancras,birmingham new street,01/31/2024,18:45:00,20:05:00,8:05 PM, On Time,,false
1085ddc7-a06a-4b5f-85b3,24-01-2024,07:24:16,Online,,,standard  ,Anytime,35.0,London Paddington,Oxford,2024/01/24,7:45 AM,09:15:00,9:15 AM,On Time,,FALSE
918fd083-692f-4284-a967,25/04/2024,16:01:46,Station,Credit Card,Adult  ,Standard, anytime,-, London Euston,BIRMINGHAM NEW STREET,2024-04-25,17:45:00,19:05:00,19:05:00,ON TIME  ,,N
C019528171F94262947B,27/01/2024,17:19:54,Online, credit card  ,disabled,Standard,advance,4.0,London Euston  ,BIRMINGHAM NEW STREET,2024-01-28,15:45:00,17:05:00,17:05:00,On Time,,N
13954f5a-2925-4927-b503,16-04-2024,22:46:26,station,credit card  ,,first class,Advance,52.0,London Euston,birmingham new street  ,2024-04-17,21:15:00,22:35:00,22:35:00,on time  ,,0
743a205dd9f8403cb7cd,03/25/2024,20:23:39, Station  ,Creditcard,Adult,FIRST CLASS,Advance  ,36.0,London St Pancras, Birmingham New Street,03/26/2024,18:45:00,20:05:00,,CANCELLED, signal failure,no
9be8db6d-962b-4f8d-8796,2024-01-22,04:15:29,Station,Credit Card,adult,Std,Off-Peak,£65.00,London Kings Cross  ,Liverpool Lime Street,01/22/2024,5:45 AM,8:00 AM,08:00:00,ON TIME,,false
04a7dfa6-478e-426d-b333,2024-01-26,16:35:15,Station  ,Debit Crad,,Std, ADVANCE  ,7.0,London Euston,Birmingham New Street,01/27/2024,15:00:00,16:20:00,,Canceled,SIGNAL FAILURE,yes
469a0b26-a44e-4fb7-8039,2024-03-22,8:11 PM,Online,Credit Card,adult,Standard,Advance  ,2.0, Liverpool Lime Street,Manchester Piccadilly,03/23/2024,18:30:00,19:00:00,19:00:00,On Time,,no
97c9742c-cd07-49d6-a725,2024-02-06,18:53:45, STATION,Contactless,,Standard, Advance,3.0,Liverpool Lime Street, MANCHESTER PICCADILLY,02/07/2024,17:15:00,17:45:00,17:45:00,OnTime,,no
7cdae1be-b09d-4e30-af34,2024-01-22,06:35:13,online,contactless,,Standard,Advance,3.0,manchester piccadilly,Liverpool Lime Street,01/23/2024,5:00 AM,5:30 AM,05:30:00,on time,,no
C646BED5-4F8D-4B7A-A3E4,02/11/2024,6:33 AM,Station  ,Contactless,,First Class,Advance  ,57.0,London Kings Cross,York,2024-02-26,05:00:00,6:50 AM,NULL,On Time,,No
f9679f1b-2871-455b-9c6c,2024-03-20,04:43:13, online  ,Credit Card,Adult,Standrd,Advance,N/A,Liverpool Lime Street,London Paddington,21-03-2024,03:00:00,05:30:00,05:50:00,DELAYED,Staff Shortage,yes
9feae627-2a38-42f0-b66d,2024-03-22,17:48:04,Online,CREDIT CARD,Adult,1st Class,Advance,£18.00,London Paddington,READING  ,03/23/2024,16:15:00,17:15:00,5:15 PM,On Time,,No
a4e05ec1-7845-481f-9b33,04/11/2024,1:23 PM,Station, contactless  ,,STANDARD,Off-Peak,53.0,London Kings Cross,York,04/11/2024,14:45:00,16:35:00,4:35 PM, On Time,,false
6b8efbf4-a32c-4610-9157,2024-01-04,5:15 PM, Online,Contacless,,Standard,Anytime,5.0,manchester piccadilly,Liverpool Lime Street,"January 04, 2024",18:45:00,7:15 PM,19:15:00,on time,,No
fca15e13-f6ef-4f2c-aeb8,"April 14, 2024",05:19:22,Station,Credit Card,, standard,Off-Peak,5.0,Liverpool Lime Street,Manchester Piccadilly,2024/04/14,06:45:00,07:15:00,07:15:00,On Time,,No
bb7f2ae7-2012-49bf-891f,19-03-2024,5:52 PM,Online,contactless,ADULT, Standard,Advance,7.0,Birmingham New Street,Manchester Piccadilly,2024-03-20,16:15:00,17:35:00,17:35:00,ON TIME,,FALSE
E7EC842C-1D81-4C0C-8E37,03/10/2024,04:45:18,Online,N/A,,Standard,OFF-PEAK  ,£53.00,London Kings Cross,York,2024/03/10,06:15:00,08:05:00,08:05:00,OnTime,,no
35f64cb9-f35e-44ca-ba53,01/17/2024,10:32:43,station,Contactless,adult,Standard,Advance,8.0,manchester piccadilly,Nottingham,18/01/2024,09:00:00,10:00:00,10:53:00,Delayed,Signal Failure,No
a3ddac27-5d27-4804-a0f8,2024/03/22,05:09:06,Online,Credit Card,Disabled,STANDARD, ANYTIME,43.0, london st pancras,Wolverhampton  ,2024/03/22,06:30:00,8:00 AM,8:00 AM,ON TIME,,0
c0204e7d-6b03-45f3-8bb8,2024/01/26,9:06 AM,Online,Credit Card,disabled,Standrd,Advance  ,23.0, LONDON KINGS CROSS,York,01/27/2024,7:30 AM,09:20:00,09:20:00,On Time,,0
b1569a79-a22b-4dd6-b928,"January 23, 2024",20:25:14, Online  , Credit Card,,Standard,Advance,None,London Paddington  ,Reading,2024-02-01,6:45 PM,19:45:00,19:45:00,On Time  ,,0
f6dedf8b-86ef-4eff-b2c7,2024-02-08,4:07 PM,Station,Credit Card,N/A,STANDARD  ,Anytime  ,,Manchester Piccadilly  , Liverpool Lime Street,08/02/2024,5:45 PM,18:15:00,7:16 PM,Delayed  ,Weather Conditions  ,FALSE
4de2c445-8a81-46e6-8dc7,31/03/2024,18:20:48,Online, Credit Card,SENIOR,Standard  ,Off-Peak,23.0,London St Pancras  ,leicester,31-03-2024,18:45:00,7:45 PM,7:45 PM,on time,,No
dc2acc61-c45b-4392-806e,2024/01/27,20:27:26,Online,Contactless  ,,Std,Advance,3.0,Manchester Piccadilly,Liverpool Lime Street,01/28/2024,18:45:00,7:15 PM,,Cancelled,Staffing,no
3ebac775-33f5-490e-b83c,2024-01-09,00:44:07,Online,CC,, Standard  ,Off-Peak,5.0,Liverpool Lime Street, Manchester Piccadilly  ,2024-01-09,02:00:00,02:30:00,02:30:00,On Time,,false
9bb950aa-5344-4765-a57e,04/18/2024,18:58:56,Online,Creditcard,DISABLED, standard,Off-Peak,3.0,manchester piccadilly, liverpool lime street,2024-04-18,20:15:00,20:45:00,20:45:00,On-Time,,No
4e3d8695-639b-46ac-bd24,2024-02-27,2:42 PM,ONLINE,CONTACTLESS,,Standard  ,Advance,,London Kings Cross, York,2024-02-29,13:00:00,14:50:00,14:50:00,ON TIME,,false
2b2bf794211144bf8758,03/03/2024,10:45:53, online,Debit Crad, Adult,Standard,Advance,2.0,Manchester Piccadilly, LIVERPOOL LIME STREET  ,03/04/2024,9:15 AM,09:45:00,09:45:00,delayed, weather  ,N
66d05d3b-1895-4632-9742,2024-04-12,12:33 PM,Station  ,Credit Card,,STANDARD, Advance,-,Manchester Piccadilly,liverpool lime street,2024-04-13,11:00:00,11:30:00,11:30:00,On Time,N/A,FALSE
111fc475-20b7-4e2b-a54d,04/10/2024,2:50 AM,Station,Contactless  ,disabled,Standrd,OFF-PEAK,,Liverpool Lime Street,MANCHESTER PICCADILLY,10/04/2024,04:15:00,04:45:00,4:45 AM,on time,,no
70ad37b2-8e70-4a38-86c4,02/24/2024,14:52:01, Online,Contactless,Adult,Std,Off-Peak,2.00 GBP,Manchester Piccadilly  ,liverpool lime street,02/24/2024,16:15:00,16:45:00,16:45:00, on time  ,,0
33782eda-ee6a-44aa-87f4,16-04-2024,4:16 PM,STATION,CREDIT CARD,,standard,ANYTIME,£16.00, London St Pancras,Birmingham New Street,04/16/2024,17:45:00,19:05:00,19:05:00,On Time,,0
78288F5C-2E86-46BE-A381,08-02-2024,07:37:26,Online,Contact less,,standard,advance,35.0,London Kings Cross,York,09-02-2024,06:00:00,7:50 AM,07:50:00,OnTime,,N
a3c2be5f-258a-4e2d-b831,23-01-2024,06:37:11,STATION  ,Credit Card,,Standard,Anytime,168.0,Manchester Piccadilly,LONDON EUSTON,2024-01-23,08:00:00,09:50:00,10:43:00,Delayed,Weather,0
ad6d70e3-521e-4eab-bac3,2024/03/07,12:45 PM,online,Contactless,Disabled, Standard,Off-Peak,7.0,london euston,Birmingham New Street  ,07/03/2024,14:15:00,15:35:00,3:35 PM,OnTime,,FALSE
d0a81b9e-f1a5-4da8-8651,2024-01-24,08:04:47,Station,Credit Card  ,,Standard  ,Advance  ,13.0,reading,London Paddington,01/25/2024,06:30:00,06:55:00,6:55 AM,On Time,,no
490bce63403e40c6b424,"January 22, 2024",17:32:26,STATION  ,Credit Card,adult,Standard,Advance,23.0,London Kings Cross,York  ,"January 23, 2024",4:00 PM,5:50 PM,17:50:00,On Time  ,,N
1118a23c-88e5-4c75-8191,2024/01/27,16:03:35, Online, Credit Card,Adult,First Class,OFF-PEAK,10.0,Liverpool Lime Street  ,Manchester Piccadilly,27-01-2024,17:30:00,18:00:00,18:00:00,On Time,,N
681e4a4d-f0e5-4d74-9523,2024-02-16,07:23:04,online,credit card,,Standard,Anytime,25.0,London Paddington  , Reading  ,2024-02-16,7:45 AM,08:45:00,None,On Time,,N
754f4ed2-e072-480a-8b3f,21/03/2024,08:25:16,Online,credit card,,Standard,Advance,13.00 GBP,London Paddington,Reading,22-03-2024,07:45:00,08:45:00,8:45 AM, on time  ,,false
aa4176ec-6ebc-479f-81b6,"February 06, 2024",09:03:29,online,Credit Crad,,Standard,Advance,3.0, London Paddington,London Waterloo,02/07/2024,07:30:00,9:00 AM,9:00 AM,OnTime,,0
B7719025-115B-41D6-97D7,03/06/2024,5:26 AM,Station,n/a,,Std,Anytime,6.0,liverpool lime street,MANCHESTER PICCADILLY,06/03/2024,6:45 AM,07:15:00,07:15:00,OnTime,,N/A
d6986079-fe40-4bea-b5f7,2024-04-16,15:47:29,Online  ,Credit Card,,Standard,ANYTIME  ,70.0, london kings cross  ,York,2024-04-16,17:15:00,19:05:00,19:05:00,OnTime,,
3deff1a8-1b6d-4363-a450,31/03/2024,14:59:02,Online,Credit Card,,Standard,off-peak,5.0,liverpool lime street,Manchester Piccadilly  ,2024-03-31,16:15:00,16:45:00,16:45:00, on time  ,,N
6273410e-ed6e-4459-bbcf,10-02-2024,14:40:35,STATION,Contactless,N/A,Standard,Off-Peak,2.0,Manchester Piccadilly,LIVERPOOL LIME STREET,10/02/2024,16:00:00,16:30:00,, Cancelled,Technical Issue,N
22375351-63f5-467c-98ad,2024/01/06,2:31 PM,Station, CREDIT CARD,Adult  ,First Class, Off-Peak,£52.00,London Euston,Birmingham New Street,01/06/2024,16:00:00,17:20:00,5:20 PM, On Time,,false
65f3a7b3-51bc-41d0-83ca,09/03/2024,02:17:14, station, credit card  ,, Standard,advance,3.0,Liverpool Lime Street,Manchester Piccadilly,2024-03-10,00:45:00,01:15:00,01:15:00,On-Time,,N
d5f17ccb-7d8c-47ac-97ba,2024-01-15,18:20:36,Online  ,Contactless,,Std,Advance  ,76.0,Liverpool Lime Street,london euston,16/01/2024,16:45:00,19:00:00,7:00 PM, On Time,,N
E8F5C7A2-F33C-4ED7-914B,22-04-2024,12:22:06,Station,credit card,,Std,Off-Peak,13.0,Liverpool Lime Street,Sheffield,"April 22, 2024",13:45:00,3:00 PM,15:00:00,on time,,false
15b320ef-a898-4903-8933,2024/02/16,18:38:56,ONLINE,Contactless,,Standard,advance,3.0,manchester piccadilly,Liverpool Lime Street,2024/02/22,5:00 PM,17:30:00,5:30 PM,On Time,,0
24909f27-86c4-4c85-8f13,2024-04-11,2:46 PM,Station, Contactless,,First Class,Advance,27.0,London Paddington, Reading,12/04/2024,13:15:00,14:15:00,14:15:00, ON TIME,,false
4848390C-7A21-49EE-A8B2,2024/03/24,11:57:01,Station,Contact less,-,Standrd,ADVANCE,4.0,London Euston,Birmingham New Street,2024/03/25,10:15:00,11:35 AM,11:35 AM,On Time  ,,no
7869400f-1c88-48c6-8783,02/16/2024,20:31:04, Station  ,Contactless,,Standard, ADVANCE,£35.00,London Kings Cross  ,York  ,"February 25, 2024",17:45:00,19:35:00,None,On Time,,No
1C6CF98A-AF6B-40B4-B6AC,2024-04-07,15:42:44,Station  ,,,Standard,Off-Peak,12.0,LONDON ST PANCRAS,Birmingham New Street,2024-04-07,17:00:00,18:20:00,18:20:00,ON TIME,,FALSE
be7ff88c-fe91-481d-b8b4,07/02/2024,15:24:35,Station,Contactless  ,,Standrd,Anytime,70.0,LONDON KINGS CROSS,York,2024-02-07,17:45:00,19:35:00,7:35 PM, On Time,,No
a561ef892dca4f349ae5,19/03/2024,18:14:49,Station, Debit Card,Adult,First class ,Advance,89.0,Manchester Piccadilly,London Euston,2024-03-20,17:30:00,19:20:00,19:27:00,Delayd,Technical Issue,Yes
aa39202e-093d-420d-b639,2024-02-22,10:40:33,ONLINE, Contactless,N/A,Standard  ,Off-Peak  ,12.0,London St Pancras,birmingham new street,02/22/2024,12:00:00,1:20 PM,,Cancelled,Staffing,N
4dd1d7bb-6210-46de-94b5,2024/04/21,2:53 PM,Online,credit card,n/a,Std, Off-Peak,10.0,London Euston,birmingham new street,2024-04-21,16:15:00,5:35 PM,17:35:00,On-Time,,no
1de56930-1a1a-4382-8325,01/21/2024,19:42:03, Station  ,Credit Card,,Std,Advance,3.0, Manchester Piccadilly, liverpool lime street,22/01/2024,17:45:00,18:15:00,18:15:00,On-Time,N/A,0
c682c2ee-c39f-4163-a273,2024-04-25,06:22:12,Station  ,Contactless,,Standard,Anytime,171.0, manchester piccadilly,London Paddington,25/04/2024,07:45:00,10:00:00,,ON TIME,,n/a
ed24b1b1-1251-46d2-a0ce,2024-01-14,14:28:57,Online,Credit Card,Disabled,standard  ,Advance  ,8.0,London Paddington,Reading,2024-01-15,12:45:00,13:45:00,n/a,OnTime,-,N
b73dd76b-54cf-4563-8ef5,02/04/2024,6:56 PM,Online,n/a,,STANDARD,Off-Peak  ,£54.00, birmingham new street,Edinburgh,"February 04, 2024",8:15 PM,00:45:00,00:45:00, On Time,,No
cc56f353-e961-4c4c-8c2a,06-01-2024,11:02 PM,Station,Credit Card,,STANDARD,advance,7.0,LONDON EUSTON,birmingham new street  ,2024/01/07,21:30:00,22:50:00,10:50 PM,on time  ,,FALSE
f7993f9c-4931-47f5-aa90,2024-02-09,08:21:55,Online  ,Credit Card  ,None,STANDARD  ,ADVANCE,13.0, London Paddington,READING,2024-02-10,7:45 AM,8:45 AM,08:45:00,On-Time,,-
2206978e-c57a-4daa-8955,19-01-2024,21:59:44,Station  ,Credit Card,,STANDARD,Advance,13.0,London Paddington,Reading,2024-01-20,20:15:00,21:15:00,21:15:00,On Time,,false
cda7c1cf-74dc-40ea-a7e5,02/15/2024,6:03 AM,Online,Credit Card  ,,standard,Advance,£86.00,Manchester Piccadilly  ,London Paddington  ,16-02-2024,04:30:00,06:45:00,06:45:00,ON TIME,,0
261A887B-5246-4ED3-BF7B,2024/03/13,16:10:04,Station,Creditcard,,First Class,Anytime,19.0,MANCHESTER PICCADILLY  ,Liverpool Lime Street,"March 13, 2024",17:45:00,18:15:00,18:15:00,OnTime,,n/a
128530ae-017f-4332-9233,2024-04-02,12:59:57,Online,CONTACTLESS  ,Adult  ,Standard,off-peak,3.0,Manchester Piccadilly  ,Liverpool Lime Street,2024-04-02,14:15:00,14:45:00,2:45 PM,on time,,FALSE
6ad5bca6-81cc-4556-97be,"April 27, 2024",21:43:12,Station,Credit Card,,Standard, ADVANCE,8.0,London St Pancras,BIRMINGHAM NEW STREET,28/04/2024,20:00:00,21:20:00,21:20:00,On Time,,no
d6215a62-673d-4e4e-8805,2024-04-02,8:22 AM,Online,Credit Card,,Standard,Advance,18.0,london paddington,OXFORD,03-04-2024,7:45 AM,09:15:00,, on time,,FALSE
3be8aac1-fe38-4f7f-adaa,2024-02-02,17:33:48,Station  ,Credit Card  ,Adult,Std,advance  ,, London Kings Cross,York,02/03/2024,4:00 PM,17:50:00,17:50:00,OnTime,,false
a00785a6-b413-4b0b-b7a5,2024-03-10,6:21 PM,ONLINE,NULL,Senior,Std,Off-Peak,2.0,Manchester Piccadilly  ,LIVERPOOL LIME STREET,2024-03-10,6:45 PM,7:15 PM,19:15:00,ON TIME,,No
d2625f44-8751-4bd5-9629,2024-02-19,00:08:36,STATION,CREDIT CARD  ,,STANDARD,Advance,7.0, London Euston, Birmingham New Street,02/29/2024,22:30:00,11:50 PM,23:50:00,On-Time,,N
80e4de8f-52bb-4333-b14a,2024/03/18,5:18 PM,Online,Credit Card,,STANDARD,Anytime  ,10.0,birmingham new street,tamworth  ,18/03/2024,18:45:00,7:05 PM,7:05 PM,on time,,no
f1067a29-342a-4754-9b7c,01/06/2024,13:08:05,Station,Credit Card,Adult,standard, Off-Peak,13.0,London Paddington  ,reading  ,2024-01-06,14:30:00,3:30 PM,15:30:00, On Time,,no
3b83ccdd-8d5b-47df-b155,10/03/2024,23:00:33,Online,Contactless,,Standard,Advance,35.0,london kings cross,York  ,03/11/2024,00:30:00,02:20:00,02:20:00,On Time,-,0
58895e0d-7708-40a3-bf3f,24-04-2024,11:01:24,Online,None,,Standard,off-peak,5.0,LIVERPOOL LIME STREET,Manchester Piccadilly,24-04-2024,12:30:00,13:00:00,1:00 PM,OnTime,,N
1b45fc88-b4db-4f4e-8ee5,16-04-2024,08:13:40,Online,contactless,Senior,Standard, advance,£15.00,Birmingham New Street,LONDON ST PANCRAS,17-04-2024,06:30:00,07:50:00,07:50:00,On Time,,FALSE
71c9d37d-a5e2-46a5-91ee,30/03/2024,07:20:49,Online, Credit Card,, STANDARD,Off-Peak,53.0,london kings cross  ,york,2024-03-30,7:45 AM,09:35:00,,On-Time,,N
997410fc-1257-41b8-bff6,09/02/2024,08:57:03,Online,n/a,,Standard  ,advance,None, LONDON KINGS CROSS  ,York,02/10/2024,07:15:00,09:05:00,9:05 AM,On Time,,N
2793ee27-5420-4b7b-9cca,2024-01-26,3:41 AM,ONLINE,CREDIT CARD,,Standard,Advance,3.0,LIVERPOOL LIME STREET, manchester piccadilly,27/01/2024,02:00:00,02:30:00,2:30 AM,On Time,,FALSE
a95a0679-49c7-45e0-95f3,12-02-2024,17:42:06,station,Contactless, Senior,Std,Advance,2.0,Manchester Piccadilly, Liverpool Lime Street  ,2024-02-22,16:00:00,4:30 PM,16:30:00,On Time,,no
346aa5c0-7ec4-462c-ad75,20-01-2024,14:53:17,ONLINE,Contactless,Adult,STANDARD,OFF-PEAK,2000.0, manchester piccadilly, Liverpool Lime Street,01/20/2024,16:15:00,16:45:00,16:45:00,On Time  ,,false
c9195d71-4c55-4f62-a3dd,2024/03/23,6:13 AM,Online, Credit Card,, Standard, Off-Peak,53.0,london kings cross,York,03/23/2024,7:30 AM,09:20:00,09:20:00,OnTime,,0
ad182b5c-1362-476d-a0ce,22/03/2024,23:39:42, ONLINE,Creditcard,,Standard,Advance,3.0,Liverpool Lime Street,manchester piccadilly,03/23/2024,01:00:00,01:30:00,01:30:00, On Time,,No
e082168e-f91e-41a7-9a49,2024/04/23,8:37 AM,Online  ,credit card,, Standard,Advance  ,13.0,London Paddington,Reading,24/04/2024,07:00:00,08:00:00,08:00:00,On-Time,,no
6c2e9428-038c-4c2b-926a,04/12/2024,17:34:51,Online,Contactless,,Standard,Off-Peak,10.0,London Euston  ,Birmingham New Street  ,12-04-2024,7:00 PM,20:20:00,NULL, On Time,,0
927a6c4d-c678-417f-8339,01/15/2024,04:48:13,Online  ,Contacless,senior  ,Standard,anytime  ,-3.0,MANCHESTER PICCADILLY,Liverpool Lime Street,2024-01-15,06:15:00,06:45:00,06:45:00,on time,,N
4a09ec41-4033-405a-9133,03/13/2024,10:14:16,Station,Credit Card,,standard, OFF-PEAK,£10.00,London Euston, Birmingham New Street,13/03/2024,11:30:00,12:50:00,12:50 PM,On Time,,FALSE
3a1da690-0589-4a0b-b296,2024-04-03,10:48 PM,Station,CONTACTLESS,,Standard,Advance,3.0,Liverpool Lime Street,Manchester Piccadilly  ,04-04-2024,00:15:00,00:45:00,00:45:00,ON TIME,,0
ff705802-1b87-4408-8b11,21-01-2024,05:09:45, Online,Credit Card,-, Standard,OFF-PEAK,22.0, Birmingham New Street, London St Pancras,21/01/2024,06:30:00,07:50:00,07:50:00,On Time,n/a,false
69e5d4ca-eeb2-492b-9c36,16/01/2024,21:22:14,ONLINE  ,Credit Card  ,,Standard,Advance,-,Liverpool Lime Street,manchester piccadilly,2024-01-17,19:45:00,20:15:00,8:15 PM,On Time,,false
b2687247-f567-4c84-b682,04/15/2024,11:08:10,Online,contactless,, Standard  ,Off-Peak,5.0, Liverpool Lime Street,Manchester Piccadilly,04/15/2024,12:30:00,13:00:00,13:00:00,On Time,,false
fcfed5ad-1a2a-4761-b53d,02/04/2024,05:52:54,Online,Contactless,,Std, Off-Peak,5.0,Liverpool Lime Street,Manchester Piccadilly,02/04/2024,07:15:00,7:45 AM,07:45:00,On Time,,N
d1a3ab32-f3f1-461e-83dc,"January 15, 2024",8:14 AM, Online,Credit Card,Disabled,Standrd,advance,15.0, Birmingham New Street,London St Pancras,16/01/2024,06:30:00,7:50 AM,07:50:00,On-Time,,no
19550585-bfed-41a9-a8c8,2024-01-03,06:35:56,Station,Credit Card,,Standard,Anytime  ,151.00 GBP,Liverpool Lime Street  ,london euston,03/01/2024,8:00 AM,10:15:00,11:09 AM,Delayed,Weather,false
1b2c7be6-2aac-40d1-8324,2024-04-06,7:24 PM,Online,CREDIT CARD,Senior,Standard,Advance,NULL,Manchester Piccadilly,Liverpool Lime Street  ,2024-04-07,18:45:00,19:15:00,19:15:00, On Time  ,,No
e07bceb8-caf9-4505-87a5,"February 17, 2024",20:32:14,Station  ,credit card,,STANDARD,Advance,5.0,birmingham new street,STAFFORD,02/18/2024,17:45:00,18:15:00,18:15:00,On Time,,0
3585b0bc-cb30-49b8-af11,04/01/2024,12:00:13,station  ,Credit Crad,,Standard  ,Off-Peak,19.00 GBP,Reading,London Paddington,04/01/2024,13:30:00,13:55:00,13:55:00,On-Time,,No
b8cfcb69-8774-4bcb-b69c,04/19/2024,10:04 AM,Station,Credit Crad,,standard,Off-Peak,10.0,london euston,Birmingham New Street  ,"April 19, 2024",11:30:00,12:50:00,12:50 PM,On Time,,No
ae4f1db47954481a879f,09/01/2024,20:27:03,station,None,NULL,STANDARD,advance,13.0, London Paddington,reading,01/10/2024,6:45 PM,19:45:00,19:45:00,On Time,,no
8b595492-9db7-4781-97fa,2024/02/05,10:58:33,Online,, Disabled,Standard  ,Advance,5.0,LONDON ST PANCRAS,Birmingham New Street,2024-02-16,09:15:00,10:35:00,10:35:00,On Time,,no
f1b34459-a3b4-4f9f-b51a,"March 26, 2024",14:01:43,ONLINE  ,Credit Card  ,Disabled,first class,Off-Peak,52.0,London Euston,Birmingham New Street,26-03-2024,15:30:00,16:50:00,16:50:00,On-Time,,FALSE
b3f1f26f-6f1e-477f-acc7,06/03/2024,10:56:37, Online,Contactless, Senior,STANDARD, Advance  ,2.0,manchester piccadilly  ,Liverpool Lime Street,"March 07, 2024",09:15:00,09:45:00,09:45:00,On-Time,,0
57f16ddb-d93f-488f-8041,05/04/2024,17:57:12,Online,Contact less,Adult,Std,Advance,2.0,MANCHESTER PICCADILLY  ,Liverpool Lime Street,06-04-2024,16:15:00,16:45:00,16:45:00,On Time,,no
1c485ad9-f04c-4b5e-962f,05-01-2024,15:45:56,STATION,contactless,NULL,Standard,Anytime,6.0,Liverpool Lime Street,manchester piccadilly,05/01/2024,5:15 PM,17:45:00,17:45:00,On Time,,no
38a5f11b-8dba-408d-b1ae,20/02/2024,6:36 AM,station  ,Credit Card,,Standard,Anytime,151.0,Liverpool Lime Street,london euston,02/20/2024,8:00 AM,10:15 AM,11:01:00, Delayed,Weather,N
02b4401e-8967-48ec-bb25,"February 12, 2024",09:10:27, online,Credit Card  ,NULL,First class ,advance,11.0,York,Doncaster,13-02-2024,7:30 AM,8:00 AM,08:00:00,ON TIME  ,,No
5e9834f5-d755-4310-ba17,06-01-2024,11:55 AM,online,CC,,Standard,Off-Peak,10.0,London Euston  ,Birmingham New Street  ,2024/01/06,1:15 PM,14:35:00,14:35:00, On Time,,false
8070c6c5-fa50-471b-afd9,14/01/2024,2:23 PM,online,credit card, DISABLED  ,First Class,off-peak,NULL, London Euston,Birmingham New Street,01/14/2024,3:45 PM,17:05:00,,Cancelled,Technical Issue,no
6F305EF1-4F62-411D-AA3A,03/23/2024,09:30:48,Station,Credit Card,,Standard,Advance  ,76.0,Liverpool Lime Street  ,London Euston,2024-03-24,08:00:00,10:15:00,10:59:00,DELAYED  ,Weather,None
c343df8d-7e12-4c73-b8d7,24-01-2024,05:50:58,online,,,Standard,Anytime  ,-70.0,London Kings Cross,York,2024-01-24,07:15:00,9:05 AM,09:05:00,On Time,,0
383a3b48-05b4-4e67-b334,11-04-2024,1:13 AM,online,NULL,,Standard  ,OFF-PEAK,5.0,Liverpool Lime Street, Manchester Piccadilly,11-04-2024,02:30:00,03:00:00,03:00:00,On Time,,No
dca00707-be89-4f86-a476,2024-02-09,9:35 AM,Online  ,Contactless,None, Standard,ADVANCE,13.0,LONDON PADDINGTON  , READING,16/02/2024,08:00:00,09:00:00,9:00 AM,on time,,N
9a19c436-051a-49a7-9174,2024/02/09,3:05 AM, online,CC,,Standard,Off-Peak,19.0,london paddington,READING,2024-02-09,04:30:00,5:30 AM,5:30 AM,on time,,false
84ef08b0-76ba-4696-bf3e,10/03/2024,01:56:08,Station,CONTACTLESS  ,,Std,Advance,3.0,liverpool lime street,Manchester Piccadilly,03/11/2024,12:15 AM,00:45:00,12:45 AM, On Time,,no
97c7951e-078e-4fb5-8b69,09-02-2024,08:17:55,online,credit card,,STANDARD,advance,13.0,London Paddington,Reading,28-02-2024,07:45:00,08:45:00,08:45:00,On Time  ,,FALSE
5585B6D9-D5D1-41B6-B423,2024-01-26,09:04:12,Online,Creditcard,,Standrd, ADVANCE,3.0,Liverpool Lime Street  ,Manchester Piccadilly  ,"January 27, 2024",07:30:00,08:00:00,None,On Time,,FALSE
e559565b-d3bb-4daf-a9e0,2024-04-08,11:17:14,STATION,Contactless,,Standard,Off-Peak,£10.00,London Euston,Birmingham New Street,04/08/2024,12:45:00,14:05:00,14:05:00,On-Time,,FALSE
af641fd8213447909dae,03/02/2024,16:30:31,Station  ,Credit Card,,standard,advance,£13.00,London Paddington,READING,2024-02-09,15:00:00,16:00:00,16:00:00, On Time,,No
658394e3-fe68-42cc-9b95,2024-02-13,01:36:38,ONLINE  ,CC,Senior,Standard  ,Advance,2.0, Liverpool Lime Street,Manchester Piccadilly,26-02-2024,12:00 AM,00:30:00,12:30 AM,On Time  ,,N
9bcec9e5-1b5d-486b-8dbd,11/04/2024,00:27:35,Online,Contactless,Disabled,Standard,Advance,24.0,LONDON KINGS CROSS,Edinburgh Waverley,2024-04-13,4:00 PM,20:20:00,20:20:00,On Time,,N
87ff8dd3-54d7-4585-8129,2024-01-22,7:21 AM,Station, Contactless,Disabled, First Class  ,Anytime,-,london euston,Birmingham New Street  ,22-01-2024,08:45:00,10:05:00,n/a,On Time,,0
8a5f1598-757f-4703-a071,2024-01-21,14:31:27,station,CREDIT CARD,Adult, standard,OFF-PEAK,7.0, LONDON EUSTON,Birmingham New Street  ,2024-01-21,4:00 PM,17:20:00,17:20:00,On-Time,,FALSE
0ab069f8-547c-448b-b3f0,05-03-2024,05:14:47,Online,Contactless,,STANDARD, Anytime,70.0,London Kings Cross, York,2024-03-05,06:30:00,08:20:00,08:20:00,On Time,,N
f9b4bf6166c94867a99e,2024/03/01,14:44:21,Station  ,NULL,N/A,Standrd,ANYTIME,, Liverpool Lime Street,Manchester Piccadilly,01/03/2024,4:00 PM,16:30:00,16:30:00,On Time,,false
ee5d5caf-8d67-4e35-abf0,2024-01-11,02:48:07, Station,Credit Card,,STANDARD,Off-Peak,12.00 GBP,london st pancras,Birmingham New Street,"January 11, 2024",04:15:00,05:35:00,05:35:00,On-Time,,FALSE
671e3bad-4da9-4f54-bef1,2024/04/05,20:24:10,ONLINE  ,Credit Card,,Standrd,Advance,8.0,London St Pancras,Birmingham New Street,06-04-2024,6:45 PM,20:05:00,20:05:00,On Time,,N
8777c884-ef4b-4d29-9cf4,04/30/2024,02:52:18,Station, Contactless  ,,Standard,Off-Peak,5.0,Liverpool Lime Street  , Manchester Piccadilly,04/30/2024,04:15:00,04:45:00,,Cancelled,TRAFFIC,FALSE
49ce31fa-839c-43fc-8dd4,2024/03/17,17:51:45, Online  ,Contactless  ,Adult  , STANDARD  , Advance,7.0,Birmingham New Street,manchester piccadilly,18-03-2024,16:15:00,17:35:00,17:35:00,On Time,,no
08cc3f66-dd9f-42a4-929b,2024/04/16,13:42:02,Station, CREDIT CARD,,Standard,OFF-PEAK,19.0, LONDON PADDINGTON,Reading,04/16/2024,15:00:00,4:00 PM,4:00 PM,On Time,,FALSE
613709f6-015b-49e2-82c9,23-04-2024,03:23:04, Station,CC,,Standard,advance,8.0,London St Pancras,Birmingham New Street,2024/04/24,01:45:00,03:05:00,3:05 AM,On Time,,FALSE
853491ec-7bbe-4851-a537,2024-02-09,04:51:33,Online,Credit Card,Senior,Standard,Anytime,3.0, Manchester Piccadilly  , Liverpool Lime Street  ,2024-02-09,06:15:00,6:45 AM,06:45:00,On Time,,FALSE
26f670c0-863d-42d8-a027,2024/04/03,7:37 PM,Station,Credit Card,,Std,Advance,£3.00,Manchester Piccadilly  ,Liverpool Lime Street,04-04-2024,5:45 PM,18:15:00,7:22 PM,Delayed,Technical Issue  ,FALSE
0719d940-df50-4c9a-af8d,2024-02-11,17:28:08, Online,n/a,,Standard,Off-Peak,10.0, Birmingham New Street,Nuneaton,11/02/2024,18:45:00,7:05 PM,19:05:00,ON TIME,,0
a36e3bdb-60f8-41f2-9a10,2024/01/31,06:10:13,Online,Credit Card,,Standard,Anytime,70.0,LONDON KINGS CROSS,York,2024/01/31,07:30:00,09:20:00,09:20:00,OnTime,,
05f7a669-6a67-421a-87ae,2024-01-08,16:18:26,Station,CONTACTLESS,,standard  ,Advance,35.0,london kings cross,York  ,09-01-2024,14:45:00,4:35 PM,16:35:00,OnTime,,false
f4390dda-bf74-4a45-8999,2024-01-14,07:54:08,Online  ,Debit Crad,Senior,standard,Advance,8.0,london paddington,Reading,2024-01-15,06:15:00,07:15:00,7:15 AM,On Time,,No
66ed69a5-af49-4db7-a4df,22/03/2024,20:33:03,Station,contactless,,Standrd,Off-Peak,,london kings cross  ,york,03/22/2024,22:00:00,23:50:00,11:50 PM,On Time,,0
9b984f02-b07d-4d3d-896c,2024-02-11,15:44:17,station,Credit Card,,Standard,off-peak,19.0,London Paddington,Reading,2024-02-11,17:00:00,18:00:00,18:00:00,ON TIME,,No
25DEA949-802E-4766-9285,02-04-2024,17:41:41,Online  ,Contacless,Adult,STANDARD,Off-Peak,NULL,Liverpool Lime Street  ,Leeds,2024-04-02,19:00:00,20:30:00,20:30:00, ON TIME,,No
877a88f7-5921-44ca-826e,02/08/2024,23:03:47, Online,Credit Card,Adult,STANDARD, Advance,-,Manchester Piccadilly,Leeds,2024-02-09,9:30 PM,22:15:00,NULL,On Time,,no
dc695141-a2af-4436-adac,10-04-2024,21:48:27,station,Contacless,,Standard,Advance,NULL,LIVERPOOL LIME STREET,Manchester Piccadilly,11-04-2024,20:15:00,8:45 PM,20:45:00,On Time,,FALSE
46839A08-3200-4130-98C3,17-02-2024,08:29:31,Online,Credit Card,,Standard,Advance,35.0,London Kings Cross  , York,2024-02-18,07:45:00,9:35 AM,09:35:00,ON TIME,,-
59d44962-7ab2-461e-9259,05/04/2024,08:29:51,online,Credit Crad,,Standard,advance  ,NULL,London Paddington,OXFORD,06-04-2024,07:45:00,09:15:00,9:15 AM,On Time,,No
cff45c5f-8c5c-45e6-9aaf,11/02/2024,02:29:39, Station,Credit Card,,standard,Advance,£3.00,Liverpool Lime Street,Manchester Piccadilly,2024-02-24,00:45:00,1:15 AM,01:15:00, On Time,,0
16692e96-e7da-4457-a6b1,29/03/2024,07:53:55,Online,Contactless,None,STANDARD  ,Off-Peak,3.0,Manchester Piccadilly,Liverpool Lime Street,2024-03-29,9:15 AM,09:45:00,9:45 AM,OnTime,,false
0ff3857d-5ff3-47d2-8d79,2024/01/13,8:10 PM,Online,Credit Card,None, STANDARD,Off-Peak,4.0,Manchester Piccadilly,Liverpool Lime Street  ,"January 13, 2024",21:30:00,10:00 PM,22:00:00,ON TIME,-,N
a9b958eb-96a2-482c-a58b,01-01-2024,05:14:54,Online,Credit Card,disabled,Standard,ANYTIME,29.0,Birmingham New Street,LONDON ST PANCRAS,2024-01-01,6:30 AM,07:50:00,07:50:00,On Time,,0
C3B0B58C-477D-4506-9EC3,2024-04-06,5:48 PM,Online,Credit Crad,,Standard,advance,35.00 GBP,London Kings Cross,York,2024-04-07,16:15:00,18:05:00,18:05:00,ON TIME,,FALSE
618f6d42-e9b1-40df-b276,2024/02/08,08:06:26,Online  ,-,DISABLED, first class,Advance  ,36.0,LONDON ST PANCRAS,Wolverhampton,02/14/2024,06:30:00,08:00:00,8:00 AM,OnTime,,no
15f6818d-cc0c-4e36-afcd,2024-04-28,11:50 AM, Station, Debit Card,Adult,Standard,Advance,2.0,Liverpool Lime Street,manchester piccadilly,04/29/2024,11:15 AM,11:45:00,12:26:00,Delayd,Technical Issue,1
35d0e100-00be-4c2f-ab32,2024-02-02,10:41:56,Online,debit card,Senior,Standard,ADVANCE,£5.00, London St Pancras,Birmingham New Street,22-02-2024,09:00:00,10:20:00,10:20 AM,On-Time,,No
5f3d2bf9-0720-4840-b3e2,10/01/2024,05:26:45,online,Contacless,,standard,Anytime  ,16.0,London St Pancras  ,Birmingham New Street  ,01/10/2024,6:45 AM,08:05:00,8:05 AM,On-Time,,no
e12d0b3e-1ca4-4b0d-9133,20/01/2024,12:01 PM,Station,Contactless,None,standard,Off-Peak,3.0,Manchester Piccadilly,LIVERPOOL LIME STREET,20-01-2024,13:30:00,14:00:00,2:00 PM,On Time,,no
57270295-4c04-41ef-8d60,03/21/2024,7:27 AM,Online,Credit Card,,Standard, Anytime,70.0,London Kings Cross,York  ,2024-03-21,07:45:00,9:35 AM,09:35:00,OnTime,,false
81DA51F4-C713-4130-A025,11/04/2024,17:39:57, Station,Credit Card  , Adult,Standrd,Advance  ,4.0,London Euston,BIRMINGHAM NEW STREET,"April 12, 2024",16:00:00,17:20:00,,On-Time,,-
2f8b6a7d-f30d-4726-a2b0,2024/04/14,02:57:53,Station,Contactless,Adult,Standard  , Off-Peak,7.0,London Euston,BIRMINGHAM NEW STREET,04/14/2024,04:15:00,05:35:00,05:35:00,On Time,,0
ee66d563-b63c-4a67-b5e9,04/03/2024,01:43:55,station  ,Contacless,,Standrd,Advance,8.0,LONDON ST PANCRAS,Birmingham New Street,2024-04-04,00:00:00,01:20:00,1:20 AM,On Time,,0
efc71396-e88c-4d6d-8c29,2024-04-29,12:26:54,Station,CREDIT CARD,,Standard,Advance,3.0, Manchester Piccadilly, Liverpool Lime Street,04/30/2024,10:45:00,11:15:00,11:15:00,On Time,,false
564fd766-c287-46d3-880b,01/12/2024,01:24:37,Online,Contactless  ,,Standard,off-peak,53.0,London Kings Cross,York,12-01-2024,2:45 AM,04:35:00,04:35:00, On Time  ,,FALSE
5dc4def6-34f9-460e-ad0e,09/01/2024,02:06:38, Station,contactless,,Standard,advance,35.0,London Kings Cross,York,10/01/2024,00:30:00,2:20 AM,02:20:00,ON TIME,,FALSE
5bf9d7c6-9867-49a7-a530,2024-04-21,15:09:33,Online  ,contactless,Adult,First Class  ,Advance,£36.00,London St Pancras  ,Birmingham New Street,04/22/2024,1:30 PM,2:50 PM,2:50 PM,On-Time,,false
6fa811e9-06cc-46f2-a402,"April 27, 2024",00:59:43,Online  ,Credit Card,,Standard, Off-Peak,10.0,London Euston,Birmingham New Street,2024/04/27,02:15:00,03:35:00,, cancelled  ,Signal Failure,no
fa526140-d5fe-4d90-9aa1,04/21/2024,4:45 AM,Online,Credit Card,,Standard  ,Off-Peak,8.0, Liverpool Lime Street,crewe,2024-04-21,06:15:00,06:50:00,06:50:00,On Time,,no
f9a1db7c-eae3-4de7-8841,2024-04-03,11:54 PM,STATION, Credit Card  ,ADULT  ,Standrd,advance,4.0, London Euston,Birmingham New Street,04-04-2024,22:15:00,23:35:00,23:35:00,On Time,,no
5f51ebc8-023b-4c40-be99,2024-04-09,7:33 PM, Station  ,Credit Crad, Adult,Standard, Advance,4.0,London Euston,Birmingham New Street,04/10/2024,5:45 PM,19:05:00,n/a,on time,,N
b4ed8973-f1f5-46f1-aa9d,03/03/2024,16:12:19,Station,Debit Card,,Standard, Off-Peak,12.0,london st pancras,BIRMINGHAM NEW STREET,03-03-2024,17:45:00,19:05:00,19:05:00,On Time,,0
f97f9a43-7bab-4563-ab7d,07/02/2024,16:58:43,Online,CC,,Standard, advance,8.0,London St Pancras,Birmingham New Street,02/21/2024,15:15:00,16:35:00,16:35:00,on time,None,false
30e61294-03a3-4c65-b690,10-04-2024,8:17 AM,Online,Creditcard,,standard, ADVANCE,18.0,London Paddington,Oxford,2024-04-11,07:45:00,09:15:00,9:15 AM,on time,,0
89c43ff8-eff2-48e8-8a37,26-01-2024,15:16:22, Online,CREDIT CARD,,Standard,Advance,86.00 GBP,Manchester Piccadilly,London Paddington,"January 27, 2024",13:45:00,16:00:00,16:00:00,ON TIME  ,,0
318cb5bb-12f1-44bb-951a,2024/04/11,10:04:22,Online,CC,Adult,Standard  ,Off-Peak,8.0,LONDON ST PANCRAS,Birmingham New Street,04/11/2024,11:30:00,12:50:00,12:50 PM,ON TIME,,FALSE
9d99c75f-f1ce-4631-a931,2024-01-25,08:12:09,online,CC,Disabled  ,Standard, Advance,4.0,York,Doncaster  ,2024/01/26,6:30 AM,07:00:00,07:00:00,ON TIME,,false
27f90e92-3cf5-41cb-bbb4,01/13/2024,05:28:08,Station,Creditcard,,Standard,OFF-PEAK,5.0,Liverpool Lime Street, Manchester Piccadilly,2024-01-13,06:45:00,7:15 AM,07:15:00,On-Time,,N
230729b1-c383-4df0-8a82,2024/01/20,9:41 AM,STATION,CC,,standard, ADVANCE,76.0, Liverpool Lime Street,London Euston,2024/01/21,08:00:00,10:15:00,, Cancelled  ,Weather,0
e8a245e3-aaf3-444c-a6de,2024/02/10,18:59:29, Online,n/a,Senior,Standard,Advance  ,4.0,london euston,Birmingham New Street,28-02-2024,5:15 PM,18:35:00,18:35:00, On Time,,FALSE
B039651E-A459-4EEC-9A16,04/28/2024,10:44 PM,Online,Contactless,,STANDARD,Advance  ,2.00 GBP,manchester piccadilly,Liverpool Lime Street,29/04/2024,00:00:00,00:30:00,00:30:00,On Time,,false
c10317c4-1a95-415e-b063,2024-04-24,5:07 AM,Online,Credit Crad,None, Standard,Anytime,29.0,BIRMINGHAM NEW STREET,london st pancras,2024-04-24,06:30:00,07:50:00,07:50:00,On Time,,0
e013d7c3-9a96-4d45-97cb,"March 04, 2024",08:06:10,Station,Contactless,,Standard, Advance,7.00 GBP,London Euston,Birmingham New Street,2024-03-05,06:30:00,07:50:00,07:50:00,OnTime,,no
f5ef6fde-c251-47f3-920d,2024-01-27,20:51:48,Station  ,Credit Card,,First Class,Advance,None,manchester piccadilly,Liverpool Lime Street,28-01-2024,19:15:00,7:45 PM,7:45 PM,On Time,,No
bed977e1-d1b2-4cfd-a2ce,"March 07, 2024",15:17:49,station, contactless,,Standard,Anytime,70.0,London Kings Cross  , York,2024-03-07,17:45:00,7:35 PM,,CANCELLED,,N
5e651fd0-c290-4b81-974b,27-01-2024,20:16:46, Online,credit card,,Standrd,Advance,1.0, Birmingham New Street  ,wolverhampton,01/28/2024,18:45:00,19:00:00,19:00:00,On Time,,false
f3b0a5cb-47d9-478f-bfae,07-01-2024,20:18:10,online,Contactless,,1st Class,ADVANCE  ,10.0,Manchester Piccadilly,Liverpool Lime Street,08-01-2024,18:45:00,19:15:00,19:15:00,on time,,0
5a1b9944-e1da-433e-9aa4,2024-02-04,20:21:41,Online,credit card  ,NULL,Standrd,advance,8.0,LONDON ST PANCRAS,Birmingham New Street  ,24-02-2024,18:45:00,20:05:00,20:05:00,on time,,FALSE
7bffac6b-30fe-4151-924d,03/25/2024,06:34:13, Station,Credit Card,,Standard,Anytime,151.0,LIVERPOOL LIME STREET,London Euston,25/03/2024,08:00:00,10:15:00,11:09:00,Delayed,Weather,FALSE
4a65263e-4381-4ba1-ae50,04/01/2024,08:05:33,Station,Credit Card,,Standard,Advance,3000.0,Manchester Piccadilly, LIVERPOOL LIME STREET,2024-01-05,06:30:00,07:00:00,n/a,On-Time,,no
cf622901-0431-49a6-be02,03/02/2024,8:50 AM,STATION,Contactless,,Standard  ,Advance,13.0, LONDON PADDINGTON,Reading,03/03/2024,07:15:00,08:15:00,08:15:00,On Time,,false
38326c26-e6d5-41b9-af14,12-02-2024,05:13:41,Online,CREDIT CARD,Adult,Standard,Advance,2.0,manchester piccadilly,Liverpool Lime Street,27-02-2024,03:30:00,04:00:00,04:00:00, ON TIME,,N
63c361c5-2a19-4558-a159,2024-02-21,08:22:49,Online  ,Credit Card,, Standard  ,Advance  ,13.0,london paddington,Reading,2024-02-23,07:45:00,08:45:00,08:45:00,On Time,,No
491a7523-6251-471f-8ed9,2024-03-10,3:44 AM,ONLINE,Credit Crad,,Standard,Advance,12.0,Manchester Piccadilly,nottingham,2024/03/11,2:00 AM,03:00:00,03:00:00, ON TIME,,FALSE
834949d0-18ff-4081-a893,2024-03-03,11:05 PM, STATION, CREDIT CARD,,Std,Advance,7.0,LONDON EUSTON,Birmingham New Street,04/03/2024,21:30:00,22:50:00,22:50:00, on time,,no
d8e23a19-09e7-4a81-93b9,2024-03-08,9:33 PM,Station, Credit Card,,Std,Advance,£13.00,london paddington  ,Reading  ,2024-03-09,20:00:00,9:00 PM,None,On Time,,-
3170386cf6394f79b8c3,03-01-2024,13:24:07,Station  ,credit card,, Standard, Off-Peak  ,35.0,York,Edinburgh,"January 03, 2024",2:45 PM,17:15:00,5:15 PM,On Time,,0
1d138e22-8829-4fc0-b720,2024-04-07,07:18:47, Online,credit card,,Standard,Off-Peak  ,26.0,London Paddington, Oxford,07-04-2024,7:45 AM,9:15 AM,9:15 AM,On Time,,0
06e807f6-efe4-43b4-bcf8,02/14/2024,15:34:15, Station,Credit Card,,First Class,Anytime,235000.0,Liverpool Lime Street,London Euston,14/02/2024,17:00:00,19:15:00,19:15:00,On Time,,0
39b03ed5-9c57-4bf8-b06f,08-04-2024,21:43:46,station,N/A,,Standard  ,Advance,13.0,LONDON PADDINGTON,READING  ,04/09/2024,20:00:00,21:00:00,21:00:00, On Time,,false
21d3c8f2-adee-4c77-a391,08/02/2024,16:56:42,Online, Credit Card  ,Adult,FIRST CLASS  ,Advance,36.0,London St Pancras,birmingham new street  ,2024-02-09,3:15 PM,16:35:00,16:35:00,On Time,,false
2ad2b12a-f439-4915-9a2f,2024/03/05,4:38 PM,Online, Credit Card,,Standard,Advance,None,Birmingham New Street,READING,06/03/2024,15:00:00,16:30:00,16:30:00,ON TIME,,0
0ed55fbb-a6cc-4149-84cc,18/01/2024,14:25:18,Online,Credit Card,Disabled,standard,advance,8.0,London Paddington  ,READING,01/19/2024,12:45:00,1:45 PM,13:45:00,On Time,,No
c3ca7e6ed1ee4f81a1b0,"January 05, 2024",6:10 AM, online,Credit Card,,Standard,Advance  ,22.0,Birmingham New Street,London St Pancras,2024-01-06,04:30:00,5:50 AM,05:50:00, On Time,,No
bbd2b071-cd6c-41eb-997d,15-01-2024,02:07:03,Station,N/A,,Standrd,OFF-PEAK,£126.00,Manchester Piccadilly, London Euston,2024/01/15,03:30:00,05:20:00,06:02:00,Delayed,Weather Conditions,N
ed24b1b1-1251-46d2-a0ce,01/14/2024,14:28:57,Online, Credit Card,Disabled,Std,Advance,8.00 GBP,London Paddington,Reading,15-01-2024,12:45 PM,13:45:00,13:45:00,On Time,,
28fe5ac0-e4ca-41c3-9c98,06/04/2024,02:51:43,Station,N/A,ADULT,Standard,off-peak,7.0,London Euston,Birmingham New Street,2024/04/06,04:15:00,05:35:00,05:35:00,On Time  ,,false
27f42987-0272-47df-83e0,2024-03-28,08:02:10,Online,Creditcard,None,Standard,Advance,£4.00,York,Doncaster,2024/03/29,6:30 AM,7:00 AM,08:09:00,Delayed,Weather Conditions,No
a17db8cb-b4fb-4cdc-b28f,04/13/2024,07:22:03,ONLINE,CREDIT CARD  ,,Std,Off-Peak,19.0,LONDON PADDINGTON,Reading,13-04-2024,07:45:00,08:45:00,,On Time,,0
22aea55e-2525-4d05-82e3,2024/03/18,06:44:25,Station, Credit Card  ,N/A, Standard,Anytime,151.0,Liverpool Lime Street,London Euston,2024-03-18,8:00 AM,10:15:00,11:03:00,Delyed, Weather,false
586d0066-2280-4146-8a99,2024/04/03,11:34:06,Online,Contactless,, Standard,Off-Peak,53.00 GBP,London Kings Cross,York  ,2024-04-03,13:00:00,14:50:00,14:50:00,OnTime,,no
a08ec6de-fa4e-4f0a-bb36,23/02/2024,10:23:15,Online,Contacless,,Standard, off-peak,53.0,LONDON KINGS CROSS  , YORK,23-02-2024,11:45 AM,13:35:00,1:35 PM,On-Time,,N
3c250076-8e03-4199-b9aa,03/21/2024,09:37:49,Online,Contactless,N/A, Standard, ADVANCE,13.0, London Paddington,Reading,22/03/2024,08:00:00,9:00 AM,09:00:00,ON TIME,,FALSE
7d1ee8ce-d3b0-4056-a13a,2024-02-15,05:10:24,Station,Creditcard,,Standard,Anytime,5.0,Manchester Piccadilly,liverpool lime street  ,15-02-2024,06:30:00,07:00:00,,Cancled,None,0
3561cbe0-00ce-40e0-b295,2024-03-02,20:39:22,Station,Contactless,,Standard,off-peak,-53.0,London Kings Cross,YORK  ,02-03-2024,10:00 PM,11:50 PM,None,On Time,,false
2022c1db-d03d-4817-8336,08-02-2024,14:38:11,Station,Debit Card,DISABLED,Standard,ANYTIME  ,9.0,london euston,Birmingham New Street,08-02-2024,16:00:00,17:20:00,5:20 PM,On-Time,,false
c166c18b-70e6-4f7e-9265,"March 13, 2024",11:21 AM,Online,Credit Card,,First class ,Off-Peak,41.0,LONDON PADDINGTON,reading,03/13/2024,12:45:00,13:45:00,13:45:00,On Time  ,,FALSE
204f7774-b47c-4fbb-8468,18-02-2024,01:43:37,STATION,CREDIT CARD,DISABLED  ,STANDARD, Advance  ,2.0,Liverpool Lime Street,Manchester Piccadilly,19/02/2024,00:00:00,12:30 AM,00:30:00,On Time,,no
00e8f07f-1d8c-4323-8a8b,2024-02-06,11:55:29,STATION  , Contactless,Senior,Standrd,off-peak,3000.0,MANCHESTER PICCADILLY,Liverpool Lime Street,02/06/2024,13:15:00,13:45:00,-,On Time,,no
0a833fa4-8efe-4d9c-8b89,2024-04-28,12:25 AM,Station,Credit Card,,First Class, off-peak  ,30.0, Liverpool Lime Street,Leeds,04/28/2024,1:45 AM,03:15:00,03:15:00,On Time,,No
816fde8bc2c14517ae23,2024-04-16,07:23:23,Online,CC,,Standard,Anytime,35.0,London Paddington,Oxford  ,2024-04-16,07:45:00,09:15:00,09:15:00,on time,,0
a3be0bef-8509-438c-b7aa,04/16/2024,09:13:49,Online,-,Disabled,standard  ,advance,22.0,York  ,Peterborough  ,2024/04/17,07:30:00,08:40:00,08:40:00, On Time  ,,N
2e1b9a85-17c6-44d8-bca0,"February 13, 2024",07:16:14,Station,Contactless,N/A,Standrd,Anytime,5.0,MANCHESTER PICCADILLY,LIVERPOOL LIME STREET,13-02-2024,8:45 AM,09:15:00,09:15:00,OnTime,,N
ff8528fb-c07a-4fd5-9c5f,20/03/2024,05:57:49,station,contactless,, STANDARD,ANYTIME,25.0,london paddington,Reading,20-03-2024,07:15:00,8:15 AM,08:15:00,On Time,,N
3894cae7-e072-4db5-ae2d,2024-01-17,19:05:12,Online,CONTACTLESS,,standard,OFF-PEAK,10.0,LONDON EUSTON,Birmingham New Street,2024/01/17,20:30:00,21:50:00,21:50:00,On Time,,N
2dbfa726-2633-4e9f-aade,25-03-2024,02:07:47,STATION,CREDIT CARD,,Standrd,Advance  ,8.0,London St Pancras,Birmingham New Street,26/03/2024,00:30:00,1:50 AM,01:50:00,ON TIME,,0
12767ca4-2bcc-487a-a661,14/02/2024,14:49:30, Online,Contactless  ,ADULT,standard,ANYTIME,,london st pancras,Leicester,14-02-2024,4:15 PM,17:15:00,17:15:00,ON TIME,,N
a726b933-ab9f-40f6-a4f0,2024-02-05,15:59:58,Online,Contact less,,Standard, ANYTIME,70.0,London Kings Cross,York,05-02-2024,17:15:00,19:05:00,7:05 PM,On Time,,N
cd0986d9-11b4-4900-a6ad,02-04-2024,06:41:04,Online  ,contactless,,Standard,Advance,35.00 GBP,London Kings Cross,York  ,"April 03, 2024",5:00 AM,06:50:00,,On Time,,N
4a9dfd5d-ea7d-4b91-8a8f,2024/01/14,06:38:21,Station, Credit Card,,Standrd,Off-Peak,113.0,Liverpool Lime Street,London Euston  ,01/14/2024,8:00 AM,10:15:00,11:04:00,Delayed,WEATHER,N
c41a8ef9-5716-4841-af3e,04/28/2024,1:47 PM,Online  ,Credit Card,,Std,Off-Peak  ,12.0,London St Pancras,Birmingham New Street,28/04/2024,15:15:00,16:35:00,16:35:00,On Time,,no
57a2b860-8f33-4fb7-95c9,2024-03-14,17:31:38,Station, Credit Card  ,Adult  ,Standard, Advance,8.0, London Paddington,Reading,15/03/2024,4:00 PM,17:00:00,,Cancelled  ,Weather,no
9e4671e4-cf0d-4e47-b744,2024-02-24,06:09:21, Online  ,Credit Card,,Std,Off-Peak,50.0,York,peterborough,24/02/2024,7:30 AM,08:40:00,08:40:00, On Time,,false
09de69a8-8277-49a1-9e2d,11-01-2024,09:51:47, Online,CONTACTLESS,Disabled,First Class, Off-Peak,52.0,London Euston,Birmingham New Street  ,2024-01-11,11:15 AM,12:35:00,12:35:00,On Time,,false
adeca350-683b-47ef-aac1,"February 05, 2024",10:46:01, online,None,Adult,1st Class,Advance,6.0,Manchester Piccadilly  , Liverpool Lime Street,2024-02-17,09:15:00,9:45 AM,10:23:00,Delayd, Weather,false
56b6421f-7262-4d81-9592,2024-01-09,02:01:43,Online,CONTACTLESS,, Standard  ,Advance,35.0, London Kings Cross,York,01/10/2024,00:30:00,2:20 AM,02:20:00,ON TIME  ,,0
23f13bc4-1d30-4247-8b00,21-04-2024,16:18:28,station,Credit Card,,Standard,off-peak,10.0,London Euston,Birmingham New Street,21-04-2024,17:45:00,7:05 PM,19:05:00,OnTime,,No
e88681fa-c9ab-416a-98ae,04-04-2024,13:26:36,Online,CREDIT CARD,Disabled  ,standard,Advance,8.0,London Paddington,Reading,04/05/2024,11:45:00,12:45:00,12:45:00, On Time  ,,no
99982585-4432-4bcf-9fb9,2024-04-08,04:19:52,online,contactless,,standard,off-peak,53.0,London Kings Cross,York,08/04/2024,05:45:00,07:35:00,07:35:00,On Time,,no
cfdb66d7-b64d-4f43-ba50,2024-02-02,20:22:52,Online,CC,,Standard,Advance,,London St Pancras, BIRMINGHAM NEW STREET,12-02-2024,6:45 PM,20:05:00,20:05:00,OnTime,,FALSE
9afe7604-3c67-4d2b-a25c,10-02-2024,22:13:05,Online  ,Contactless,,Standard,Advance,7.0,London Euston,Birmingham New Street,17/02/2024,8:30 PM,21:50:00,21:50:00,On Time,,-
7553267c-6f06-4b81-a2cd,16-01-2024,2:52 AM,Station, Contactless  ,N/A,standard,Off-Peak,5.0,Liverpool Lime Street, Manchester Piccadilly,"January 16, 2024",4:15 AM,04:45:00,04:45:00,OnTime,,0
fe75e402-83bd-4a4b-99db,2024-04-19,11:44:44,Online,CONTACTLESS  ,,Standard,Off-Peak,10.0, LONDON EUSTON,Birmingham New Street,"April 19, 2024",1:00 PM,2:20 PM,2:20 PM,On Time,,FALSE
0f4250f6-0028-46dd-bd12,03/03/2024,09:31:53, Station, CREDIT CARD,,STANDARD,Advance,,Liverpool Lime Street,LONDON EUSTON,03/04/2024,8:00 AM,10:15:00,10:56:00,Delayed,Weather  ,false
2092774b-4007-41c7-996a,14-04-2024,06:42:13,Station, contactless,,Standrd,Advance,35.0,London Kings Cross,york,2024-04-15,05:00:00,06:50:00,06:50:00,On Time,,N
e1cb621e-13e2-4982-b044,2024-01-07,04:58:21,Online,Debit Card,Senior, Standard,off-peak,13.0,London Paddington,Reading,01/07/2024,6:15 AM,07:15:00,,cancelled,STAFFING,false
7f0a09ac-e045-450b-86c9,2024-02-03,09:33:51,Station,credit card,,Standard,ADVANCE,76.0,Liverpool Lime Street  ,London Euston,2024/02/04,08:00:00,10:15:00,,CANCELLED,Weather,false
255defd9-ee44-462e-a54c,2024-04-15,09:14:17,Online,Credit Card,,Standard  ,Advance,35.0,London Kings Cross,YORK,04/16/2024,07:30:00,09:20:00,09:20:00,ON TIME,,0
f5310e9e-d8a1-4b85-b9b2,04/27/2024,17:00:27,ONLINE  ,Credit Crad,,STANDARD,Advance,8.00 GBP,London St Pancras,Birmingham New Street,28-04-2024,15:30:00,16:50:00,16:50:00,OnTime,,FALSE
fc27eec3-1b02-4c23-beeb,29/01/2024,6:04 AM,Online,Credit Card,,Standard,Anytime,£146.00, LONDON PADDINGTON,manchester piccadilly,01/29/2024,07:30:00,09:45:00,9:45 AM, On Time,,no
67538466-0e20-4a95-b2e2,28-04-2024,08:09:06, station,CREDIT CARD  ,,Standard,Advance,13.0,Reading,LONDON PADDINGTON  ,2024-04-29,06:30:00,06:55:00,06:55:00,On Time,None,N
6FBD2AD0-209E-42A5-8FD2,23-04-2024,11:31:44, Online,Contact less,,First Class, Off-Peak,14.0,Manchester Piccadilly,Liverpool Lime Street,23-04-2024,13:00:00,13:30:00,1:30 PM,OnTime,,
d770a6f8-37b6-4680-b3c7,01/19/2024,17:11:46,Station,contactless,None,Standrd,Anytime,47.0,london kings cross  , York,19-01-2024,18:30:00,20:20:00,20:20:00,On Time,,no
f950e091-ded4-4c44-a869,16-04-2024,15:53:09,station,Contact less,,standard,Anytime  ,6.0,Liverpool Lime Street,Manchester Piccadilly,2024-04-16,17:15:00,5:45 PM,17:45:00,OnTime,,0
a31ac556-6171-44e9-b266,04/02/2024,13:50:46,Station,Credit Card,, STANDARD,Advance,3.0, Liverpool Lime Street,MANCHESTER PICCADILLY,03-04-2024,12:15:00,12:45 PM,12:45 PM,On Time  ,,no
9b21deb9-b4c3-4924-852a,2024-04-08,4:29 PM,Station, CREDIT CARD,,Standard,anytime,, LONDON ST PANCRAS,Birmingham New Street,2024-04-08,17:45:00,19:05:00,19:05:00,OnTime,,no
1a69b389-c1ca-45bc-a7da,2024-01-05,20:49:42,Station  ,CREDIT CARD,,standard,advance,£3.00,Manchester Piccadilly,LIVERPOOL LIME STREET,2024-01-06,19:15:00,7:45 PM,19:45:00, ON TIME,,N
003001b0-a042-4ac8-92e6,2024-02-13,03:12:02,Online,contactless,Disabled,STANDARD,Advance,2.0,LIVERPOOL LIME STREET,Manchester Piccadilly,02/14/2024,01:30:00,02:00:00,02:00:00,On Time,-,No
b8e7e600-788b-4a51-ac94,08-02-2024,4:37 AM, Online,CREDIT CARD,,Standard,Advance  ,3.0, liverpool lime street,MANCHESTER PICCADILLY,02/09/2024,03:00:00,3:30 AM,03:30:00,On-Time,,no
f6a818e3-b4ea-4dae-a650,04/02/2024,09:32:37,Station,Credit Crad,,Standard,Advance  ,76.0,Liverpool Lime Street, London Euston,02/12/2024,08:00:00,10:15:00,10:15:00,On Time  ,,N
604035ec-f535-49df-b31d,01/13/2024,19:47:04,Online  ,Contactless,Disabled,Standard,Advance,23.0, london kings cross,York,14-01-2024,6:15 PM,20:05:00,20:05:00,On Time,None,FALSE
695638e5-7182-4a47-b9e4,24-03-2024,7:27 AM,Online  ,Credit Card,,STANDARD,Off-Peak,19.0,LONDON PADDINGTON,READING  ,24/03/2024,07:45:00,08:45:00,08:45:00,On-Time,,no
4e536cb6-d490-40bf-be88,04/24/2024,02:02:00,Online  , Credit Card,,STANDARD, Off-Peak  ,5.0,Liverpool Lime Street, Manchester Piccadilly  ,2024-04-24,03:30:00,04:00:00,04:00:00,on time  ,,N
068bedb4-34d5-4874-98d8,2024-01-05,17:09:58,Station,Debit Card  ,Adult, standard  ,anytime,101.0,Liverpool Lime Street, London Euston,2024-01-05,5:30 PM,19:45:00,7:49 PM,DELAYED,Technical Issue,Y
0b4c2efc-913c-4f98-89fb,23-04-2024,2:45 PM,ONLINE,Credit Card  ,,Standard, Anytime,6.0,Liverpool Lime Street,Manchester Piccadilly,23-04-2024,4:15 PM,16:45:00,16:45:00,OnTime,,No
66d20798-a59a-4127-94ee,2024-03-04,13:38:57,ONLINE,Contact less,,Standard,advance,8.0,LONDON ST PANCRAS,Birmingham New Street  ,2024/03/05,12:00 PM,13:20:00,13:20:00, ON TIME,,FALSE
43460d86-e77b-4889-b60f,2024/03/23,06:46:59,Online,-,,Standrd,Advance,7.00 GBP,LONDON EUSTON,Birmingham New Street,2024/03/24,05:15:00,06:35:00,6:35 AM,On-Time,,N
9bd8ca0d-fadd-49e0-b7a0,01/12/2024,08:23:29,Station,Credit Card,,Standard  ,advance  ,3.0, Liverpool Lime Street,Manchester Piccadilly,2024-01-13,6:45 AM,7:15 AM,07:15:00,On Time,,false
768f964f-72b1-4c79-a058,22/01/2024,9:40 AM,Station,Credit Card,,standard  ,advance,76.0,Liverpool Lime Street,London Euston,2024-02-11,08:00:00,10:15 AM,,Cancled,Staff Shortage  ,No
dc74939a-222a-4201-829a,2024-03-05,14:44:30,Online,contactless,,Std,Advance  ,3.0,manchester piccadilly,liverpool lime street,2024-03-06,13:00:00,13:30:00,13:30:00,On Time,,No
44efc69e-6175-42f6-9839,03/01/2024,4:14 PM,Station,N/A,Adult,Standard, ANYTIME,9.0,london euston  ,BIRMINGHAM NEW STREET,03-01-2024,5:45 PM,19:05:00,,Cancelled,Technical Issue,No
2de78013-ccf4-4d30-bbdd,09-02-2024,14:17:25,Online  ,Credit Card  ,Disabled,Standard  , Off-Peak,7.0,London Euston,BIRMINGHAM NEW STREET,09/02/2024,15:45:00,17:05:00,17:05:00,On Time,NULL,false
7952a9fd-9006-41a3-ac5e,01/31/2024,16:28:58,Station  ,Credit Card,,Std, Anytime  ,13.0,London Euston,Birmingham New Street,31-01-2024,5:45 PM,7:05 PM,19:05:00,on time,,FALSE
f7f18e04-7479-4f2a-a288,13/02/2024,13:37:21,Online,CC,,Standard,Off-Peak  ,12.0,london st pancras,Birmingham New Street,02/13/2024,3:00 PM,16:20:00,16:20:00,OnTime,,false
9E8B22D4-9712-488D-B9A6,2024-04-20,09:11:31,Station,CREDIT CARD,Disabled  ,First Class  ,Off-Peak,10.0,Liverpool Lime Street,MANCHESTER PICCADILLY  ,20-04-2024,10:30:00,11:00:00,11:00:00,On-Time,,false
dc995a4e-ba23-4b47-a99b,2024/04/28,09:38:06,station,Credit Card,adult,Standrd,Off-Peak,15.0,manchester piccadilly, York,28/04/2024,11:00:00,12:30:00,12:30 PM,OnTime,,no
6b8bcdf3-ca81-4c50-991a,10-03-2024,17:16:29, ONLINE,Credit Card  ,Senior, First Class,Off-Peak,8.0,Liverpool Lime Street,Crewe  ,10-03-2024,18:45:00,19:20:00,7:20 PM, On Time,,FALSE
4711a619-feb2-41d1-b70d,2024-04-14,02:36:53,Online,Contact less,,Standard,Off-Peak,53.0,London Kings Cross,York,"April 14, 2024",4:00 AM,5:50 AM,05:50:00,OnTime,,no
7F80520F-C3ED-4BA8-96D7,10-02-2024,10:33:24,Station,,,Standard,Advance,3.0,Liverpool Lime Street, Manchester Piccadilly,12-02-2024,09:00:00,09:30:00,9:30 AM,On Time  ,,0
416472d8-3c4a-4627-a792,2024/04/24,03:13:47,Online,Credit Card  ,,Standrd, ADVANCE,3.0,manchester piccadilly,Liverpool Lime Street,25/04/2024,01:30:00,2:00 AM,02:54:00,Delayed,Signal Failure  ,Yes
cbdc5d94-606e-450f-be2c,18-03-2024,7:01 AM,Online,Contactless,, Standard  , Anytime,25.0,London Paddington,Reading,2024-03-18,08:30:00,09:30:00,09:30:00,On-Time,,FALSE
19c17636-6cb4-43c0-bc84,04/29/2024,21:45:35,Online,CONTACTLESS,Disabled,Std,Advance,2.0,Liverpool Lime Street,Manchester Piccadilly  ,2024-04-30,8:15 PM,20:45:00,20:45:00,OnTime,,No
6644d59d-9c48-4e4c-a721,2024-04-23,08:21:49,Online,Credit Card,,Standard,Advance,,London Paddington  , Oxford,24/04/2024,7:45 AM,09:15:00,9:15 AM,OnTime,,N
a1aed46b-7f4a-409e-8e7f,03/21/2024,5:47 PM,Station,Credit Card,,Standard,Off-Peak,4.0,Manchester Piccadilly  ,Liverpool Lime Street  ,"March 21, 2024",19:15:00,19:45:00,7:45 PM,On Time,,0
157f11fb-c814-47bb-bc80,02/15/2024,23:10:17,station, Contactless,n/a, Standard, Advance  ,£3.00,Liverpool Lime Street  ,Manchester Piccadilly,2024-02-16,00:30:00,01:00:00,01:00:00, On Time,NULL,FALSE
bcba06e2-4876-43e5-83bc,13-04-2024,14:52:01,ONLINE,Credit Card,,Standard,OFF-PEAK,10.0,London Euston  , Birmingham New Street,2024-04-13,16:15:00,5:35 PM,17:35:00,On Time,,no
b7d5d47e-0b10-40c2-903b,2024-02-22,15:40:34, STATION,Contactless,None,Std,ADVANCE,13.0,London Paddington,Reading,2024-02-23,14:00:00,15:00:00,15:00:00,On Time,,no
2d736bd5-23f3-42ba-aa7a,20/01/2024,13:41:33,online,Contactless,,Standrd,ADVANCE,£8.00,London St Pancras, BIRMINGHAM NEW STREET,21-01-2024,12:00:00,1:20 PM,1:20 PM,On-Time,,No
0cce9d6f-0fc8-4afd-82ad,04/02/2024,09:33:13,Online,Contactless,,Std,Off-Peak,12.0,London St Pancras,Birmingham New Street,2024-02-04,11:00:00,12:20:00,12:20:00,On Time,,No
fbc11415-4d9c-4894-a0c7,2024-01-29,11:36:18, Online,Contacless, Adult, standard,Advance,2.0,manchester piccadilly  ,Liverpool Lime Street,30/01/2024,10:00 AM,10:30:00,10:30 AM,On Time,,FALSE
7cbee88e-f603-4baf-84c0,03/06/2024,12:10:25,Station,CONTACTLESS  , Senior, First Class,Off-Peak,10.0,Manchester Piccadilly  , LIVERPOOL LIME STREET,2024/03/06,13:30:00,14:00:00,2:00 PM, On Time,,false
44264c8a-7159-44b3-a4dc,01/12/2024,21:38:36, Online,credit card,,Std,Advance,7.0,London Euston,Birmingham New Street,01/13/2024,20:00:00,9:20 PM,9:20 PM,ON TIME  ,NULL,0
8bc3b42f-d9f0-49b5-84ca,14-01-2024,22:10:37,STATION  ,contactless  ,,Standrd,advance  ,3.0,Liverpool Lime Street  ,Manchester Piccadilly  ,15/01/2024,8:30 PM,21:00:00,21:00:00, On Time,,false
6081e5b4-e8c5-499b-a8d8,"March 10, 2024",15:08:24,Online,Contactless,adult,Standard  , Advance,-,London St Pancras,Birmingham New Street,2024-03-11,13:30:00,14:50:00,14:50:00,On Time,,FALSE
604c0d72-e478-44df-ac77,2024-01-16,03:07:18,Online  ,Contact less,Disabled,STANDARD,Advance,2.0,LIVERPOOL LIME STREET,manchester piccadilly,17-01-2024,1:30 AM,2:00 AM,02:00:00,On Time,,N
8a60243c-3620-4d70-9d89,2024-03-13,16:10:24,ONLINE,Contact less,,standard,Advance  ,3.0,Manchester Piccadilly,Liverpool Lime Street,2024-03-14,14:30:00,15:00:00,15:00:00,On Time  ,-,FALSE
bae6a0c4-add1-484c-ac7f,2024/03/14,7:18 AM, Online,N/A,,standard,Anytime,25.0,London Paddington,Reading,03/14/2024,07:45:00,08:45:00,08:45:00,ON TIME,,FALSE
faf07d4f-d82a-45af-bbaa,2024-02-02,4:40 AM,online, Credit Card,,Standard  ,advance  ,3.0,liverpool lime street,Manchester Piccadilly,02/04/2024,3:00 AM,03:30:00,3:30 AM,On Time,,n/a
5095569876734b8ebc92,02/11/2024,01:31:49,ONLINE, Credit Card,NULL,Std,Off-Peak,53.0,London Kings Cross,york,2024-02-11,3:00 AM,04:50:00,04:50:00, On Time,,N
675f3fce-d7ff-4c74-8f83,04/10/2024,08:58:11,Station,Contactless,,STANDARD  ,Off-Peak,12.0,London St Pancras,Birmingham New Street,10-04-2024,10:15 AM,11:35:00,11:35 AM,On Time,,FALSE
381de300-bb69-48e4-8a9c,01/16/2024,3:24 PM, Station,Contactless,,Standard,Anytime,70.0,London Kings Cross,York,2024/01/16,17:45:00,19:35:00,19:35:00, On Time,NULL,FALSE
ac4bee77-ca0e-4358-bbf8,06-01-2024,05:05:21,Station,credit card,,STANDARD  ,Off-Peak,12.0,London St Pancras,Birmingham New Street,06-01-2024,6:30 AM,07:50:00,07:50:00,ON TIME  ,,no
7aea20f3-7d5e-469e-85b6,2024-01-29,06:02:33,ONLINE,credit card,,Standrd,Anytime,70.0,London Kings Cross,York,2024-01-29,07:30:00,9:20 AM,09:20:00, On Time,,FALSE
f7ed8bab-e7a7-4fc7-bbdc,04/22/2024,17:21:29,Online  ,Credit Card  ,Senior  ,Standrd,Anytime  ,£11.00,Liverpool Lime Street,Crewe,22/04/2024,18:45:00,19:20:00,19:20:00,On Time,,No
94cbb14b-b271-4e92-8a32,02/02/2024,10:25:27,Online,CONTACTLESS,,Standard,ADVANCE,13.0, LONDON PADDINGTON,Reading,2024/02/14,08:45:00,9:45 AM,None,On Time,,N
2ED99AF2-18A2-447C-A977,2024/01/17,14:18:27,online,CREDIT CARD,Disabled,Standard,Off-Peak,7.0,London Euston,BIRMINGHAM NEW STREET,17-01-2024,15:45:00,17:05:00,17:05:00,On Time,,No
cd06445c-6f95-447c-9d58,2024-01-18,17:44:20,Station, debit card, Disabled,Standard, ADVANCE,4.0,LONDON EUSTON  , Birmingham New Street,2024-01-19,16:00:00,5:20 PM,17:20:00,OnTime,,0
326f5fc2-a5c6-4229-a4d9,2024-01-15,17:20:16,Online,Credit Card,n/a,standard,Anytime,£16.00, london st pancras,Birmingham New Street,15-01-2024,18:45:00,20:05:00,20:05:00, on time,,N
b29185cb-2117-4749-b8ed,02/07/2024,11:54 AM,Online,credit card, adult,Standard  ,Off-Peak,3.0,Liverpool Lime Street,Manchester Piccadilly,07-02-2024,1:15 PM,13:45:00,13:45:00,on time  ,,FALSE
EA596A9B-FD64-4A35-93F4,11/04/2024,3:30 PM,station,N/A,,Standard,Anytime  ,16.0,London St Pancras,BIRMINGHAM NEW STREET,2024-04-11,5:00 PM,18:20:00,18:20:00,OnTime,,false
583197df-73eb-4bc6-86a7,01/24/2024,15:11:58,Station,Contactless  ,,Standard,Anytime,70.0,LONDON KINGS CROSS,york  ,2024/01/24,17:45:00,19:35:00,,Canceled,,N
BEB32A50-14DC-40C7-8F6C,08-04-2024,12:30:08,Station,None,,standard,Off-Peak,19.0,london paddington,Reading,08/04/2024,14:00:00,15:00:00,15:00:00,On Time,,0
a61218e7-3b70-407f-a851,05-02-2024,7:17 AM,Online,Credit Card,,FIRST CLASS,Anytime  ,63.0,London Paddington,Oxford  ,"February 05, 2024",07:45:00,09:15:00,09:15:00,on time,,0
d9862f444d8c48108b4c,22/01/2024,12:40:52,Online,Contacless,,Standard,ADVANCE,8.0,London St Pancras,Birmingham New Street,2024/01/23,11:00:00,12:20 PM,,CANCELLED, technical issue,yes
adceb140-8186-44af-a5b9,2024/01/08,3:00 AM,station,Contacless,,Standard,Off-Peak,12.0,LONDON ST PANCRAS,Birmingham New Street,2024/01/08,4:30 AM,5:50 AM,05:50:00,OnTime,-,0
c72a3e55-b05d-4b0d-baed,02-03-2024,06:01:09,station, Contactless,,Standard,Off-Peak,,LIVERPOOL LIME STREET,Manchester Piccadilly,02/03/2024,07:30:00,8:00 AM,,On-Time,,FALSE
0d708a63-2ec8-4e1b-8760,20-04-2024,18:46:12, Online,Credit Card,,Standard,Advance,35.0,London Kings Cross,York,2024-04-21,5:15 PM,19:05:00,19:05:00,On Time,,
99E17CDC-4998-4AE7-B679,2024/04/09,22:31:23,ONLINE,contactless,adult,1st Class, Advance,36.0,London St Pancras  ,Birmingham New Street,04/10/2024,21:00:00,22:20:00,22:20:00,OnTime,,No
197deff8-e096-45b2-8924,03-02-2024,21:59:54,online, Credit Card,Adult,Standard,Advance,8.0,London Paddington,READING,04-02-2024,20:15:00,21:15:00,9:15 PM,OnTime,,
a35b00ba-dfcb-495b-85df,"February 01, 2024",4:07 PM,Station,NULL,,Standard,Anytime,£5.00,MANCHESTER PICCADILLY,Liverpool Lime Street,02/01/2024,17:45:00,18:15:00,18:15:00,On-Time,,No
5cc76758-2910-4f47-bdf8,2024-01-03,06:39:46,Station,Credit Card,,Standard  ,Anytime,151.00 GBP,Liverpool Lime Street,London Euston,03-01-2024,8:00 AM,10:15:00,11:09:00,Delayed,n/a,no
f00b733e25464cb18580,02/01/2024,14:35:56,Station,debit card  ,DISABLED,STANDARD,anytime,9.0,London Euston,Birmingham New Street,2024/02/01,16:00:00,17:20:00,5:20 PM, ON TIME,,FALSE
ca18c3ad-b168-42a1-8104,2024-03-06,5:24 PM,STATION,,Adult,Standrd,Anytime,N/A,london st pancras,Birmingham New Street,03/06/2024,18:45:00,8:05 PM,,Cancelled,N/A,N/A
e7b9390a-dbb5-4571-92b3,2024-04-27,11:45:25,Station  ,CONTACTLESS,adult,FIRST CLASS, advance,35.0,London Euston,Birmingham New Street,2024-04-28,10:15:00,11:35:00,11:35:00, on time,,false
446a59a4-bf47-43da-8857,2024-03-07,1:54 PM,Online,,, Standard,OFF-PEAK,-12.0,London St Pancras,Birmingham New Street,03/07/2024,15:15:00,16:35:00,16:35:00,On Time,,n/a
f7a6ebf4-5aca-4314-aa19,02/04/2024,10:55:53, online,Contactless, Disabled,Standard, Advance,5.0,London St Pancras,BIRMINGHAM NEW STREET,2024-02-16,09:15:00,10:35 AM,10:35:00, On Time,,FALSE
552daf5b-3418-4369-a8ae,2024-04-16,23:57:49,Station,Credit Card,Adult,Std, ADVANCE,-4.0, London Euston,birmingham new street,17-04-2024,22:15:00,23:35:00,23:35:00,on time,,0
79d478edbd774981bc0d,2024-01-12,15:10:10,Station,Contactless  ,,FIRST CLASS  ,ANYTIME,£114.00, London Kings Cross  ,York,12/01/2024,17:45:00,7:35 PM,,Cancelled  ,Signal Failure,None
5e89f81d-2fac-4c5d-9881,01/02/2024,21:38:33,Online,Credit Card,,standard,Advance  ,13.0,London Paddington,Reading,01/03/2024,20:00:00,21:00:00,21:00:00,On Time  ,,N
c8f616c9-d877-494a-8263,2024-01-16,8:05 PM,Station, credit card,,standard,Off-Peak,-10.0,London Euston,BIRMINGHAM NEW STREET,16/01/2024,21:30:00,10:50 PM,22:50:00,OnTime,N/A,N/A
F657985D-56F5-4572-B655,"January 26, 2024",01:05:20, Station,CC,None,Standard,Advance,13.0,london paddington, reading,27-01-2024,11:30 PM,00:30:00,00:30:00,On Time,,FALSE
F97C787B-1316-4157-9D9B,2024-01-18,01:58:30,STATION,Contactless,-,standard  ,Advance,3.0, liverpool lime street,manchester piccadilly,2024-01-19,00:15:00,00:45:00,12:45 AM,On Time,,0
55abcaa1-c23e-43fb-a17e,17/01/2024,06:44:09,station,CREDIT CARD,,Std,Anytime,n/a,Liverpool Lime Street,London Euston,01/17/2024,8:00 AM,10:15:00,11:13:00,Delayed, WEATHER,-
2278571a-e1cd-46eb-9688,04/02/2024,18:10:34,Online,credit card,,standard,Anytime,31.00 GBP,London St Pancras,Leicester,04/02/2024,18:45:00,7:45 PM,19:45:00,On-Time,,0
8926ece4-9eb7-45d9-ab84,2024-01-28,8:29 AM,Online  ,credit card,,Std,Advance,13.0,London Paddington,Reading,01/29/2024,7:45 AM,08:45:00,08:45:00,On Time,,FALSE
c11d087e-acd6-4e2c-9a0c,04/24/2024,20:25:26,ONLINE,Credit Card,,standard,Advance,6.0,LIVERPOOL LIME STREET,CREWE,2024-04-25,18:45:00,19:20:00,7:20 PM,OnTime,,No
dad6a0b1-a0cd-47c4-99a4,2024/01/14,17:38:09, station, Credit Card,,Standard,Advance,-3.0,Manchester Piccadilly,Liverpool Lime Street,15-01-2024,16:00:00,4:30 PM,16:30:00,On Time  ,,0
b39fda831d184746b870,06-02-2024,6:30 PM, Station,Credit Card,,Standard,ADVANCE,76.00 GBP,Liverpool Lime Street,London Euston  ,02/17/2024,17:00:00,19:15:00,7:15 PM,On Time,,no
ec95c8c4-1ae7-4db9-9d8e,02/03/2024,07:27:11, Online,Credit Card,,standard,Advance,8.0,London St Pancras,Birmingham New Street,02/08/2024,05:45:00,07:05:00,n/a,On Time,,0
d2bcd449-c931-4e62-8b6a,2024/01/03,6:50 PM,Online,Contactless  ,,First class ,off-peak,111.0,BIRMINGHAM NEW STREET,EDINBURGH  ,2024-01-03,8:15 PM,00:45:00,12:45 AM,on time,,FALSE
99b9ca33-509e-449d-9671,2024-03-14,16:07:49,station,Credit Crad,,standard,ANYTIME  ,5.0,Manchester Piccadilly,LIVERPOOL LIME STREET,2024-03-14,17:45:00,18:15:00,18:15:00,On Time,,No
b8f1fa8c-dc5f-4022-a13b,2024-01-26,10:52:50,station,debit card,Adult, Standard,Off-Peak,11.0,BIRMINGHAM NEW STREET,Manchester Piccadilly,01/26/2024,11:15:00,12:35:00,13:20:00,Delayed,TECHNICAL ISSUE  ,TRUE
e79808c9-908a-4ac2-81f1,2024-03-21,02:52:51, STATION,Contactless,, Standard,OFF-PEAK,N/A,Liverpool Lime Street, Manchester Piccadilly,"March 21, 2024",04:15:00,04:45:00,04:45:00,OnTime,,FALSE
73dcd4e2d44f436e9b2b,2024-03-21,09:37:38,Online,CREDIT CARD,,STANDARD,Advance,8.0,London St Pancras  , Birmingham New Street,2024-03-22,08:00:00,09:20:00,09:20:00,On Time  ,,N
41c58db5-9011-4167-85c3,"March 16, 2024",06:00:53,ONLINE,credit card,,Std,Advance,22.00 GBP,BIRMINGHAM NEW STREET, London St Pancras  ,2024-03-17,4:30 AM,05:50:00,5:50 AM,On Time  ,,0
AE473066-73AF-4C9A-8D81,04/29/2024,01:26:31,Online,contactless,Disabled,standard,off-peak,8.0,York,Durham,2024-04-29,23:45:00,12:35 AM,00:35:00,On Time  ,,No
d1a14c59-d401-4f3c-acdb,02-02-2024,09:08:57,Station,CONTACTLESS  ,,Standard,Advance,3.0, liverpool lime street,Manchester Piccadilly  ,2024-02-27,07:30:00,08:00:00,08:00:00,On Time,,no
a1d9e9fb39304d1b90ff,31-03-2024,06:41:20,Station, Credit Card  ,,Standard,OFF-PEAK,£113.00,liverpool lime street,London Euston,03/31/2024,8:00 AM,10:15:00,10:49 AM,delayed  , Weather,no
0d637896-36fa-4ab6-9fa9,06-03-2024,07:22:03,ONLINE,Credit Card, Disabled,Standard  ,ANYTIME,-,LIVERPOOL LIME STREET,Manchester Piccadilly,2024-03-06,08:45:00,9:15 AM,09:15:00,On Time,,no
11c1e2e9-c355-4fe1-acb0,01/19/2024,10:47 PM,Online, Contactless,,Standard,Advance  ,3.0,Liverpool Lime Street,Manchester Piccadilly,20-01-2024,00:15:00,12:45 AM,00:45:00, On Time,,no
443f5e1a-b4c0-4688-9888,20/03/2024,08:09:15,Station,Credit Card,-,standard, Advance,-,BIRMINGHAM NEW STREET,london euston,03/21/2024,06:30:00,07:50:00,07:50:00,OnTime,,0
c8f2eed1-bd18-4ad3-8145,2024-04-11,01:36:57,Online  ,contactless  ,Adult,Std, Advance  ,, Manchester Piccadilly,Liverpool Lime Street,2024-04-12,00:00:00,00:30:00,00:30:00,on time  ,,0
43a6005a-05cb-4b1a-b3a2,24-03-2024,16:07:08,ONLINE,Credit Card,DISABLED, Standard,ADVANCE,NULL,London Paddington, Reading,2024-03-25,2:30 PM,15:30:00,3:30 PM,On Time,,N
f4d14ed3-753c-46cb-81b4,01/02/2024,14:26:49,Station,contactless,,Standrd,Advance,7.0,London Euston  ,Birmingham New Street,2024-01-03,12:45:00,2:05 PM,14:05:00,On Time,,NULL
ccec1f32-e273-4761-9140,29/03/2024,06:40:31,Station,contactless,,STANDARD,Advance,35.0,London Kings Cross,York  ,30-03-2024,05:00:00,06:50:00,06:50:00,On Time,N/A,no
97df57bd-ad10-4cd0-93a7,06-02-2024,04:56:56,Online,,SENIOR, Standard, Anytime,47.0,LONDON KINGS CROSS,York,2024-02-06,6:15 AM,08:05:00,8:05 AM,On-Time,,no
a78c7577-4c56-408e-9949,06-02-2024,07:14:56,Online,Credit Crad,, STANDARD,Advance,22.0,BIRMINGHAM NEW STREET,London St Pancras,02/08/2024,5:30 AM,06:50:00,6:50 AM,On-Time,,0
ed40d4ef-7052-4017-840f,2024-04-15,04:16:54,Station, credit card,, Standard,OFF-PEAK  ,4.0,Manchester Piccadilly  , liverpool lime street,2024-04-15,05:45:00,06:15:00,06:15:00,On Time,,false
